Num_Acc;jour;mois;an;hrmn;lum;dep;com;agg;int;atm;col;adr;lat;long
202400025205;6;3;2024;17:05;1;94;94002;2;3;1;3;Quai Blanqui / Rue du Port à l'Anglais;48,80571000;2,41096000
202400023365;20;12;2024;23:15;5;13;13039;2;1;1;3;JAURES JEAN (Avenue);43,43309000;4,94782000
202400035754;15;1;2024;19:30;5;93;93050;2;1;1;1;Rue Louis Vannini;48,86596000;2,52360000
202400039246;20;2;2024;19:30;2;31;31555;2;1;1;3;ETATS UNIS (AV DES) DU 1AU 281;43,65209300;1,42468300
202400007781;14;9;2024;18:54;1;64;64102;2;1;1;2;SAINTE CROIX (AVENUE DE);43,49995000; -1,45450000
202400014515;19;12;2024;22:49;3;13;13001;1;1;1;2;A8, PK 020.500, S2 ( Nice vers Lyon );43,51217600;5,45653600
202400015815;26;12;2024;23:15;5;72;72181;2;2;1;3;NEGRIER GENERAL (BD) N° PAIRS;48,00802000;0,20766000
202400027017;14;7;2024;14:30;1;74;74005;1;1;1;7;Rue de la gare;46,32485928;6,43546768
202400017645;17;4;2024;20:40;3;973;97302;2;1;2;3;ZEPHIR (ROCADE);4,93456000; -52,30867000
202400029513;23;1;2024;16:35;1;66;66090;1;1;1;1;;42,56186299;2,29141384
202400038795;9;12;2024;11:27;1;76;76351;2;3;1;6;AUGUSTIN NORMAND;49,49227000;0,09777000
202400029331;11;4;2024;09:30;1;69;69034;2;1;1;2;23 Montée des Soldats;45,79743000;4,85493000
202400021380;9;3;2024;07:45;1;13;13210;2;1;1;1;CAPELETTE (AVENUE DE LA);43,27988000;5,41624000
202400012038;22;4;2024;10:22;1;92;92063;2;1;1;3;CORIOLIS (RUE DU MARQUIS DE);48,85777877;2,18640500
202400030061;24;7;2024;10:20;1;26;26115;1;1;1;1;D538;44,70603600;5,00604300
202400035640;21;7;2024;18:45;1;02;02408;2;1;1;3;29 Rue Romanette;49,55070000;3,61057000
202400016786;13;10;2024;18:05;2;71;71201;1;1;1;6;route départementale 983;46,68283300;4,62230400
202400051619;27;10;2024;17:50;2;14;14424;1;1;1;6;Route de Pont-Farcy;48,88820500; -0,98179600
202400033843;16;5;2024;07:35;1;94;94065;2;4;1;2;Avenue Charles Lindbergh / Bretelle A86;48,75390000;2,34830000
202400001671;11;7;2024;13:10;1;81;81271;1;1;1;6;D38;43,76838200;1,72327600
202400018150;2;8;2024;19:20;1;67;67067;1;9;2;7;aire de repos Brumath EST, Autoroute A4, sens Strasbourg vers Paris;48,71965000;7,69591200
202400018672;25;5;2024;17:35;1;76;76351;2;3;1;2;BOIS AU COQ (AVENUE);49,51593100;0,12045500
202400043115;7;1;2024;18:45;4;62;62351;1;1;9;4;A21;50,43268609;2,91496585
202400025297;18;12;2024;18:35;5;29;29019;2;6;2;3;rue Victor Hugo;48,39141100; -4,48032700
202400033142;19;1;2024;11:45;1;03;03229;2;1;1;3;38 rue du bourbonnais;46,67354600;3,41888500
202400043680;14;6;2024;19:00;1;91;91425;2;1;8;6;RTE D ORLEANS RN 20;48,65161000;2,27272000
202400031867;19;1;2024;17:30;2;79;79304;2;2;1;1;;46,28015100; -0,58895900
202400043924;22;8;2024;03:10;5;13;13201;2;1;1;1;BELGES (QUAI DES);43,29708000;5,37436000
202400014758;29;5;2024;10:30;1;75;75116;2;2;8;6;BOULEVARD MURAT;48,84536800;2,25757000
202400031294;2;3;2024;17:20;1;30;30011;1;3;1;3;ARAMON RUE D';43,94750000;4,78618000
202400026444;20;5;2024;08:40;1;971;97113;1;3;1;3;BAS DU FORT;16,22029000; -61,51746000
202400025816;24;1;2024;03:55;5;34;34172;2;4;1;3;CHOLET (RUE DE);43,58530000;3,86960000
202400020745;11;10;2024;22:23;5;10;10387;2;3;1;3;JULES GUESDE (RUE);48,29399000;4,08175000
202400024185;5;9;2024;06:30;2;16;16002;1;1;5;7;N10;46,07539300;0,19523800
202400005990;14;9;2024;19:45;3;51;51298;1;1;1;7;D23;49,02340500;3,71672600
202400002916;11;2;2024;05:45;3;83;83131;1;1;1;1;Route Départementale 554;43,22484900;6,02157500
202400034007;29;8;2024;21:13;5;64;64260;2;3;2;3;LECLERC (BOULEVARD DU GENERAL);43,36618617; -1,76972888
202400044336;1;11;2024;01:25;5;80;80021;2;1;1;2;ABBEVILLE (RUE D');49,90987000;2,25938000
202400033848;8;4;2024;09:10;1;92;92004;2;1;8;7;GRESILLONS ( AVENUE DES  );48,91443905;2,30043626
202400027562;23;1;2024;21:10;5;94;94016;2;3;1;6;Rue du Moulin de Cachan / Rue du Parc de Cachan;48,78915600;2,33357900
202400013898;21;11;2024;18:45;5;13;13214;1;1;1;2;A507 sens Aubagne- Marseille;43,33475000;5,38259000
202400003919;16;9;2024;17:15;1;18;18242;1;1;1;7;;46,83671000;2,94942100
202400036459;18;6;2024;00:30;5;92;92036;2;6;1;6;PIERRE TIMBAUD (RUE) (PAIRS);48,93329682;2,30171299
202400007201;24;4;2024;10:15;1;44;44190;2;1;8;6;341 Route de Clisson;47,18780466; -1,48878567
202400035847;18;7;2024;05:05;2;61;61508;2;1;1;6;D979;48,94163900;0,19672900
202400005266;16;10;2024;18:15;1;42;42157;2;1;1;3;Route de Roanne;46,13011400;4,01628900
202400024889;25;6;2024;23:45;5;92;92040;2;3;1;2;GUYNEMER;48,83105410;2,27887774
202400045260;1;4;2024;01:50;3;91;91617;1;1;1;6;RN6 PROVINCE / RN104 INT;48,63109000;2,51375100
202400044881;1;4;2024;11:10;1;77;77249;1;1;1;6;RN104;48,72828524;2,60506736
202400007625;18;3;2024;01:00;3;29;29207;1;6;1;6;Carrefour de la Vieille Roche.;48,56315678; -3,82994767
202400035607;4;5;2024;13:00;1;33;33314;2;4;3;7;;45,21736200; -0,78084100
202400019246;11;3;2024;15:30;1;75;75120;2;2;2;6;RUE DE BELLEVILLE;48,87544700;2,39793100
202400030987;8;11;2024;15:30;1;33;33522;2;3;1;1;;44,79615000; -0,59232000
202400000587;1;5;2024;09:56;1;54;54447;1;1;1;6;RD 992;48,54385875;6,74208641
202400031296;1;3;2024;17:10;1;83;83098;1;1;1;6;BROSSET (AVENUE DU GENERAL);43,10901460;6,00317627
202400053633;15;8;2024;00:10;3;22;22278;1;1;1;7;ECLUSES (CHEM. DE L');48,52724000; -2,72875000
202400019008;11;3;2024;05:43;3;13;13015;1;1;1;2;A51-Sens Marseille vers Aix en Provence;43,45184294;5,39633709
202400036664;12;12;2024;07:45;2;64;64445;2;2;1;5;MEON DE;43,32088000; -0,37892000
202400040953;4;4;2024;08:55;1;35;35238;2;1;1;1;LORIENT (DE);48,10856011; -1,69935308
202400022469;26;5;2024;02:25;3;77;77192;1;1;1;1;Route département 402;48,70197900;2,91283600
202400035587;20;7;2024;23:45;5;13;13208;2;1;1;1;PERIER (BOULEVARD);43,27877724;5,38132510
202400027321;18;12;2024;15:00;1;37;37261;2;1;1;6;HERPIN (RUE DU DOCTEUR);47,38850687;0,69897294
202400031089;15;12;2024;16:50;2;37;37261;2;2;2;3;DEVILDE (RUE);47,40666620;0,69161260
202400027435;5;3;2024;10:45;1;26;26252;1;1;1;4;Av du President Salvador Allende;44,89195823;4,88031149
202400034378;2;10;2024;19:30;3;14;14534;1;1;1;6;445 Route de Deauville;49,28685700;0,15756400
202400046635;8;1;2024;16:19;1;93;93066;2;9;1;1;Route de la Courneuve;48,93302000;2,37276000
202400011542;15;3;2024;08:20;1;80;80021;2;1;1;3;Rue d'Abbeville;49,90931000;2,26054000
202400035800;7;4;2024;05:10;2;971;97117;1;1;1;6;Néron;16,33780800; -61,39527100
202400022846;27;6;2024;17:35;1;45;45232;2;1;1;3;D920 PR 6 + 370;47,87044000;1,90396000
202400007668;2;7;2024;11:45;1;69;69202;2;2;1;2;Rue Commandant Charcot;45,74957044;4,79567261
202400028105;21;5;2024;08:00;1;93;93053;1;1;8;2;A3;48,88390122;2,46883928
202400020677;25;5;2024;13:10;1;64;64348;2;6;1;2;SANTONA DE;43,32048000; -0,39192000
202400036004;11;5;2024;15:35;1;74;74032;1;4;1;2;Route de Thonon;46,26612400;6,53698900
202400043684;23;8;2024;15:30;1;83;83144;1;1;1;2;A57;43,14345194;6,01305769
202400009119;2;6;2024;15:59;1;57;57487;1;9;1;1;RD157B;49,09831000;6,11799000
202400034861;7;11;2024;21:00;3;93;93066;2;1;2;2;LENINE (AVENUE) NR 2 A 26;48,94299000;2,36368000
202400042618;8;12;2024;18:00;5;57;57752;2;1;1;6;27 Rue de Nancy;49,07422400;7,00774800
202400014862;26;1;2024;09:21;1;32;32115;1;1;5;1;1483 Route de Noulens;43,77560800;0,18230300
202400006661;31;5;2024;23:55;3;83;83096;1;3;1;2;Dn7;43,47374200;5,76632000
202400015460;1;7;2024;11:40;1;13;13106;2;9;1;1;DIDIER TRAMONI (BOULEVARD);43,39873000;5,36597000
202400037023;17;1;2024;17:15;1;34;34157;2;1;1;4;D613;43,43285200;3,59315200
202400035169;15;5;2024;12:00;1;69;69143;2;7;2;6;Quai Pasteur;45,87644000;4,83843000
202400006484;8;2;2024;17:30;2;51;51518;1;1;3;6;A 26, PK 258+100, sens REIMS/CALAIS;49,28790423;3,98455545
202400051391;27;3;2024;12:13;1;974;97411;2;1;1;2;RUISSEAU DES NOIRS (RUE); -20,89194000;55,45276000
202400033535;18;1;2024;16:00;1;85;85234;1;1;1;7;Chemin des prés;46,80942300; -2,02483200
202400034668;10;6;2024;18:40;1;89;89449;2;2;1;2;D606;48,33540900;3,08337600
202400035144;18;2;2024;00:53;5;972;97209;2;1;1;7;BALATA (ROUTE DE);14,65000000; -61,08000000
202400030712;22;6;2024;03:05;5;77;77445;2;1;1;6;ROUGEAU (RUE DE);48,60125000;2,57022000
202400028853;4;2;2024;15:20;1;44;44109;2;1;1;6;Mail Haroun Tazieff;47,24156387; -1,51481939
202400023803;5;9;2024;04:30;3;78;78238;1;1;3;2;A13;48,97055600;1,88496400
202400024992;7;3;2024;14:45;1;66;66136;2;1;1;6;Avenue du LANGUEDOC;42,73261000;2,88955000
202400046193;19;8;2024;16:40;1;95;95424;2;1;1;3;D14;48,99110297;2,20171982
202400038901;14;1;2024;18:55;5;35;35120;2;3;2;3;Rue de Dinan;48,22462300; -1,79467700
202400024446;27;7;2024;10:45;1;974;97411;2;3;1;7;CANAL (CHEMIN DU GRAND); -20,90386000;55,49834000
202400001793;22;3;2024;19:40;3;36;36044;2;4;1;6;219 Rue Combanaire;46,80123025;1,71479121
202400007041;4;6;2024;11:20;1;75;75111;2;3;1;6;RUE DU FAUBOURG SAINT ANTOINE;48,85054300;2,37940100
202400018416;7;9;2024;21:07;3;13;13026;1;1;1;2;A55-Sens Martigues vers Marseille;43,40028669;5,10074129
202400017133;2;7;2024;07:00;1;54;54072;1;1;1;6;D40;48,83777500;6,09297000
202400019829;22;12;2024;02:15;5;75;75105;2;5;3;6;BOULEVARD SAINT MARCEL;48,83687300;2,35218580
202400044729;9;1;2024;15:40;1;31;31555;2;1;1;3;PL JEANNE D ARC;43,60928000;1,44619000
202400007950;25;11;2024;10:27;1;49;49007;2;8;2;3;JEAN XXIII AVENUE;47,44700120; -0,56126565
202400038323;27;10;2024;14:10;1;84;84007;1;1;1;6;C.DE GAULLE (ROCADE);43,94696000;4,84060000
202400040781;9;12;2024;07:55;1;76;76484;1;1;1;4;D18E BRETELLE;49,34075900;1,07340700
202400001567;10;7;2024;19:10;1;2A;2A271;2;1;1;2;RT22;41,95282068;8,78693148
202400024895;14;11;2024;09:50;1;69;69387;2;1;1;6;Avenue Berthelot;45,74110000;4,85492000
202400038669;11;12;2024;18:15;3;61;61421;1;1;1;6;149 Route de la Sélune;48,56094500; -0,77472200
202400018467;7;9;2024;12:40;1;69;69266;2;2;1;3;Rue d'Inkermann;45,76809000;4,86578000
202400004047;16;9;2024;13:24;1;63;63075;2;1;1;2;ROYAT (AVENUE DE);45,77561000;3,06639000
202400048858;28;3;2024;14:00;1;54;54300;2;1;1;6;Rue Lucien Galtier;48,66147000;6,22235000
202400001976;7;7;2024;12:00;1;57;57556;1;1;1;7;D674;49,05861200;6,93645500
202400025172;7;3;2024;10:30;1;75;75114;2;3;1;3;AVENUE DU GENERAL LECLERC;48,82471100;2,32600800
202400005374;19;10;2024;18:13;1;84;84031;2;1;1;2;MISTRAL AVENUE FREDERIC;44,05077000;5,04154000
202400054255;24;10;2024;11:15;1;94;94001;2;3;7;6;Rue Bir Hakeim;48,72756100;2,41873900
202400029999;20;5;2024;08:15;1;31;31254;2;1;1;6;La Pyreneenne;43,54471953;1,50394142
202400007423;19;3;2024;15:00;1;83;83137;2;3;1;3;HERRIOT (AVE EDOUARD);43,12854895;5,89061661
202400005087;5;6;2024;21:35;1;78;78423;2;2;1;3;AUBISQUE (RUE DE L');48,77178000;2,04555000
202400032069;22;7;2024;22:30;5;51;51573;2;1;1;7;CROIX CORDIER (RUE DE LA);49,24613000;3,98914000
202400049569;3;12;2024;18:20;5;83;83029;2;1;1;2;Route de Fayence;43,62384800;6,75111200
202400003086;8;2;2024;21:29;5;57;57672;2;1;1;6;AMERIQUE (CHAUSSEE D');49,37156000;6,16456000
202400011873;12;9;2024;18:15;1;92;92019;2;1;1;2;QUATRE CHEMINS (AVENUE DES);48,77858000;2,27970000
202400009379;5;7;2024;16:30;1;75;75101;2;3;1;3;RUE SAINT HONORE;48,86251800;2,33813000
202400030706;3;7;2024;10:40;1;14;14322;1;2;1;6;Route des Flagues;49,23959700; -0,70353300
202400002495;7;8;2024;18:40;1;58;58185;1;1;1;7;D121;47,15439000;4,12353200
202400008271;26;4;2024;19:10;1;39;39154;2;3;1;3;61 Grande Rue;46,57440400;5,74866600
202400042014;27;9;2024;16:50;1;03;03098;2;1;8;6;Rue de Stalingrad;46,36407000;2,62082000
202400028339;25;7;2024;19:00;1;85;85191;2;9;1;6;Rue jacques cartier;46,67779000; -1,43083000
202400001812;20;3;2024;14:50;1;29;29019;2;2;1;3;rue du Onze Novembre 1918;48,37730600; -4,54363300
202400034363;22;6;2024;03:30;3;45;45166;1;1;3;1;D102 PR 8 + 420;48,01548500;1,79966600
202400053364;12;2;2024;15:00;1;35;35115;2;4;1;3;REPUBLIQUE (PLACE);48,35060000; -1,19568000
202400023790;14;4;2024;00:10;5;75;75102;2;2;1;2;PLACE DE L OPERA;48,87069000;2,33252300
202400038150;27;8;2024;07:35;1;974;97415;2;3;1;3;Rue Gabriel Martin; -20,97749500;55,32864600
202400047754;14;7;2024;04:10;5;75;75116;2;3;1;3;AVENUE DU PRESIDENT KENNEDY;48,85290000;2,28101800
202400017386;20;11;2024;19:30;5;31;31555;2;6;2;3;AV DE REYNERIE;43,56742000;1,40185000
202400016708;30;5;2024;06:30;2;83;83019;1;1;1;1;Avenue Lou Mistraou;43,15155000;6,31410000
202400014598;2;8;2024;07:10;1;974;97416;2;2;1;3;PIOR (RUE HYPOLITTE); -21,29870000;55,45371000
202400021610;17;4;2024;14:15;1;58;58112;1;1;2;1;Lieu Dit le Pont d?Isy;46,97633800;3,35329200
202400001040;11;2;2024;10:10;1;59;59581;1;1;1;4;AUTOROUTE A25;50,69879000;2,79834000
202400052189;29;11;2024;23:25;3;80;80571;1;1;9;6;D14;49,76429500;2,46945100
202400032799;16;12;2024;01:00;3;2A;2A041;1;1;1;6;1639 Cartarana;41,38949100;9,18593800
202400027958;26;7;2024;00:40;5;75;75115;2;1;1;3;BD PERIPHERIQUE EXTERIEUR;48,82579300;2,29959300
202400001373;6;6;2024;13:55;1;30;30347;1;1;1;6;A9 - PK 65+500;43,75090100;4,25406900
202400046493;29;10;2024;20:00;3;78;78646;1;1;1;1;RN12;48,78532400;2,15494900
202400050032;8;6;2024;22:00;1;80;80001;2;9;1;3;Rue Jean Mennesson;50,11561000;1,82616000
202400034438;8;11;2024;07:03;5;93;93030;2;1;2;6;HUIT-MAI-1945 (AVENUE DU);48,94953927;2,43902922
202400018160;23;12;2024;16:25;1;64;64445;2;1;2;2;LOUIS BARTHOU;43,29444000; -0,36993000
202400011401;4;7;2024;13:15;1;92;92049;2;1;1;6;BROSSOLETTE AVENUE PIERRE;48,82194000;2,31372000
202400031155;14;12;2024;11:20;1;69;69169;1;1;2;6;Route de Saint-Just-d'Avray;45,99177400;4,40320000
202400036273;26;8;2024;16:00;1;75;75117;2;1;1;2;BD PERIPHERIQUE INTERIEUR ;48,88332900;2,28432000
202400044641;1;11;2024;04:16;3;11;11332;1;1;1;6;;43,12773500;2,84442000
202400029133;5;3;2024;21:50;3;971;97118;1;1;1;6;route départementale 23;16,20275500; -61,63619800
202400022187;24;7;2024;16:45;1;59;59343;1;1;1;2;AUTOROUTE A1;50,58295075;3,09008033
202400005702;21;3;2024;09:00;1;35;35327;1;1;1;2;N157;48,10326200; -1,46134300
202400018835;12;10;2024;04:00;5;75;75116;2;1;1;5;BD PERIPHERIQUE EXTERIEUR;48,85464000;2,25471100
202400013912;21;11;2024;03:19;3;59;59462;1;1;1;2;AUTOROUTE A1;50,51021450;3,02857140
202400029625;21;1;2024;13:20;1;13;13102;2;1;1;3;CHARLES PEGUY (RUE );43,41455000;5,23410000
202400047790;28;10;2024;18:20;5;47;47027;2;9;1;6;BORDEAUX (avenue de);44,40326000;0,67651000
202400017124;29;6;2024;06:00;2;03;03126;1;6;5;6;d906;46,07340200;3,43608100
202400032448;5;10;2024;05:00;5;91;91425;2;1;1;6;Rue de Montlhéry;48,63928600;2,25356500
202400033012;14;12;2024;17:30;5;93;93050;2;1;1;1;PAUL ET CAMILLE THOMOUX (RUE) COTE IMPAI;48,87517000;2,53047000
202400019137;28;6;2024;18:00;1;29;29232;2;1;1;2;Route de Brest;48,01388000; -4,07987000
202400046165;6;12;2024;07:30;5;94;94022;2;1;1;3;91 Avenue d'Alfortville;48,77325200;2,41475600
202400013632;21;4;2024;20:35;2;37;37122;2;3;1;6;JAURES (BOULEVARD JEAN);47,34807000;0,65835000
202400029104;25;2;2024;22:30;3;36;36005;1;1;1;6;;46,76244300;1,82608000
202400010728;29;7;2024;12:15;1;65;65059;1;1;1;7;RD 29, route de Lesponne, PR 007.500, lieu-dit LESPONNE;42,98028100;0,10922000
202400048385;29;10;2024;18:40;3;91;91534;1;1;1;4;RN 118;48,72300000;2,16772000
202400031353;20;1;2024;00:25;5;75;75111;2;2;1;2;AVENUE DE LA REPUBLIQUE;48,86527800;2,37450100
202400039783;19;7;2024;22:45;3;24;24273;1;1;1;6;Route des Quatre Communes;44,81308000;0,80680800
202400038803;4;11;2024;11:15;1;73;73065;2;2;1;3;GAMBETTA LEON (BOULEVARD);45,57335097;5,91548815
202400005654;20;3;2024;18:20;1;94;94081;2;1;1;4;Avenue du Moulin de Saquet;48,78861000;2,37632000
202400046049;13;6;2024;09:15;1;988;98814;1;1;1;5;Luecila (Tribu); -20,88453000;167,23818000
202400033177;16;5;2024;14:30;1;94;94028;2;1;1;6;Rue de Brie;48,78441500;2,47002700
202400009635;3;7;2024;19:35;1;91;91549;2;1;1;2;CORBEIL (ROUTE DE);48,64639000;2,33520000
202400015014;14;10;2024;01:25;5;69;69034;2;1;1;1;Avenue Général Leclerc;45,80368000;4,86133000
202400034240;3;10;2024;14:02;1;51;51454;2;2;1;3;LEMOINE (RUE DE DOCTEUR) DU N°2 AU 78 (P;49,26834000;4,03523000
202400020580;30;7;2024;13:10;1;75;75114;2;1;1;4;BD PERIPHERIQUE INTERIEUR;48,82294800;2,31295100
202400021395;8;3;2024;15:56;1;75;75119;2;3;1;3;AVENUE JEAN JAURES;48,88612200;2,38308400
202400042666;1;11;2024;15:10;1;91;91097;2;1;1;3;AV DU GAL CHARLES DE GAULLE;48,68000000;2,53000000
202400010414;4;2;2024;09:30;1;974;97416;1;1;1;7;RN1 (ROUTE NATIONALE); -21,31220000;55,43688000
202400005730;7;7;2024;01:00;3;31;31036;1;1;2;1;Route de Revel;43,53150800;1,57574400
202400048898;28;3;2024;10:45;1;41;41018;2;1;1;6;MERMOZ (RUE JEAN);47,59913000;1,31854000
202400010675;6;8;2024;20:20;1;64;64391;1;1;1;1;Départementale 2 point repère 49+920;43,26825300; -0,81805800
202400048949;29;3;2024;14:50;1;29;29232;2;6;2;2;Rond-Point de Troyalac'h;47,97821030; -4,02114783
202400053218;20;9;2024;00:35;3;92;92072;2;4;1;7;GRANDE RUE;48,82756670;2,22539619
202400050502;26;10;2024;19:25;5;54;54395;2;1;1;6;Rue Molitor;48,68562000;6,19463000
202400005437;20;3;2024;21:12;5;45;45247;2;3;1;3;D94 PR 3 + 999;48,01043900;2,69315800
202400049705;5;6;2024;14:00;1;59;59497;1;1;1;2;131 Rue de Therouanne;50,72341600;2,38550300
202400016421;9;9;2024;12:20;1;44;44131;1;1;1;4;Route Bleue;47,12428600; -2,10421400
202400046768;7;1;2024;15:25;1;69;69388;2;1;1;3;Rue Saint Nestor;45,74353623;4,86486539
202400003929;17;9;2024;16:00;1;71;71176;2;3;1;2;11 Rue des Blattiers;46,49108800;4,00287500
202400011038;1;6;2024;15:10;1;94;94075;2;1;2;3;37 Route de la Grange;48,73336300;2,51579700
202400023802;26;1;2024;09:10;1;78;78672;1;1;8;4;A13;48,92982900;1,98424000
202400021348;9;7;2024;18:34;1;55;55122;1;1;1;6;D964;48,77626306;5,56852646
202400045645;21;2;2024;18:30;3;80;80500;2;1;2;3;;50,01285500;1,60988300
202400000709;30;4;2024;17:16;1;71;71153;2;1;8;6;MITTERRAND (AVENUE FRANCOIS);46,80664000;4,43050000
202400045444;9;5;2024;15:00;1;30;30130;1;1;1;7;Pont de Rastel;44,31770700;3,96635400
202400034662;21;6;2024;16:40;1;76;76463;1;1;1;7;D1;49,42737800;1,67935900
202400004265;28;4;2024;17:40;1;58;58086;1;1;1;2;A77 au PK 105+800;47,37347700;2,92330700
202400032157;29;8;2024;21:00;2;10;10387;2;6;1;3;GEORGES POMPIDOU (RUE);48,29639000;4,09480000
202400039742;25;8;2024;12:20;1;80;80415;2;3;1;3;Rue de la Tour;49,75287300;2,60691900
202400032498;22;6;2024;15:00;1;44;44007;1;1;1;6;rue de redon;47,64901200; -1,99569200
202400028202;27;7;2024;10:30;1;971;97118;1;1;1;5;Route de la Traversee;16,20989400; -61,62707800
202400018667;27;5;2024;18:00;1;84;84007;2;1;2;4;CHARLES DE GAULLE;43,93770000;4,83200000
202400000891;11;8;2024;01:08;5;67;67462;2;1;1;6;STRASBOURG (ROUTE DE);48,26320000;7,44983000
202400037463;14;1;2024;00:10;3;974;97407;2;6;1;6;ROND POINT CITE RN4; -20,95429849;55,30848630
202400037317;6;5;2024;21:15;3;61;61079;1;1;1;6;Voie Communale;48,22413600;0,72508600
202400020331;1;9;2024;23:35;5;30;30189;2;3;1;3;SAUVE (ROUTE);43,83660000;4,33760000
202400032966;8;11;2024;10:35;1;75;75120;2;2;8;6;RUE ORFILA;48,86666700;2,39710600
202400019305;11;3;2024;18:05;3;93;93072;2;3;2;3;Boulevard Maxime Gorki / Avenue Gaston Monmousseau;48,94767600;2,38637300
202400024703;8;10;2024;12:05;1;61;61006;2;6;1;3;Intersection D924 / D158;48,74150200; -0,02528400
202400018456;7;9;2024;19:45;1;77;77276;1;1;1;6;RD 360;48,91663000;2,88007000
202400011547;4;7;2024;22:30;3;26;26179;2;3;1;5;Route de Tain;45,10253702;4,88370180
202400007452;4;3;2024;10:40;1;55;55545;2;1;1;7;METZ ( AVENUE DE );49,15064051;5,39776593
202400044293;15;6;2024;05:20;2;86;86036;1;1;1;3;D39;47,08483800;0,06196700
202400031185;2;3;2024;21:00;3;75;75116;2;1;2;2;BD PERIPHERIQUE INTERIEUR;48,87357800;2,27529500
202400006986;4;2;2024;01:15;5;972;97209;2;1;1;1;BISHOP (Avenue Maurice);14,60555965; -61,05954708
202400030038;25;7;2024;10:45;1;65;65291;1;1;1;7;Route de Berbérust;43,06326000; -0,03672500
202400026861;26;6;2024;09:45;1;63;63096;2;2;1;6;rue Martagere / rue de la Côte;45,74946800;3,30243200
202400045639;12;2;2024;18:30;5;79;79208;1;1;1;7;;46,66537200; -0,15544500
202400007593;6;7;2024;16:00;1;973;97309;2;3;1;1;Route de Suzini;4,92240647; -52,29055032
202400007529;19;3;2024;16:10;1;75;75106;2;4;1;6;BOULEVARD RASPAIL;48,84522600;2,32847400
202400044076;22;8;2024;11:30;1;11;11439;1;1;1;1;D213;43,31753600;2,10212800
202400028266;26;7;2024;19:30;1;27;27312;2;2;2;3;rue des osiers/rue de l'ancienne abbaye;49,04535100;1,30896100
202400041488;10;5;2024;19:10;1;85;85128;2;3;7;1;Rue du président de gaulle;46,45705500; -1,18025200
202400042190;29;9;2024;19:30;3;83;83049;2;1;1;6;Avenue des Bousquets;43,22310900;6,07159000
202400019999;6;9;2024;20:48;5;93;93001;2;6;1;3;SAINT DENIS (RUE DE);48,92195018;2,37420896
202400012957;30;5;2024;18:15;1;83;83123;2;1;1;3;HUIDE (CHEMIN DE) N° IMPAIRS;43,12776000;5,79911000
202400004156;28;11;2024;13:35;1;51;51454;1;1;1;2;RN 44 (de Cambrai à Chalons);49,22472000;4,10859000
202400009135;17;10;2024;17:10;1;56;56121;2;6;1;3;Boulevard Eugène Cosmao-Dumanoir;47,75262000; -3,37742000
202400033856;17;1;2024;21:20;5;31;31555;2;6;2;2;RUE DU DR MARCEL BOUVIER;43,62312650;1,45430781
202400014479;27;12;2024;23:22;3;44;44108;1;1;1;6;25 Rue  Saint Martin;47,13560000; -1,27950600
202400043048;11;5;2024;06:00;2;12;12096;1;1;1;1;RD 920 - PK 004+300;44,49970400;2,73438300
202400031621;9;4;2024;08:40;1;92;92048;1;1;1;3;N118;48,79291841;2,21929169
202400014432;1;2;2024;17:00;1;35;35238;2;1;1;3;PATTON (AVENUE DU GENERAL SIR GEORGES);48,13727000; -1,65864000
202400031701;17;5;2024;18:51;3;988;98818;2;1;2;6;VE1; -22,26299000;166,44280000
202400026832;15;6;2024;18:25;3;974;97405;1;1;2;1;Rue Maxime Payet; -21,37030500;55,58176500
202400053700;1;1;2024;21:17;3;34;34032;1;1;1;2;A75;43,35897400;3,26702400
202400044147;27;9;2024;17:05;1;71;71433;1;2;1;4;D985;46,36942490;4,25541312
202400016146;26;12;2024;13:55;1;91;91064;1;1;1;6;RN 118;48,74376800;2,19001000
202400024148;25;1;2024;09:10;1;75;75108;2;2;1;3;RUE DE MONCEAU;48,87941400;2,31429500
202400038018;1;10;2024;18:25;1;06;06027;2;3;1;6;Rue Louis Négro;43,66460000;7,15150000
202400029720;11;4;2024;08:20;1;13;13005;1;2;1;3;D396;43,30874000;5,60804300
202400014145;28;12;2024;14:00;1;94;94038;1;1;1;3;A6B;48,77727970;2,34594496
202400038874;10;12;2024;12:30;1;75;75108;2;7;1;2;BOULEVARD DE COURCELLES;48,88051400;2,30974300
202400027539;12;4;2024;19:05;1;33;33529;2;1;1;7;;44,64616400; -1,16405073
202400017347;13;3;2024;17:10;1;71;71029;1;1;1;6;D73;46,85348200;5,35571200
202400036051;27;8;2024;08:11;1;67;67296;2;4;1;3;Rue Principale;48,61390842;7,69078642
202400042187;10;6;2024;19:35;2;81;81055;1;1;1;6;RD 629;43,42828380;2,05621810
202400045131;7;1;2024;02:55;3;50;50218;1;1;2;6;CRETE  (RUE DE LA);48,82252700; -1,57463430