Num_Acc;jour;mois;an;hrmn;lum;dep;com;agg;int;atm;col;adr;lat;long
202400041075;11;5;2024;17:50;1;69;69149;2;1;1;3;103 Rue Emile Zola;45,71970000;4,80061000
202400015915;26;12;2024;12:00;1;94;94058;2;1;1;6;Avenue Ledru-rollin;48,84085000;2,49790000
202400035374;16;1;2024;07:30;5;91;91521;2;2;8;6;COPERNIC (RUE);48,65001400;2,40091600
202400009063;16;10;2024;07:47;1;971;97101;1;3;1;3;ROUTE DE BOISVINS;16,26524780; -61,48090839
202400043156;9;1;2024;00:05;5;94;94028;1;1;4;6;RN406;48,77671246;2,44308921
202400033007;13;12;2024;16:50;1;94;94043;2;1;1;6;Avenue de Fontainebleau;48,81257188;2,36144149
202400014529;5;8;2024;09:05;1;71;71481;1;2;1;3;D906;46,19795000;4,76361900
202400012051;23;4;2024;18:30;1;76;76054;1;1;1;6;D149;49,90954700;1,38120900
202400043623;24;8;2024;13:50;1;68;68329;1;1;1;4;D417;48,06911800;7,04854000
202400020945;8;8;2024;17:36;1;38;38169;2;9;1;3;BOULEVARD PAUL LANGEVIN;45,19562000;5,67465000
202400042269;26;9;2024;21:15;3;70;70433;1;1;9;6;D76;47,56603700;6,23007400
202400043341;24;2;2024;14:45;1;26;26118;1;1;2;1;330 Route de Lapeyrouse;45,31097900;4,93620300
202400031665;17;5;2024;19:30;1;13;13015;1;1;1;2;A51-Sens Marseille vers Aix en Provence;43,42801022;5,38616758
202400021861;13;4;2024;18:06;1;51;51454;2;1;1;7;ESCAUT (RUE);49,24761700;4,06772400
202400042989;7;5;2024;17:00;1;02;02168;1;1;1;2;;49,05074000;3,38561000
202400022418;25;5;2024;20:00;1;63;63265;1;3;1;3;Puy Renard;45,84398400;3,42865200
202400011225;15;3;2024;10:40;1;40;40110;2;1;1;6;place de l'hotel de ville;43,63993724; -0,37827403
202400011709;22;4;2024;08:30;1;75;75114;2;3;1;6;RUE LIANCOURT;48,83502100;2,32406100
202400003228;21;10;2024;17:00;1;973;97302;2;3;1;3;SAINT ANTOINE (CHEMIN);4,93206000; -52,29717000
202400044023;23;8;2024;18:30;1;86;86001;1;1;1;6;Lieu Dit la Gigardeau;46,27700400;0,80545500
202400026538;8;10;2024;12:15;1;82;82187;1;1;1;6;Route de l’Aveyron;44,16389000;1,91810100
202400001640;24;3;2024;05:55;5;42;42279;2;2;2;3;Route de Saint-Étienne;45,51276400;4,26828500
202400021430;8;3;2024;16:40;1;59;59653;2;1;1;7;Rue du Marais de la Ville;50,56225300;2,92838100
202400022499;29;7;2024;08:28;1;92;92036;1;6;1;3;MARCEL PAUL (AVENUE) (52/102);48,93987656;2,30356264
202400050582;27;3;2024;07:55;1;29;29019;2;6;1;3;avenue Georges Clemenceau;48,39133000; -4,48838000
202400014280;10;9;2024;10:25;1;75;75114;2;7;1;6;BOULEVARD DU MONTPARNASSE;48,84354400;2,32467200
202400016760;29;5;2024;08:55;1;77;77517;1;1;2;2;A104.INT;48,90843855;2,63820456
202400044193;1;11;2024;21:40;4;973;97309;1;1;1;3;Route de la Matourienne;4,88190900; -52,29251300
202400052106;16;8;2024;17:00;1;29;29057;1;1;2;1;rue Neuve;47,91700319; -3,97045224
202400048473;23;9;2024;09:00;2;35;35281;2;3;2;7;MERMOZ (BOULEVARD JEAN);48,09657419; -1,69193881
202400023595;19;12;2024;18:25;1;974;97407;1;1;1;5;ROUTE NATIONALE N° 1; -20,94886000;55,32176000
202400024949;13;11;2024;15:20;1;62;62108;2;6;1;3;Rond Point du Marquenterre;50,40300000;1,59239000
202400022969;27;6;2024;20:00;1;2A;2A006;1;1;1;6;D81;41,97660100;8,78022200
202400050576;27;3;2024;17:30;1;30;30007;2;1;1;7;DUMAS (AVE JEAN-BAPTISTE);44,13178000;4,07836000
202400043960;14;6;2024;09:25;1;75;75115;2;3;2;3;RUE FALGUIERE;48,83711200;2,31066100
202400002593;28;4;2024;05:15;3;987;98714;2;1;1;6;nunue; -16,38800000; -151,76500000
202400012691;15;8;2024;09:47;1;84;84031;1;1;1;2;D942;44,04632000;5,02397000
202400027238;5;3;2024;22:20;3;78;78238;1;1;2;6;A13;48,97067100;1,87908200
202400017355;20;11;2024;09:47;1;45;45234;2;1;1;6;9 Avenue des Droits de l'Homme;47,91591000;1,92389000
202400024607;9;10;2024;17:45;1;34;34295;1;3;1;7;M5e3;43,56479000;3,80357100
202400029742;21;1;2024;15:00;1;31;31547;1;2;1;3;D50;43,50428600;1,24834300
202400049218;3;1;2024;12:40;1;67;67482;2;3;2;6;LAUSANNE (RUE DE);48,57639000;7,75707000
202400012052;11;9;2024;14:20;1;93;93066;1;1;1;7;AUTOROUTE A86;48,92418411;2,34161019
202400037427;6;4;2024;01:30;5;75;75116;2;1;1;6;AVENUE DU PRESIDENT KENNEDY;48,85704400;2,28676300
202400031414;10;4;2024;17:44;1;75;75102;2;2;1;2;BOULEVARD DES ITALIENS;48,87189500;2,34000000
202400048122;19;8;2024;14:23;1;92;92051;2;2;1;3;RICHARD WALLACE (BOULEVARD);48,87623949;2,24641353
202400050266;10;6;2024;19:30;1;30;30028;2;1;1;3;PONT SAINT ESPRIT (ROUTE DE);44,17480000;4,62001000
202400031928;19;1;2024;18:30;3;91;91547;1;2;5;3;ANGERVILLE (ROUTE D');48,41402000;1,96659600
202400046903;30;3;2024;15:05;1;77;77284;2;1;1;6;ALLENDE (AV.SALVADOR);48,95466900;2,89382900
202400031949;17;5;2024;07:35;1;17;17306;2;1;8;3;AMPERE;45,63180000; -1,00244000
202400050581;4;5;2024;12:20;1;57;57463;2;1;1;6;GEORGES CLEMENCEAU (BOULEVARD );49,10946500;6,16335300
202400030957;16;12;2024;19:26;3;31;31567;1;3;1;3;Route de Castres;43,59413000;1,66829100
202400034844;7;11;2024;20:20;5;75;75111;2;1;1;3;BOULEVARD VOLTAIRE;48,85132200;2,39097800
202400006559;6;2;2024;13:20;1;89;89024;2;1;1;3;HAUSSMANN (AVENUE);47,81038000;3,57134000
202400030974;9;11;2024;11:00;1;45;45234;2;3;7;6;2 Place Albert Camus;47,83523000;1,93586000
202400032723;14;12;2024;21:36;3;44;44153;1;1;1;7;;47,69449800; -1,44992200
202400041563;24;8;2024;05:40;2;59;59512;2;9;1;3;Boulevard de Fourmies;50,67651000;3,17972000
202400039756;19;7;2024;17:50;1;52;52271;1;1;1;7;D1;48,08058800;5,34963400
202400005937;10;6;2024;15:10;1;93;93063;2;1;1;3;Rue Gabriel Husson;48,88281566;2,43640427
202400011477;4;7;2024;18:45;1;03;03144;1;1;1;7;D15;46,39409800;3,76384500
202400029254;4;3;2024;11:30;1;78;78350;2;1;1;3;CONTI (QUAI);48,87656100;2,11682900
202400020322;6;9;2024;18:40;1;37;37261;2;1;1;6;ARSONVAL (AVENUE ARSENE D');47,35574000;0,70127000
202400049148;23;9;2024;07:10;2;75;75108;2;2;2;7;AVENUE DES CHAMPS ELYSEES;48,86880497;2,31015408
202400051103;12;7;2024;12:10;1;92;92044;2;2;8;3;ARISTIDE BRIAND(RUE)51A83  54A96;48,89361704;2,29112247
202400040327;10;12;2024;07:20;5;92;92023;2;9;5;3;PORTE DE TRIVAUX (RUE DE) N°57 A 197 ET;48,79110895;2,26016700
202400035853;7;4;2024;16:22;1;91;91689;1;1;1;2;AUTOROUTE A6;48,74023724;2,31816101
202400044386;30;10;2024;12:30;1;64;64445;2;2;1;3;STANISLAS LAVIGNE;43,31227000; -0,37316000
202400039661;19;7;2024;14:30;1;72;72183;1;9;1;3;lieu dit les petits bournais;47,71674934;0,56842446
202400026525;9;10;2024;10:40;1;15;15066;1;1;2;7;RD 17;45,10436000;2,66427500
202400029646;20;1;2024;17:25;5;75;75112;2;1;1;2;BD PERIPHERIQUE EXTERIEUR;48,83017100;2,40218800
202400006469;9;8;2024;04:15;5;47;47027;2;1;1;6;BORDEAUX (avenue de);44,40449000;0,66942000
202400019243;11;3;2024;10:30;1;75;75106;2;7;1;3;PLACE SAINT MICHEL;48,85377619;2,34426588
202400040713;3;11;2024;22:00;5;92;92024;2;6;1;6;GENERAL LECLERC (BD DU) (9 A 59)   (4 A;48,90295192;2,31326848
202400021938;30;7;2024;15:40;1;93;93064;2;1;1;6;Boulevard d'Alsace-lorraine;48,88589900;2,47679700
202400053388;13;2;2024;10:20;1;34;34172;2;1;1;3;MENDES FRANCE (AVENUE PRESIDENT PIERRE;43,60740200;3,91739700
202400038473;4;11;2024;09:30;1;13;13103;2;1;1;2;AVENUE MICHELET;43,64048400;5,08464357
202400032547;21;6;2024;12:26;1;973;97302;1;1;8;7;ROUTE NATIONALE 3;4,90379000; -52,31641000
202400006584;26;11;2024;11:20;1;69;69091;2;1;1;6;Rue Jean Ligonnet;45,59457000;4,76986000
202400007003;3;6;2024;08:55;1;62;62108;2;1;1;3;Rue Alfred Lambert;50,40928436;1,56674731
202400014166;27;12;2024;03:26;5;2B;2B033;2;9;1;2;11 - RT;42,66635000;9,44270000
202400022478;29;7;2024;08:50;1;94;94041;2;1;1;3;Boulevard Paul Vaillant Couturier;48,81951926;2,39637324
202400042184;15;6;2024;15:20;1;82;82113;1;1;1;3;Route Départementale 20;44,20391200;1,40041400
202400017283;30;6;2024;19:15;1;14;14117;2;1;1;7;90 Avenue Charles de Gaulle;49,28549600; -0,13912700
202400050287;21;9;2024;23:20;5;75;75105;2;4;1;3;RUE GAY LUSSAC;48,84122600;2,34363300
202400035433;15;1;2024;12:40;1;69;69290;2;2;2;1;Avenue de la Gare;45,69025000;4,93721000
202400038864;6;12;2024;05:00;5;75;75117;2;3;1;3;ECHANGEUR CLICHY;48,89640200;2,31032600
202400053453;2;12;2024;08:29;1;44;44094;1;2;1;3;Route de Saint-Mars-du-Désert;47,34106200; -1,40738700
202400036455;1;10;2024;00:20;5;72;72181;2;1;1;6;BARTHOLDI FRED AUGUSTE (AV) PAIRS;48,01800000;0,15300000
202400052837;1;12;2024;12:30;1;75;75115;2;3;1;3;AVENUE FELIX FAURE;48,84012600;2,28541500
202400022002;26;1;2024;18:25;1;973;97302;2;3;1;3;MANGO (ROUTE);4,93189027; -52,31772467
202400039770;10;6;2024;11:00;1;74;74081;2;3;1;3;19 Rue marcellin berthelot;46,06049400;6,57857900
202400010442;18;10;2024;19:15;5;74;74010;2;6;1;6;RHONE (AVENUE DU);45,89859000;6,11837000
202400009799;25;11;2024;07:25;4;62;62510;2;9;2;6;Rue Jules Ferry;50,42907000;2,74951000
202400006703;7;2;2024;19:20;5;06;06069;2;2;1;3;Boulevard Commandant Autran;43,66262000;6,93377000
202400024009;28;7;2024;11:30;1;05;05068;2;1;1;7;D211;44,50651051;6,11104050
202400003273;6;6;2024;19:20;1;75;75116;2;1;1;3;ALLEE DES FORTIFICATIONS;48,85133200;2,25901500
202400045613;12;6;2024;20:40;1;22;22278;2;1;1;6;CITE (PL. DE LA);48,51427000; -2,74082000
202400041819;17;7;2024;13:30;1;11;11262;2;1;1;5;;43,19906000;2,97145000
202400041387;19;7;2024;00:15;3;65;65288;2;1;1;6;6 CHEMIN DE CASTETS;43,31016700;0,29831500
202400005771;15;9;2024;21:15;3;93;93066;1;1;1;2;AUTOROUTE A1;48,90515615;2,35842786
202400054098;16;7;2024;17:15;1;29;29117;1;2;1;3;Lieu Dit Kerveur;48,56157000; -4,51318100
202400052356;25;10;2024;22:45;5;30;30007;2;1;2;7;GAGARINE (AVE YOURI);44,13110000;4,09705000
202400041719;24;2;2024;17:30;1;22;22305;1;1;2;1;Kergoet;48,27400900; -2,18268200
202400022154;26;1;2024;20:37;5;63;63113;2;5;2;6;JOUHAUX (BD LEON);45,79250000;3,11793000
202400042218;16;6;2024;18:20;1;25;25315;1;1;1;3;voie communale n°7;47,43237700;6,59216200
202400050191;3;12;2024;11:45;1;31;31555;2;1;2;2;BD PIERRE PAUL RIQUET;43,60654700;1,45582710
202400022086;15;4;2024;19:16;1;01;01374;1;1;1;1;Chemin du Pavillon;46,11855500;5,30112900
202400033962;29;8;2024;17:45;1;69;69387;2;1;1;5;Avenue Jean Jaurès;45,74331000;4,84055000
202400052064;13;2;2024;17:35;1;49;49007;2;1;1;3;PASTEUR;47,48130000; -0,52395000
202400006654;10;8;2024;20:09;1;76;76487;1;1;1;3;D1;49,80027700;1,31570400
202400026742;13;11;2024;20:13;5;2A;2A004;2;2;1;3;NAPOLEON COURS AVANT BEVERINI;41,91984000;8,73681000
202400053752;11;7;2024;00:40;3;93;93048;1;1;1;2;AUTOROUTE A86;48,86456714;2,48230399
202400045930;30;10;2024;22:05;3;78;78029;1;1;1;3;A13W;48,96558000;1,84914000
202400006479;6;2;2024;00:37;3;28;28364;1;1;1;1;D111;48,16904400;1,55091000
202400031163;2;3;2024;12:15;1;974;97409;2;1;1;2;Salazie (route de); -21,00146000;55,59060000
202400001389;30;11;2024;17:05;1;987;98729;1;1;2;1;PK 7.800 District de Patae - Afareaitu; -17,54535300; -149,77961500
202400022256;23;1;2024;17:45;5;06;06027;2;1;1;4;Promenade de la Plage;43,65230000;7,15440000
202400039494;21;2;2024;11:00;1;11;11069;2;1;1;6;;43,21110700;2,37619600
202400004837;31;8;2024;14:56;1;74;74099;2;2;1;1;106 Route de sallanches;45,86890800;6,62843000
202400000213;23;3;2024;18:44;2;27;27379;1;1;1;1;D14;49,37657800;1,67905300
202400028078;2;9;2024;11:25;1;93;93051;2;1;1;6;ARCADES (VOIE);48,83980000;2,54485000
202400000081;1;5;2024;18:05;1;69;69382;2;1;1;6;3 Rue de la Barre;45,75779000;4,83500000
202400035782;2;2;2024;16:55;1;74;74281;2;1;1;3;CORNICHE (BD DE LA) INFERIEUR N°20;46,37135000;6,47241000
202400024222;4;9;2024;21:30;3;2A;2A041;2;1;1;6;D60;41,41031900;9,18349200
202400044884;10;1;2024;08:05;1;973;97309;2;3;1;1;Route de Montjoly (rd1);4,91729101; -52,27683038
202400039194;13;1;2024;19:20;3;36;36018;2;4;9;3;Rue de la Trimouille;46,62263217;1,05278536
202400050579;28;3;2024;15:30;1;29;29232;2;1;2;6;Rue Saint Julien;47,99270000; -4,09142000
202400006289;25;11;2024;07:25;5;78;78089;2;3;2;3;Avenue Aristide Briand;49,03583800;1,57481000
202400002727;3;11;2024;16:00;1;88;88487;1;1;1;5;D157;47,95602600;6,45210700
202400034480;2;10;2024;18:11;2;77;77288;1;1;1;3;D 605;48,54286000;2,68061000
202400017966;25;12;2024;12:00;1;66;66217;2;7;1;3;avenue canterana;42,61121200;2,80803700
202400022782;27;8;2024;19:20;2;83;83126;2;6;1;6;MERLE (BD TOUSSAINT);43,10109000;5,88836000
202400048118;24;9;2024;16:10;1;24;24354;1;1;1;6;D730;45,12041621;0,06465465
202400024494;22;5;2024;16:20;1;75;75117;2;4;1;6;AVENUE DE LA PORTE DE CLICHY;48,89616100;2,31027800
202400002494;29;11;2024;15:30;1;42;42181;2;8;1;3;Rue Jean Jaurès;45,98789000;4,21605700
202400022241;5;9;2024;08:00;1;45;45234;2;6;2;1;Rue du Chapeau Rouge;47,87980000;1,88540000
202400052798;13;2;2024;07:20;1;974;97411;2;1;1;6;MONTHYON (RUE); -20,88685000;55,46183000
202400004673;10;8;2024;19:45;2;22;22135;1;1;1;6;Lieu Dit Kermaria;48,57505800; -3,37793600
202400014899;15;10;2024;09:00;1;33;33009;2;4;2;7;;44,65653880; -1,16414502
202400016649;13;4;2024;18:20;1;42;42218;2;2;1;3;Cours Victor Hugo;45,43270000;4,38820000
202400029453;11;4;2024;18:35;1;37;37195;2;1;1;6;PAGNOL (PLACE MARCEL);47,38948000;0,65986000
202400037474;14;5;2024;07:25;1;92;92036;1;1;3;7;AUTOROUTE A15;48,94917898;2,28036318
202400039724;26;8;2024;23:55;3;33;33519;1;1;1;2;;44,90206900; -0,68480000
202400052040;9;6;2024;03:15;4;22;22278;2;3;1;3;GAMBETTA (BD);48,51861000; -2,75685000
202400052551;20;9;2024;13:35;1;54;54395;2;2;1;3;Rue du Manege;48,69218000;6,18704000
202400036451;8;11;2024;04:20;3;03;03290;1;1;5;2;Nationale 7;46,64597500;3,27164100
202400040676;3;11;2024;13:00;1;13;13056;2;1;1;2;KLEBER QUAI JEAN BAPTISTE;43,40587094;5,05624795
202400039394;19;2;2024;18:00;1;16;16015;2;8;1;6;BORDEAUX (ROUTE DE N° IMPAIRS);45,63871000;0,12987000
202400028797;12;11;2024;17:20;5;92;92026;2;1;1;3;VERDUN (DE 62 A FIN);48,89921942;2,26198711
202400041508;25;2;2024;07:30;2;91;91225;1;1;2;2;N6;48,66353400;2,51416400
202400036643;19;6;2024;10:40;1;93;93005;1;1;1;3;A3;48,95091347;2,47454259
202400004129;16;9;2024;16:50;1;11;11262;2;1;1;2;63 Avenue de Bordeaux;43,18178000;2,98475000
202400029082;10;7;2024;14:50;1;13;13004;1;1;7;2;D570;43,64222100;4,56436900
202400038250;18;6;2024;22:30;5;75;75117;2;5;1;6;BOULEVARD GOUVION SAINT CYR;48,88223400;2,28629200
202400011459;4;7;2024;12:40;1;67;67463;1;1;1;7;D752;48,91350000;8,10794800
202400025729;23;1;2024;16:55;1;91;91027;2;1;1;3;RTE NATIONALE 7;48,70577500;2,37144900
202400051125;28;3;2024;06:51;2;09;09269;1;1;1;6;d117;42,99402100;1,54637900
202400031230;3;3;2024;00:01;5;987;98748;1;1;1;2;PK 2.300 TOAHOTU; -17,76498049; -149,31403398
202400028986;11;11;2024;15:00;1;01;01381;1;3;1;6;Saint-Nizier-le-Désert;46,03831200;5,14894000
202400020261;27;1;2024;23:55;5;83;83069;2;2;1;3;AVENUE RITONDALE LEOPOLD;43,11351000;6,12992000
202400035076;29;2;2024;17:50;2;988;98818;2;4;1;6;RUE DE PAPEETE/RUE HYPPOLITE EMILE LOISEAU; -22,24332000;166,44144000
202400012839;31;5;2024;17:30;1;75;75118;2;2;1;6;RUE DES POISSONNIERS;48,88827900;2,35148500
202400016755;29;5;2024;09:20;1;92;92025;1;1;1;3;A86;48,93500468;2,25929339
202400000645;13;8;2024;10:47;1;42;42187;2;5;1;6;Avenue de Paris;46,04203000;4,07302000
202400034335;3;10;2024;17:00;1;92;92012;2;1;1;2;JEAN JAURES (BOULEVARD) 2/68 - COTE PAIR;48,84421884;2,23759130
202400040794;10;12;2024;15:05;1;89;89380;1;1;1;2;autoroute A6 pk 110.500;48,05860000;3,09300000
202400013374;13;3;2024;15:05;1;973;97302;2;1;1;6;MOLE;4,93607727; -52,33240306
202400039565;12;5;2024;16:08;1;26;26138;1;1;1;4;Autoroute A7;44,38673800;4,73113800
202400014586;27;12;2024;08:50;1;93;93066;1;1;1;2;AUTOROUTE A1;48,92985457;2,36307976
202400030554;22;6;2024;01:00;5;06;06004;2;1;1;3;1422 Route de Grasse;43,59589910;7,09134570
202400004422;11;8;2024;08:05;1;94;94034;1;1;1;2;A6A;48,75120273;2,32960518
202400006162;15;9;2024;17:45;1;38;38412;2;3;1;5;D520;45,38858800;5,72425800
202400040593;5;11;2024;10:20;1;38;38565;1;1;1;7;D3;45,27942400;5,62461900
202400047310;20;8;2024;18:24;1;51;51263;1;1;8;1;chemin forestier;48,87394600;3,70461300
202400003654;7;7;2024;10:00;1;76;76473;2;1;1;6;Rue du Petit Pont;49,49666800;0,75962800
202400007221;20;10;2024;15:40;1;66;66215;1;1;1;6;D2;42,71060900;2,49694300
202400001139;6;6;2024;01:00;5;33;33063;2;3;1;6;;44,83511000; -0,56434000
202400017835;23;12;2024;17:40;5;75;75120;2;1;1;2;BD PERIPHERIQUE INTERIEUR;48,85724000;2,41402500
202400001487;23;10;2024;10:35;1;93;93001;2;1;1;3;LEOPOLD RECHOSSIERE (RUE)  (RESTE);48,91347442;2,39381594
202400009026;19;10;2024;15:25;1;17;17308;2;2;1;4;Avenue de Villeneuve;45,87137700; -0,96008300
202400010461;29;10;2024;13:20;1;42;42305;2;1;1;5;Rue Jean Rostand;45,47218000;4,43947000
202400047402;12;6;2024;10:09;1;38;38151;2;3;1;6;AVENUE DES F.T.P.F.;45,14803655;5,72420955
202400026961;12;11;2024;16:30;1;83;83143;1;1;1;1;D562;43,45013100;6,09492300
202400045820;12;6;2024;14:05;1;92;92025;2;1;1;1;VALMY (BD DE);48,93089940;2,25520442
202400018866;12;10;2024;14:15;1;21;21298;1;1;8;2;A6;47,32681000;4,48497500
202400027396;23;1;2024;06:30;5;59;59512;2;9;1;6;Boulevard de Fourmies;50,67617287;3,18052631
202400038656;5;11;2024;20:30;3;58;58215;1;1;5;6;D243;47,29442500;2,93918600
202400031989;17;5;2024;18:55;1;09;09013;1;1;8;4;20 (R.N.) TUNNEL;42,97406200;1,62273100
202400018387;31;7;2024;15:55;1;67;67482;2;1;1;3;ZURICH (RUE DE);48,58109000;7,75637000
202400019233;20;11;2024;06:00;1;973;97305;1;1;1;5;Macouria;4,94234200; -52,41457000
202400044774;3;4;2024;07:30;2;07;07339;1;1;2;1;D104;44,66301299;4,45153702
202400008851;5;2;2024;09:15;1;13;13203;2;1;1;6;MATHIEU STILATTI (RUE);43,30922065;5,37656959
202400038562;11;12;2024;08:00;5;35;35051;2;1;1;6;DOMLOUP (ROUTE DE);48,11377190; -1,59081690
202400012084;12;4;2024;19:30;5;973;97309;2;3;1;3;Route de Rémire;4,89889483; -52,27388665
202400049502;29;3;2024;19:30;1;33;33318;1;1;1;4;;44,78806000; -0,63244000
202400011484;1;6;2024;16:30;1;72;72126;1;2;1;3;Intersection D21 / C3;48,02942000; -0,09871100
202400032426;2;10;2024;16:55;1;94;94068;2;2;1;3;Quai du Petit Parc;48,81296600;2,47977100
202400041255;10;5;2024;17:00;1;13;13028;2;1;1;3;LAMARTINE (BOULEVARD JEAN);43,17889000;5,60807000
202400000999;9;2;2024;17:15;1;83;83087;1;1;2;5;D560;43,38540200;5,74900400
202400001166;7;6;2024;19:45;1;17;17274;2;9;1;3;GRANDE RUE   RUE;46,15200000; -1,10400000
202400028517;6;10;2024;19:20;2;27;27375;2;1;2;7;DUNANT (AVENUE HENRI);49,20997000;1,17089000
202400051778;27;3;2024;09:00;1;35;35238;2;1;2;2;ARMORIQUE (BD D');48,13127000; -1,67418000
202400046616;28;10;2024;15:30;1;67;67482;2;3;1;3;CHAMPS (RUE DES);48,59430000;7,72335000
202400043631;15;7;2024;20:25;1;59;59375;2;1;1;6;ORCHIES CD 957 (ROUTE D');50,41136000;3,27333000
202400010997;1;6;2024;22:30;5;13;13210;2;1;1;2;CAPELETTE (AVENUE DE LA);43,27911000;5,41349000
202400000730;13;8;2024;12:20;1;93;93066;2;1;1;3;Boulevard Carnot;48,93842700;2,35300800
202400001222;6;6;2024;20:30;1;94;94011;2;3;1;6;Mail de la Résistance / Rue Jean Macé;48,76598000;2,48521000
202400031868;8;4;2024;08:44;1;49;49007;2;3;1;3;LIONNAISE;47,47635000; -0,56311000
202400032701;9;11;2024;17:00;5;94;94034;1;1;1;2;A86;48,75858429;2,32546118
202400052408;30;11;2024;16:00;1;56;56098;2;1;8;2;Sortie parc des expos;47,77823800; -3,35326800
202400017769;30;1;2024;18:45;5;62;62193;2;1;1;6;D940;50,95245152;1,83180196
202400034495;8;11;2024;21:30;3;62;62748;1;1;1;1;D218;50,97189000;2,12267900
202400018484;1;8;2024;08:03;1;75;75116;2;5;1;6;CHAUSSEE LA MUETTE;48,85826200;2,27261100
202400020001;23;12;2024;18:23;5;42;42180;1;4;2;3;Route de Curraize;45,58952000;4,14659100
202400031169;2;3;2024;15:15;1;83;83069;2;1;1;6;OLBIA  (VOIE);43,11346000;6,12873000
202400047085;8;5;2024;17:50;1;60;60313;1;1;1;2;D12;49,36302828;2,24714184
202400044842;9;5;2024;22:25;3;07;07058;1;1;1;6;D5;44,55203800;4,28945300
202400037271;5;4;2024;17:30;1;45;45234;2;1;8;4;46 Rue du Faubourg Bannier;47,90969000;1,90083000
202400016752;29;5;2024;09:32;1;94;94076;1;1;8;3;A6B;48,79081730;2,34457243
202400025229;8;3;2024;06:10;2;2A;2A189;1;1;1;1;RT 40;41,69743000;8,90381800
202400007709;6;7;2024;00:45;5;63;63113;2;3;1;3;BARBUSSE (RUE HENRI);45,78269000;3,08657000
202400028878;8;11;2024;06:14;3;78;78506;1;1;2;3;D177;48,49122700;1,80630600
202400024654;8;10;2024;14:40;1;54;54197;1;1;8;6;A330;48,63380671;6,18197680
202400017478;20;11;2024;10:15;1;92;92036;2;1;1;2;FOSSE BLANC (RUE DU) (1/145);48,92542216;2,30751559
202400028028;22;1;2024;15:15;1;06;06069;2;1;1;6;Avenue Antoine de Saint Exupéry;43,66525000;6,93850000
202400038686;9;10;2024;14:10;1;78;78206;1;4;3;1;RUE DE LA REPUBLIQUE;48,95187400;1,91287600
202400032988;8;11;2024;10:40;1;75;75109;2;3;1;3;RUE HENRY MONNIER;48,88001500;2,33732400
202400026046;27;7;2024;13:30;1;37;37261;2;9;2;3;DESLONDAINS (RUE ADRIEN);47,39055000;0,67265000
202400013452;26;6;2024;17:00;1;976;97611;2;1;1;6;mamoudzou centre-Haladi Selemani ( rue ); -12,77956000;45,22752000
202400018276;23;12;2024;15:15;1;75;75116;2;1;1;5;ROUTE DE SEVRES A NEUILLY;48,85997000;2,23704000
202400006651;30;8;2024;18:10;1;13;13202;1;1;1;6;A55-Sens Marseille vers Martigues;43,33007200;5,35510400
202400019818;27;1;2024;14:30;1;972;97209;1;1;1;6;REDOUTE (ROUTE DE LA);14,63443000; -61,05472000
202400043438;18;8;2024;23:40;3;84;84099;1;1;1;2;5828 Route de Gordes;43,86675200;5,11803000
202400024732;8;10;2024;09:20;1;29;29232;2;1;1;2;Boulevard de Creac'h Gwen;47,97530100; -4,09776800
202400054306;24;3;2024;12:35;1;44;44184;2;2;1;3;52 Rue du Maine;47,27758000; -2,21096000
202400038908;13;1;2024;16:23;1;82;82037;2;1;1;6;Boulevard Léonce Granié;44,16154800;1,53601300
202400047885;12;7;2024;17:54;1;31;31547;1;2;1;1;Route de Saint Lys;43,50427400;1,24821400
202400035470;29;2;2024;16:46;1;38;38353;2;1;1;1;Chemin des acacias;45,41714100;4,75767000
202400032054;29;8;2024;16:10;1;987;98735;2;1;1;3;CLEMENCEAU (RUE BLOC CHIN LOY); -17,53551000; -149,55741000
202400016115;9;9;2024;20:30;5;77;77389;1;9;8;4;GENERAL LECLERC(AVENUE DU);48,51780000;2,65518000
202400019905;26;1;2024;15:50;1;59;59431;2;1;1;1;MOULIN  (RUE DU);50,70058000;2,84656000
202400035139;17;5;2024;12:10;1;34;34022;2;1;1;3;12 Allée de la Mésange;43,65626300;4,00888700
202400039809;19;7;2024;17:30;1;78;78133;1;1;1;4;A13;48,89117100;2,00946700
202400016414;8;9;2024;10:52;1;25;25367;2;2;1;3;43 Rue de Beaulieu;47,44460800;6,81658500
202400031738;25;7;2024;08:45;1;32;32107;1;1;1;5;Route d?Agen;43,96229500;0,38713400
202400054052;13;2;2024;14:45;1;971;97112;1;1;1;4;route des basses;15,87083400; -61,28511800
202400013833;23;11;2024;08:35;2;31;31587;2;3;1;1;1011 Route de Castelnau;43,76858700;1,39713000
202400029761;21;1;2024;12:50;1;76;76689;1;9;1;7;Route de Bois-Mare;49,72255100;0,52238700
202400053720;2;5;2024;16:50;1;94;94002;2;2;3;6;Rue Paul Vaillant Couturier / Rue du Mal de Lattre de Tassigny;48,80017000;2,42257000
202400040056;25;8;2024;19:40;1;07;07204;1;1;1;1;Départementale 21;44,97762900;4,43648600