Num_Acc;jour;mois;an;hrmn;lum;dep;com;agg;int;atm;col;adr;lat;long
202400017163;2;7;2024;00:15;5;06;06088;1;1;1;2;Bretelle Sortie N°50 A8 - Route de Grenoble (Provenance Cannes) sud;43,66975000;7,20127000
202400004061;28;4;2024;16:30;1;974;97416;1;1;1;6;CONCESSION CONDE(CHEMIN); -21,29832000;55,49826000
202400053691;1;5;2024;23:52;5;94;94003;2;3;2;6;Avenue Gabriel Péri / Rue de l'Etoile;48,80243159;2,34385264
202400034979;13;12;2024;18:55;3;79;79303;1;1;1;7;;46,37500700; -0,10028300
202400048668;5;5;2024;22:25;5;92;92023;2;9;1;3;GENERAL DE GAULLE (AV DU) N°130 A 340 ET;48,78343224;2,24666825
202400051506;14;2;2024;12:50;1;47;47252;1;9;1;2;D911l;44,39969000;0,61004400
202400053497;13;8;2024;13:10;1;56;56098;2;1;1;6;Rue Rouget de l'Isle;47,77859000; -3,34714000
202400045956;26;9;2024;20:35;3;77;77249;1;1;1;6;A104;48,72957631;2,60792961
202400006384;8;8;2024;09:00;1;84;84007;2;1;1;2;C.De GAULLE (Rocade);43,93859000;4,78379000
202400017040;10;3;2024;21:50;5;94;94028;2;2;1;3;Rue Pasteur Vallery Radot / Avenue des Petites Haies;48,78816000;2,44095000
202400025778;3;9;2024;20:00;1;80;80021;2;1;1;2;Place Alphonse Fiquet;49,89079000;2,30633000
202400042362;8;12;2024;18:39;5;76;76498;2;2;8;6;Avenue des Allies;49,42475000;1,05583000
202400006557;9;8;2024;18:45;1;75;75119;2;1;1;2;BD PERIPHERIQUE EXTERIEUR;48,90035500;2,38210300
202400027310;16;12;2024;17:40;5;44;44109;2;1;1;6;16 Rue Eugène Delacroix;47,22294000; -1,59034000
202400038820;10;12;2024;07:30;2;63;63113;2;3;1;6;rue de Chalonnax / rue de la Fontaine du Large;45,79218000;3,09171000
202400028450;7;10;2024;11:45;1;13;13041;1;1;1;1;D46a PK 0+450;43,46507900;5,46894900
202400009870;13;9;2024;09:00;1;93;93064;2;1;1;2;MAUNOURY (RUE DU MARECHAL);48,87141691;2,48316217
202400025387;6;3;2024;15:00;1;69;69034;2;1;1;6;Quai Clemenceau;45,79212000;4,82415000
202400029110;16;12;2024;14:00;1;91;91228;2;1;8;6;RUE DE L ECOLE;48,61826200;2,43290800
202400006632;8;8;2024;10:10;1;92;92050;2;2;1;3;JOILIOT CURIE F. ET IRENE AVENUE N°IMPAI;48,88881004;2,20320627
202400026940;24;6;2024;07:55;2;49;49023;1;2;1;1;La Croix qui Chante (Calvaire);47,16072300; -0,84058300
202400021525;21;12;2024;12:30;1;93;93074;1;1;1;2;Route Nationale 3;48,93459000;2,57978000
202400028984;18;9;2024;15:45;1;39;39494;1;1;1;3;;46,58887400;5,92092100
202400011276;16;3;2024;13:39;1;2B;2B120;1;1;1;2;11 - RT;42,65176000;9,44097000
202400006546;8;8;2024;11:00;1;08;08105;2;1;1;6;36 Rue de Warcq;49,76361000;4,69961000
202400022983;26;6;2024;15:42;1;39;39491;2;1;1;6;6 Route de Ravilloles;46,41613400;5,80832400
202400023767;26;1;2024;16:15;1;13;13014;1;1;1;1;D21B;43,51305660;5,12423587
202400049023;13;7;2024;19:41;5;973;97302;1;6;1;3;MARINGOUINS (ROND-POINT);4,90698000; -52,32233000
202400017964;19;4;2024;06:20;5;81;81081;2;1;1;6;D85;43,49544500;2,15132500
202400001585;9;7;2024;10:30;1;44;44069;2;1;2;6;3 avenue de la brière;47,33083800; -2,42370400
202400035205;5;4;2024;15:00;1;25;25057;2;1;1;6;Rue de la Vieille Eglise;47,53183400;6,79889500
202400009469;15;3;2024;18:45;5;88;88304;2;2;3;3;3 Rue de l’Abbe Germini;48,30364700;6,13436800
202400047001;8;5;2024;15:50;1;49;49138;1;1;7;7;A 85;47,44837710; -0,17704728
202400005372;19;10;2024;18:20;1;91;91521;2;1;2;1;LIBERATION (AVENUE DE LA) N°28 A 84;48,65182000;2,41387000
202400004245;28;11;2024;17:05;2;75;75115;2;1;1;1;RUE DE LA CONVENTION;48,84234900;2,28515300
202400049455;30;3;2024;10:00;1;80;80474;1;1;2;6;A29;49,83507600;2,92139800
202400047869;29;10;2024;16:40;1;22;22278;2;1;2;6;MER (BD DE LA);48,52102000; -2,74390000
202400046044;5;12;2024;11:15;1;07;07102;2;1;1;6;LANGUEDOC (Rue du);44,92756000;4,86312000
202400021378;9;3;2024;19:38;5;13;13215;2;1;3;1;MIMET (CHEMIN DE);43,38323000;5,35851000
202400023606;14;4;2024;16:45;1;63;63113;2;1;1;1;CHARTOIRE (BD LOUIS);45,80173972;3,14574838
202400031786;18;1;2024;23:30;5;93;93051;2;3;8;3;Rue des Hauts Roseaux / Rue Jules Ferry;48,84783600;2,57652700
202400041562;2;7;2024;21:40;3;988;98831;1;1;1;7;lieu dit bébé polo fatanaoué; -20,88944700;164,69137800
202400041196;27;2;2024;18:10;5;92;92020;2;1;1;3;PERI RUE GABRIEL;48,80276000;2,28802000
202400013376;13;3;2024;13:00;1;973;97302;2;1;2;3;HOMAT(CITE);4,92682000; -52,31935000
202400008977;3;6;2024;08:45;1;75;75115;2;1;1;3;RUE GASTON BOISSIER;48,82934100;2,29496900
202400048100;5;12;2024;17:34;3;35;35032;2;6;2;3;1 Allée de Belle Ile;47,99549455; -1,62146375
202400030370;6;10;2024;23:30;3;22;22081;1;1;1;6;D80;48,50851600; -2,66886200
202400029117;6;3;2024;05:25;3;42;42304;1;1;1;1;Chemin de la Petite Plaine à la Grande Plaine;45,53135000;4,19781800
202400011888;22;4;2024;23:00;5;69;69383;2;2;1;6;Avenue Félix Faure;45,75449000;4,86606000
202400024453;28;7;2024;00:20;5;69;69034;2;1;1;6;Rue de l'Avenir Croix-Roussien;45,79130000;4,84074000
202400034049;18;7;2024;15:00;1;06;06150;1;1;1;7;1801 Avenue de Cap d'Ail;43,72896400;7,39294100
202400035891;28;8;2024;10:20;1;59;59650;2;1;7;6;DELORY (RUE GUSTAVE);50,70247000;3,21542000
202400035885;28;8;2024;18:58;1;64;64024;2;6;1;3;BAB (Boulevard);43,49709000; -1,50856000
202400039912;18;7;2024;19:00;1;33;33063;2;4;1;2;;44,85177000; -0,59048000
202400032052;22;7;2024;16:45;1;64;64445;2;4;7;3;TRAN;43,29684000; -0,37389000
202400004230;15;9;2024;23:40;5;92;92007;2;3;1;6;PARTICIPATION (RUE DE LA);48,79600331;2,31853209
202400012404;31;12;2024;01:30;5;80;80799;1;6;1;7;aire de repos de VILLERS BRETONNEUX;49,85471100;2,51919500
202400024842;26;6;2024;14:00;1;75;75115;2;2;1;6;RUE DE LA CROIX NIVERT;48,84234900;2,29416000
202400013299;3;7;2024;00:20;5;93;93010;2;1;1;3;Chemin du Pont;48,90843187;2,48982942
202400051405;2;12;2024;20:05;5;38;38185;2;1;2;6;COURS DE LA LIBÉRATION ET DU GÉNÉRAL DE;45,16920000;5,71285000
202400006389;25;5;2024;18:50;1;93;93029;2;2;1;3;Rue Ambroise Thomas / Rue Jules Verne;48,92227720;2,42026538
202400033374;3;4;2024;17:30;1;17;17351;1;1;1;7;D123;45,82286300; -1,06887100
202400043657;13;6;2024;07:20;1;973;97302;2;1;2;3;MANDELA  (BOULEVARD);4,93815000; -52,32625000
202400049882;14;7;2024;04:40;2;89;89298;2;3;1;6;;48,05557300;3,14596300
202400030517;5;10;2024;16:00;1;03;03103;1;1;1;1;Chemin des Pinguelles;46,32508300;3,79780900
202400037436;26;2;2024;17:15;1;69;69290;2;1;1;2;Route d'Heyrieux;45,68367000;4,95169000
202400002778;9;2;2024;23:14;4;973;97302;1;1;1;6;ROUTE NATIONALE 3;4,90473002; -52,31870234
202400019662;24;12;2024;17:15;3;60;60589;1;1;2;4;Route departemental 44;49,20522000;2,46468200
202400048101;29;10;2024;08:20;1;93;93001;2;1;1;3;VICTOR HUGO (AVE)  => N° 129;48,91400000;2,38100000
202400003438;6;6;2024;19:40;1;62;62471;2;4;1;6;D198;50,67182900;2,24340000
202400036317;30;9;2024;08:50;1;06;06152;1;6;1;3;Route du Parc;43,61660800;7,03811900
202400023078;15;11;2024;13:50;1;54;54395;2;1;1;2;Avenue Général Leclerc;48,68236000;6,18406000
202400044126;6;6;2024;17:00;1;31;31410;2;1;1;1;Route de Saint-Loup-Cammas - RD77;43,70343200;1,46671800
202400051663;21;9;2024;14:15;1;29;29019;1;6;1;2;D112;48,41511000; -4,47976000
202400031834;1;9;2024;18:10;1;03;03212;2;1;1;1;Rue du Plan d'Eau;46,33118000;2,51355200
202400034219;29;8;2024;20:50;2;31;31424;2;1;1;1;Rue du Docteur Charcot;43,59155400;1,29590900
202400052474;20;9;2024;22:03;5;67;67218;2;8;1;6;STRASBOURG (AVENUE DE);48,54552000;7,73841000
202400034961;10;12;2024;17:10;5;26;26011;2;1;1;3;Rue Charles Chapoutat;44,71609600;5,05230700
202400032508;21;6;2024;16:45;1;64;64313;1;3;1;1;RD8;43,27626800; -1,10747300
202400018999;12;3;2024;07:30;1;13;13211;1;1;1;5;A50-Sens Marseille vers Aubagne;43,29207811;5,45266634
202400008344;26;11;2024;11:35;1;34;34113;2;3;1;6;Avenue de Montpellier;43,50142200;3,71527800
202400035452;16;1;2024;13:50;1;64;64269;1;6;1;3;BEARN DU;43,30176000; -0,30814000
202400023710;6;9;2024;08:14;1;45;45232;1;1;1;2;A71 PR 105 + 469;47,84440000;1,86617700
202400030924;16;12;2024;08:30;1;75;75118;2;2;2;3;BOULEVARD NEY;48,89760200;2,32901200
202400004610;17;8;2024;14:20;1;92;92064;2;1;3;3;MONT VALERIEN;48,85501448;2,21550548
202400006780;19;11;2024;10:30;1;75;75107;2;4;2;7;BOULEVARD SAINT GERMAIN;48,85978300;2,32204000
202400015278;14;3;2024;00:07;3;38;38565;1;1;1;6;3917 Avenue du 11 Novembre;45,26562600;5,65518600
202400005315;22;10;2024;19:20;3;68;68253;1;1;8;3;A 36 PK 114.000;47,78434574;7,47661652
202400047043;13;6;2024;09:35;1;94;94002;1;1;1;3;A86;48,77615440;2,42762751
202400039601;25;8;2024;00:38;3;58;58131;2;1;1;6;rue de plouzeau;47,08295200;3,20109800
202400010946;1;6;2024;22:20;5;78;78168;2;9;2;6;Route nationale 10;48,74898000;1,92582000
202400005564;7;7;2024;06:15;5;2B;2B033;2;1;1;1;TUNNEL;42,69457000;9,45245000
202400037285;15;5;2024;07:35;1;36;36034;2;1;1;2;Rue de Beauregard;47,25512042;1,64928282
202400013729;22;11;2024;11:30;1;92;92051;2;9;1;6;CHARLES DE GAULLE (AVENUE, N° 18 A 116);48,87988809;2,27668628
202400007064;20;10;2024;16:35;1;75;75109;2;2;1;3;RUE LA FAYETTE;48,87431040;2,33814240
202400017833;17;4;2024;22:30;5;75;75116;2;3;1;6;SQUARE ALBONI;48,85777300;2,28554100
202400009069;3;6;2024;06:00;2;92;92064;1;1;1;3;A13;48,83812303;2,19111804
202400024412;22;5;2024;19:55;1;76;76351;2;1;1;3;JULES GUESDE (RUE);49,51063400;0,11931600
202400004879;8;2;2024;08:55;1;73;73008;2;6;1;7;D991 Av Alsace Lorraine;45,69428703;5,90861499
202400010154;15;9;2024;11:05;1;74;74166;1;1;1;1;route de thonon;46,38128800;6,51288600
202400036483;6;11;2024;17:30;5;62;62318;2;2;1;3;Avenue du Vieux Moulin;50,51823600;1,65157000
202400032550;21;6;2024;19:15;1;69;69381;2;1;1;2;Rue de la Martinière;45,76822267;4,82928566
202400025895;23;1;2024;15:45;1;94;94080;2;1;2;6;Rue Diderot;48,85049881;2,44506113
202400043065;10;1;2024;13:30;1;973;97304;1;3;1;3;Route Degrad Saramaca;5,13793900; -52,71708800
202400015790;19;4;2024;16:55;1;54;54526;2;1;3;4;boulevard du millenaire;48,68165500;6,21592500
202400023059;6;11;2024;12:30;1;62;62510;2;1;1;6;Rue d'Artois;50,43712000;2,78457000
202400043497;16;7;2024;11:30;1;84;84031;2;1;1;6;COUBERTIN AVENUE PIERRE DE;44,03449000;5,05794000
202400008741;6;2;2024;09:05;1;91;91161;1;1;1;4;AUTOROUTE A6;48,69870000;2,31324000
202400000226;24;3;2024;05:00;3;93;93005;1;1;8;2;A1;48,95729336;2,46118963
202400043583;2;4;2024;15:35;1;92;92050;2;1;1;3;LIBERTE AVENUE DE LA;48,88862386;2,20906806
202400000665;1;5;2024;03:00;3;974;97411;1;9;1;6;VINH-SAN (BLD 1 DU PRINCE); -20,88550000;55,43986000
202400031300;10;4;2024;10:00;1;29;29232;2;1;2;6;Route de Douarnenez;47,99853441; -4,12689746
202400040375;7;12;2024;10:10;1;31;31045;1;1;3;3;D26;43,03837900;0,63534600
202400052707;12;2;2024;09:15;1;78;78322;1;1;1;4;RN12 EXT;48,78652102;2,15182364
202400025951;13;4;2024;00:02;5;974;97407;2;9;1;2;RUE SULLY PRUD'HOMME; -20,94023000;55,30811000
202400051286;15;2;2024;20:00;5;92;92062;2;1;1;7;BOULEVARD CIRCULAIRE;48,89386391;2,23597380
202400016947;13;10;2024;11:25;1;93;93053;2;1;1;6;ANATOLE FRANCE (RUE);48,88617613;2,44575763
202400009846;13;9;2024;10:20;1;75;75104;2;2;1;3;QUAI HENRI IV;48,85082534;2,36144632
202400012825;31;5;2024;12:55;1;25;25056;2;1;3;1;RIVOTTE  FAUBOURG;47,23137000;6,03578000
202400010017;24;4;2024;16:05;1;14;14543;1;1;1;6;Rue de Neuf Mer;49,22922900; -0,48263700
202400030403;14;7;2024;12:45;1;74;74278;2;3;1;3;25 Route du plan;46,08182700;6,53821700
202400026199;29;8;2024;18:30;1;48;48009;1;1;1;6;D3;44,65392500;3,29292100
202400026518;7;10;2024;08:35;1;92;92020;2;6;8;7;VERDUN AVENUE DE;48,80069652;2,28344589
202400020627;26;5;2024;17:35;1;92;92036;1;1;1;6;AUTOROUTE A86;48,93871924;2,30981521
202400018798;11;10;2024;16:55;1;54;54547;2;1;1;3;Rue de Norvège;48,66610000;6,18233000
202400016181;24;12;2024;10:00;1;59;59527;2;1;1;6;Rue Sainte-Hélène;50,65835700;3,05709000
202400039997;14;6;2024;16:25;1;80;80308;2;1;2;6;Rue Ferdinand Buisson;50,06073100;1,60823100
202400006514;6;8;2024;17:00;1;15;15014;2;6;1;3;RD 120;44,92227000;2,42778000
202400019254;29;6;2024;20:20;1;92;92032;2;1;1;3;LANGEVIN PAUL (AVENUE);48,78337000;2,28436000
202400018057;8;9;2024;19:30;3;974;97413;1;1;1;1;départementale 13 - ravine des poux; -21,17530300;55,30822300
202400046876;7;5;2024;21:40;5;92;92040;2;1;1;6;RODIN (BOULEVARD);48,82010811;2,26122057
202400026496;7;10;2024;17:15;1;75;75117;2;2;2;4;RUE GUERSANT;48,88310000;2,28752900
202400042825;10;1;2024;01:10;3;54;54091;1;1;1;2;Autoroute A 31;48,94617123;6,11172438
202400037637;19;7;2024;19:15;5;974;97415;2;1;1;3;route de l'éperon; -21,04391000;55,25764000
202400042774;11;1;2024;22:50;3;94;94073;2;2;1;2;Carrefour des Trois Communes / Avenue de la République;48,77313100;2,39859400
202400011869;23;11;2024;13:50;1;13;13209;1;1;8;7;COL DE LA GINESTE D559;43,23878000;5,47969000
202400029022;19;12;2024;04:10;3;66;66165;1;1;2;6;;42,65248800;2,54626400
202400029756;1;9;2024;16:05;1;75;75114;2;1;1;3;BOULEVARD BRUNE;48,82636100;2,31108600
202400006922;27;11;2024;16:15;1;19;19272;2;1;1;6;République (Quai);45,26637000;1,77069000
202400022571;23;5;2024;12:00;1;22;22278;2;1;1;1;MONGE;48,50203000; -2,73878000
202400003759;22;3;2024;01:04;5;06;06088;2;1;1;7;Promenade des Anglais;43,69427000;7,25771000
202400010254;22;4;2024;07:50;1;70;70550;2;3;8;3;Rue André Maginot;47,61940000;6,14806000
202400012688;17;8;2024;09:50;1;84;84031;2;1;1;3;NOTRE DAME DE SANTE AVENUE;44,06024000;5,04876000
202400044859;2;4;2024;07:47;2;91;91689;1;1;1;5;AUTOROUTE A6B;48,74620000;2,32570000
202400045449;12;6;2024;17:20;1;64;64129;2;1;2;7;JEAN MERMOZ;43,31902449; -0,37871316
202400036971;13;5;2024;17:25;1;87;87085;2;2;1;3;BERTHELOT (AVENUE);45,83753416;1,25266224
202400000382;19;9;2024;17:45;1;28;28032;1;2;1;1;D336;48,30003900;1,63619000
202400000463;2;5;2024;02:15;3;84;84007;1;1;2;7;C.De GAULLE (Rocade);43,94429000;4,83457000
202400023714;6;9;2024;17:15;1;45;45155;1;1;1;3;59 Mingotty;47,71481800;2,63736200
202400020736;9;10;2024;17:05;1;22;22278;2;1;2;1;PARIS (DE);48,50557000; -2,74455000
202400012441;30;12;2024;17:54;3;44;44052;1;1;1;3;Saint Lucien;47,34389700; -2,09710100
202400053401;11;7;2024;16:30;1;28;28422;1;2;8;3;D17;48,25275200;1,54368100
202400047730;16;2;2024;03:30;3;75;75117;2;1;1;7;PORTE MAILLOT;48,88098516;2,28183568
202400027032;12;11;2024;10:37;1;971;97101;2;9;1;6;CLARA BOURGAREL - ASSAINISSEMENT (RUE);16,24424000; -61,53092000
202400012215;3;2;2024;15:45;1;62;62261;2;1;1;3;D144;50,48619453;1,61743587
202400042130;14;6;2024;20:00;3;972;97232;2;9;1;3;RN 6;14,54637700; -60,84351100
202400009463;19;3;2024;17:10;1;84;84051;1;6;1;3;Rond pont de la mayette D900;43,85935900;5,26645300
202400012891;1;6;2024;00:01;3;24;24394;1;1;1;6;L?Echanleuil;45,43848000;0,40953000
202400000269;23;3;2024;13:00;1;56;56121;2;6;1;2;Rond-point de la Base de sous-marins;47,73530000; -3,37435000
202400016564;2;8;2024;18:40;1;75;75116;2;1;1;4;BD PERIPHERIQUE INTERIEUR;48,87694200;2,27952000
202400002609;11;8;2024;03:40;5;69;69383;2;1;1;3;Cours Richard Vitton;45,75312000;4,89460000
202400043402;9;5;2024;18:15;1;93;93005;2;1;7;1;Rue Louise Michel;48,93177500;2,49850800
202400038920;15;1;2024;10:30;1;978;97801;2;1;1;3;RN 7, la savane;18,09423100; -63,06595400
202400039545;12;5;2024;18:35;1;47;47048;2;4;8;3;N21;44,52801100;0,62611900
202400030239;24;7;2024;09:20;1;51;51172;2;1;1;3;GOISSES;49,21659000;4,05663000
202400015287;15;3;2024;12:40;1;81;81038;1;3;1;3;Route de Lavaur;43,89295200;1,89336100
202400008395;8;8;2024;12:50;1;35;35051;2;1;1;3;FONTAINE (RUE DE LA);48,10920000; -1,60900000
202400035190;8;4;2024;16:15;1;971;97116;1;1;1;1;Brion;16,32027800; -61,45559900
202400001282;23;10;2024;08:20;1;92;92025;1;1;5;3;A86;48,92201331;2,22672771
202400046900;8;5;2024;00:30;3;33;33014;2;1;1;6;;44,98044300; -0,11703700
202400032072;23;7;2024;10:10;1;49;49328;2;6;8;3;AMIOT (RUE JULES);47,26124100; -0,09857400
202400032493;23;6;2024;10:30;1;12;12090;1;1;1;7;Chemin du bois de l'Ours;44,33479200;2,49651400
202400032740;16;12;2024;15:10;1;90;90015;2;3;1;1;16 Route de Montbéliard;47,59606995;6,85999095
202400015055;4;10;2024;15:00;1;75;75106;2;2;1;7;BOULEVARD DU MONTPARNASSE;48,84308100;2,32640400
202400050721;9;6;2024;20:58;1;28;28134;2;1;1;1;LIEVRE D'OR (RUE DU);48,72982000;1,38328000
202400007183;4;6;2024;12:15;1;93;93066;1;1;1;2;A86;48,92618060;2,33837893
202400038243;30;9;2024;08:15;1;78;78208;1;1;2;3;RN12 INT;48,80001400;1,98155400
202400037241;15;1;2024;07:30;3;75;75117;2;1;1;3;BOULEVARD DE DOUAUMONT;48,89495200;2,30674900
202400000915;11;8;2024;12:55;1;13;13213;2;1;1;1;OLIVES (AVENUE DES);43,32357000;5,45035000
202400022753;9;10;2024;01:45;3;78;78423;1;1;1;6;RN12;48,79597000;2,03484000
202400003804;8;7;2024;09:50;1;75;75108;2;2;1;3;RUE DE COURCELLES;48,87503100;2,30919600
202400011266;16;3;2024;13:30;1;974;97416;1;1;1;3;PAVE(RUE); -21,34330000;55,48000000
202400035155;27;2;2024;19:15;5;971;97113;1;9;1;2;RN4 - SECTION RIVIERA;16,21764000; -61,49421000
202400043599;27;6;2024;12:05;1;62;62464;2;1;1;3;D947;50,49232000;2,80924000
202400013453;14;3;2024;22:00;5;41;41226;2;2;1;3;Route de Paris;47,80653943;1,07209301
202400005056;8;2;2024;14:15;1;62;62332;1;2;2;3;D919;50,21893993;2,76034309
202400002762;28;9;2024;15:40;1;2B;2B298;2;9;1;6;route de la cathérale;42,68050700;9,30256100
202400009791;24;11;2024;05:00;5;76;76351;2;3;1;3;FLEURUS (DE);49,49154000;0,13830000
202400007482;22;2;2024;20:20;2;40;40279;2;3;1;6;LIBERTE (AVE DE LA);43,72095889; -1,05221309
202400042649;7;12;2024;20:00;3;13;13005;1;1;1;2;A50-Sens Marseille vers Aubagne;43,28848507;5,54834252
202400050410;22;9;2024;07:05;5;92;92012;2;1;2;6;GENERAL LECLERC (AVENUE DU) 1/33 - 2/58;48,83337000;2,24272000
202400021203;28;6;2024;15:30;1;47;47058;1;2;1;3;Caubeyres;44,26890500;0,22066000
202400009392;18;3;2024;04:35;5;94;94022;2;2;2;4;Avenue de Newburn / Rue du Four;48,75489500;2,41155500
202400013206;14;3;2024;17:00;1;75;75114;2;2;1;6;BOULEVARD BRUNE;48,82618900;2,31280000
202400016592;2;8;2024;19:40;5;974;97415;1;1;1;6;Chemin Baillif; -21,04596900;55,31309900
202400050653;15;2;2024;02:03;3;95;95127;2;9;2;6;OISE (BOULEVARD DE L');49,03514000;2,08277000
202400053230;2;1;2024;18:45;5;85;85003;2;3;3;3;11 Rue georges clemenceau;46,74123900; -1,61062400
202400027486;6;3;2024;01:50;5;06;06088;2;2;1;1;Boulevard de l'Ariane;43,73468000;7,29666000
202400030232;31;8;2024;18:20;1;72;72181;2;1;1;3;HEUZE OLIVIER AV N° PAIRS 2 A 198;47,99499000;0,17725000
202400035121;17;1;2024;11:50;1;93;93005;2;3;2;3;Rue de Champagne;48,95008700;2,50340100
202400046413;4;12;2024;16:40;2;93;93007;1;1;1;4;AUTOROUTE A1;48,94674096;2,44241883
202400021446;9;3;2024;17:00;1;63;63276;1;1;6;1;Chez Vernieres;45,83044876;3,48325890
202400003271;22;10;2024;18:53;5;77;77284;2;9;8;6;TRINITAIRES (RUE DES);48,95657000;2,87393000
202400009150;17;10;2024;19:50;5;46;46042;2;9;3;6;GAMBETTA (BOULEVARD LEON) N° PAIR;44,44553000;1,44138000
202400021202;16;11;2024;21:30;3;05;05078;1;1;1;1;D942;44,38587100;5,92174900
202400004970;8;2;2024;18:30;5;08;08409;2;7;3;6;MARNE (AVENUE DE LA);49,69881000;4,92548000
202400004040;28;11;2024;15:00;1;971;97101;2;1;1;2;GRAND CAMP(SECTION);16,25388000; -61,53873000
202400034202;3;10;2024;23:00;5;69;69091;2;1;1;3;Rue Honoré Pététin;45,59310000;4,77293000
202400018251;3;8;2024;16:15;1;35;35166;1;1;1;6;lieu-dit La Fontenelle;48,14908700; -1,34781000
202400028269;21;5;2024;13:50;1;51;51607;2;9;1;2;Rue de la Verdonnelle;48,94849500;3,62112200
202400015666;21;11;2024;17:50;3;93;93064;1;1;4;2;AUTOROUTE A86;48,87916750;2,47634149
202400036703;6;11;2024;20:00;5;17;17415;2;9;1;3;Route Départementale N° 131;45,74687000; -0,63589000
202400047874;24;9;2024;21:52;5;94;94017;2;3;2;3;Rue Maurice Denis;48,81731700;2,49109000
202400041924;14;6;2024;23:30;5;971;97101;1;9;1;7;RN1 ROCADE DE CHAUVEL;16,23721000; -61,52305000
202400026272;22;5;2024;12:48;1;94;94016;2;6;1;7;Rue Emile Zola / Sentier des Goischères;48,79740000;2,34189000
202400049616;11;6;2024;13:30;1;52;52544;1;1;1;6;RD 123 PK 0+925;47,90705330;5,75441699
202400000430;19;9;2024;09:10;1;78;78322;1;1;1;2;A86 EXT;48,78049000;2,17614000
202400019827;28;1;2024;15:20;1;83;83009;2;3;1;3;DE GAULLE (QUAI CHARLES);43,13629000;5,75740000
202400018222;7;9;2024;14:40;1;09;09005;1;1;1;7;D618;42,90860100;1,29066800
202400017963;19;4;2024;08:20;1;59;59580;2;1;1;6;30 Lotissement le Noordmeulen;50,81072100;2,57321900
202400046393;31;10;2024;11:10;1;72;72276;1;1;1;1;lieu dit la petite vallee;48,27857300;0,43955000
202400000544;12;9;2024;17:30;1;12;12089;2;6;1;6;GIRATOIRE DES SOUFFLANTES;44,55509700;2,26315100
202400008894;7;6;2024;02:20;5;972;97213;2;6;1;6;ROUTE DEPARTEMENTALE 15;14,62220000; -61,00655200
202400009404;4;7;2024;21:45;1;93;93073;1;1;1;1;CHAPIT RE ( RUE DU);48,99012000;2,56982000
202400000411;19;9;2024;09:05;1;13;13210;1;1;1;2;A50-Sens Marseille vers Aubagne;43,28616401;5,42968295
202400017211;12;3;2024;11:50;1;38;38151;2;1;8;6;RUE DU BERRY;45,15576000;5,72113000
202400002580;9;8;2024;18:09;1;62;62894;1;1;1;6;A16;50,77568812;1,65384039
202400041117;4;4;2024;07:55;1;75;75112;2;1;2;3;QUAI DE BERCY;48,82945310;2,38739669
202400005276;22;10;2024;09:40;1;80;80680;2;3;1;1;2 Rue d'Hangest Dolez;49,81699100;2,70735700
202400007328;19;10;2024;16:20;1;75;75109;2;5;1;7;BOULEVARD HAUSSMANN;48,87200800;2,34004700
202400044073;22;8;2024;23:45;3;65;65054;1;1;1;1;D79;43,06192000;0,33817300
202400007679;5;7;2024;10:00;1;91;91103;2;4;1;3;RUE EDOUARD DANAUX;48,60274000;2,28715000
202400000813;14;8;2024;04:30;3;17;17101;1;1;1;7;D221;45,95797500; -0,35056500
202400026061;3;9;2024;19:41;1;93;93077;2;3;1;3;Avenue de Rosny / Place du Souvenir Français;48,88248000;2,49783000
202400035036;17;1;2024;12:45;1;04;04112;2;1;2;2;POMPIDOU (AV.GEORGES);43,82636000;5,78219000
202400045490;8;5;2024;19:34;1;76;76057;2;6;1;3;D67;49,52681900;0,96216700
202400015119;13;3;2024;05:50;5;75;75107;2;2;1;6;BOULEVARD SAINT GERMAIN;48,85606200;2,32590400
202400042019;24;9;2024;14:55;1;02;02659;1;1;2;5;;49,85010000;3,32857000
202400047534;17;2;2024;13:15;1;95;95585;2;1;1;5;D316;48,97920302;2,36852850
202400015215;14;3;2024;17:25;1;41;41164;1;1;1;4;D976;47,27171700;1,40706500
202400023935;5;1;2024;12:30;1;68;68166;2;6;1;2;Rue Claude Debussy;47,79434100;7,32407100
202400030728;22;6;2024;17:15;1;56;56121;2;1;1;1;Rue Jean Le Coutaller;47,74750000; -3,36905000
202400033304;1;3;2024;08:14;1;64;64545;1;1;1;1;BRETELLE DE SOCOA RD 913 (BRETELLE);43,38477000; -1,69673000
202400032608;20;6;2024;20:15;1;64;64102;2;1;2;7;BARTHES (CHEMIN DES);43,49884000; -1,49342000
202400025025;6;3;2024;17:14;1;50;50218;2;1;1;6;IMPASSE DES TREMAILLEURS;48,83322000; -1,55149000
202400020213;28;1;2024;06:50;3;93;93073;1;1;1;6;AUTOROUTE A104;48,96636000;2,55951000
202400000431;8;6;2024;00:20;3;93;93066;1;1;1;4;A1;48,91936344;2,35754643