Num_Acc;jour;mois;an;hrmn;lum;dep;com;agg;int;atm;col;adr;lat;long
202400049642;14;2;2024;23:40;3;56;56006;1;1;1;2;Gelard;47,93967600; -2,27655300
202400001732;22;3;2024;08:10;1;72;72181;2;1;1;2;TABACS (PONT DES);47,99847000;0,18830000
202400001478;22;10;2024;03:30;3;93;93073;1;1;2;6;CHAPIT RE ( RUE DU);48,99020628;2,54714967
202400041684;24;8;2024;19:15;1;01;01053;2;1;1;2;DE GAULLE ( BD GAL) IMPAIR;46,19863000;5,23997000
202400017938;19;4;2024;08:40;1;17;17010;1;1;1;1;D202;46,10849900; -1,08498600
202400039464;23;2;2024;07:45;1;13;13005;2;1;1;3;CANIERS (AVENUE DES);43,28901100;5,59392000
202400028297;25;7;2024;09:40;1;973;97302;2;3;1;3;MONT LUCAS 1 (CITE);4,92415000; -52,30198000
202400029545;9;4;2024;08:40;1;94;94068;2;1;8;3;25 Quai Winston Churchill;48,79222000;2,52156000
202400033253;16;5;2024;12:55;1;92;92036;2;1;1;3;GENERAL DE GAULLE (AVENUE) (PAIRS);48,93363889;2,31165218
202400008887;4;2;2024;06:10;5;93;93008;2;1;2;7;Avenue Paul Vaillant - Couturier;48,90849900;2,45163200
202400039022;13;5;2024;09:20;1;75;75110;2;3;1;3;BOULEVARD DE STRASBOURG;48,87384400;2,35671200
202400018237;3;8;2024;02:30;3;81;81020;1;1;1;7;Route de Marssac;43,86798200;2,03603300
202400041973;17;7;2024;17:00;1;42;42283;2;1;1;6;Route Pre Chevalier;45,55514900;4,54162400
202400045191;18;3;2024;16:00;1;30;30080;1;1;1;7;;44,30729000;3,97125000
202400016276;31;1;2024;07:40;1;31;31069;2;9;1;3;POTEZ (ALL HENRI);43,62594200;1,37840200
202400053850;1;1;2024;00:50;3;83;83056;2;1;1;6;chemin de la clue;43,56531196;6,51370972
202400047124;15;7;2024;01:20;3;13;13014;1;2;1;3;D113;43,53437000;5,19332500
202400027746;12;4;2024;17:45;1;39;39577;1;1;1;1;;46,80033900;5,48820700
202400038478;6;11;2024;00:21;5;13;13205;2;7;1;6;JEAN MOULIN (BOULEVARD);43,29000000;5,40000000
202400012429;5;8;2024;19:18;1;13;13005;2;9;1;3;CD 2 (CAMP MAJOR);43,28851000;5,54781000
202400023358;7;3;2024;16:15;1;13;13071;1;1;1;2;A7-Sens Lyon vers Marseille;43,40439894;5,31594824
202400019786;7;9;2024;18:45;1;33;33162;1;1;1;3;;44,87605000; -0,66058000
202400035001;11;12;2024;13:30;1;974;97411;2;2;1;3;RIVIERE DES PLUIES (ROUTE DE LA); -20,90120000;55,50118000
202400045346;22;8;2024;05:04;3;33;33080;1;1;1;6;;44,73467000; -0,53250000
202400000586;18;9;2024;08:16;1;75;75115;2;2;1;6;AVENUE EMILE ZOLA;48,84655400;2,28613800
202400041765;24;8;2024;17:31;1;68;68097;1;4;1;3;D11iii;48,16066500;7,20071200
202400015558;20;11;2024;16:30;5;75;75109;2;3;1;3;BOULEVARD DE LA MADELEINE;48,86977900;2,32651700
202400044802;1;4;2024;17:20;1;83;83115;2;4;1;1;bd jean moulin;43,30478513;6,62872863
202400048519;26;10;2024;21:45;5;29;29019;2;2;2;3;rue Coat ar Gueven;48,39351600; -4,48132900
202400030715;10;11;2024;06:35;2;2A;2A004;2;1;1;6;CONVENTIONNEL SALICETTI CHRISTOPHE;41,92766000;8,73525000
202400035042;28;2;2024;18:40;2;78;78423;1;1;1;6;A12 W;48,78419200;2,03427700
202400031762;19;1;2024;00:45;5;75;75103;2;2;1;6;RUE DES QUATRE FILS;48,85994400;2,36076700
202400025962;3;9;2024;19:45;1;16;16089;1;3;1;3;;45,67439000; -0,34132000
202400028032;22;1;2024;06:40;5;06;06069;2;1;1;7;Boulevard Emmanuel Rouquier;43,63409000;6,93934000
202400037458;15;1;2024;13:20;1;92;92078;1;1;1;6;AUTOROUTE A86;48,92830843;2,33162459
202400009434;4;7;2024;13:00;1;92;92025;2;7;7;3;GABRIEL PERI (RUE);48,91849892;2,23959891
202400050835;17;8;2024;04:20;3;69;69276;1;1;1;7;Autoroute 7  ;45,66742385;4,84481026
202400031257;9;4;2024;13:15;1;54;54482;2;1;1;6;Rue Wolfgang Amadeus Mozart;48,70418000;6,19913000
202400027225;13;12;2024;23:40;3;77;77186;1;1;8;7;D301;48,40589000;2,63898000
202400013612;19;4;2024;11:33;1;65;65286;2;1;1;3;Avenue Alexandre Marqui;43,10582000; -0,04106000
202400018608;1;8;2024;09:00;1;59;59249;2;6;2;3;Place Alfred Derigny;50,01685400;4,03996500
202400026773;25;6;2024;13:50;1;75;75116;2;7;1;3;AVENUE DE VERSAILLES;48,85129500;2,27836900
202400002758;22;10;2024;18:36;1;2B;2B307;2;1;1;1;Suaglione;42,38455800;9,53002500
202400046642;8;1;2024;18:55;5;92;92036;2;1;2;6;AGNETTES (RUE DES) (1/9);48,92224782;2,28825420
202400028825;12;11;2024;18:30;5;56;56013;2;1;2;6;Rue du Docteur Laennec;47,67573000; -3,17260300
202400027829;21;5;2024;00:25;5;75;75108;2;3;3;2;AVENUE DE FRIEDLAND;48,87400400;2,29728300
202400016248;9;9;2024;15:56;1;75;75119;2;2;1;2;BOULEVARD D INDOCHINE;48,88622300;2,39674400
202400006247;26;4;2024;15:23;1;49;49007;2;2;1;3;BIRGE BOULEVARD;47,47444000; -0,51963000
202400016189;13;1;2024;08:20;3;77;77350;1;1;1;5;N4;48,76137900;2,66298500
202400035254;6;4;2024;06:12;3;59;59459;1;1;1;2;AUTOROUTE A23;50,37822000;3,46990000
202400001183;21;10;2024;07:41;1;974;97408;1;1;1;6;Chemin Departemental 41; -20,92475400;55,36740800
202400027393;5;3;2024;09:55;1;51;51454;2;6;1;2;CHAMPAGNE   (  AVENUE DE);49,21367000;4,01560000
202400017075;14;3;2024;08:45;1;14;14100;2;1;1;6;30 Rue Camille Blaisot;49,04359400; -0,32138000
202400019549;17;4;2024;18:25;1;69;69383;2;2;1;3;Rue Paul Bert;45,75705988;4,85850589
202400010709;2;2;2024;13:10;1;94;94069;1;1;1;5;A4;48,81719761;2,42988825
202400036550;6;11;2024;23:55;5;69;69034;2;1;1;6;Montée de la Boucle;45,78081747;4,84002818
202400020921;28;6;2024;21:40;2;71;71270;2;1;1;6;GAMBETTA (RUE);46,30212000;4,83113000
202400034225;3;10;2024;14:00;1;59;59360;2;2;1;3;DOUMER PAUL RUE;50,59675000;3,03723000
202400025720;14;4;2024;03:40;5;26;26325;2;1;1;6;16 Avenue de Lyon;45,29881300;4,81133300
202400048712;29;3;2024;09:55;1;973;97302;1;1;2;3;MARINGOUINS (ROND-POINT);4,90772665; -52,32258081
202400003074;24;10;2024;07:36;2;08;08491;1;1;5;6;RD5;49,74245100;4,85748600
202400010735;3;2;2024;12:10;1;91;91471;2;2;2;3;MONTJAY (AVENUE DE);48,68575000;2,18380000
202400016073;27;12;2024;00:10;3;27;27554;1;1;5;2;Autoroute A.13;49,08264700;1,38166200
202400044568;28;11;2024;00:40;3;78;78168;2;1;1;6;Route nationale 10;48,74982900;1,92760400
202400009285;17;10;2024;03:10;5;974;97407;1;1;1;6;BOUVET (AVENUE); -20,95110000;55,29889000
202400007163;21;10;2024;08:15;3;29;29167;1;1;3;5;Kermatheanou Bras;47,96861129; -4,28582668
202400022250;5;9;2024;07:00;2;44;44184;2;1;3;3;38 Rue Gabriel Fauré;47,26976000; -2,23895000
202400044281;14;6;2024;16:30;1;13;13014;2;3;1;2;Boulevard Henri Wallon, intersection avec bd Barbusse;43,49550300;5,16316100
202400001170;7;6;2024;08:00;1;09;09225;2;3;8;3;RIJOLE AVENUE DE LA;43,12411000;1,62092000
202400035749;12;5;2024;08:20;1;69;69266;1;1;1;2;Route Départementale 383 ;45,75769465;4,90895763
202400001609;23;3;2024;20:00;5;30;30202;2;3;1;1;Avenue André de Philip;44,25855500;4,64139100
202400015143;2;7;2024;09:10;1;75;75112;2;2;1;2;RUE DE PICPUS;48,84554900;2,39523000
202400017299;19;11;2024;16:10;1;79;79191;2;1;2;7;;46,30224000; -0,46584000
202400019292;10;8;2024;23:10;3;14;14305;1;1;1;1;Route de Lisieux;49,27345700; -0,05162200
202400015939;28;1;2024;22:10;3;974;97414;1;1;3;7;Rue Evariste de Parny; -21,25384200;55,43534300
202400017073;30;6;2024;13:20;1;92;92049;2;2;1;7;REPUBLIQUE AVENUE DE LA N°1 A 79;48,81532817;2,31762725
202400020565;30;7;2024;22:10;5;13;13004;2;2;1;3;RUE MAURICE BONNAFOUX;43,68215000;4,63821000
202400025149;6;3;2024;10:53;1;10;10387;2;1;1;6;LOMBARDS (AVENUE);48,27800000;4,06740000
202400035528;7;4;2024;18:00;1;94;94081;2;3;1;6;Rue Verte / Parking;48,78226000;2,38001000
202400033754;16;1;2024;17:58;3;71;71076;2;1;5;6;SAINTE MARIE (PROMENADE);46,78502000;4,86164000
202400013506;6;3;2024;13:29;1;59;59350;2;9;1;6;Rue Desaix;50,62080329;3,07721325
202400007127;4;6;2024;16:30;1;24;24087;1;1;1;5;D703;44,85671300;1,06951500
202400003155;22;10;2024;10:20;1;35;35015;1;1;5;1;RD 178;48,17176700; -1,18598700
202400003594;22;3;2024;15:50;1;59;59611;1;1;2;1;Rue de Lambersart;50,67225800;3,00318900
202400042133;24;8;2024;00:25;5;06;06069;1;1;1;1;88 Route de Draguignan;43,64328000;6,90485000
202400018447;1;8;2024;12:40;1;17;17306;2;2;1;3;ANSALDI;45,63475000; -1,02325000
202400037939;18;7;2024;19:00;1;51;51454;2;1;1;3;NOIROT (BOULEVARD MAURICE);49,25174000;4,02139000
202400039233;27;2;2024;18:30;2;31;31555;2;1;2;3;AV PIERRE G LATECOERE;43,55526000;1,48161000
202400033447;18;1;2024;08:40;5;93;93066;2;1;4;7;Avenue du Président Wilson;48,91871108;2,35711992
202400023177;8;3;2024;07:59;1;63;63113;2;1;1;6;PONT NATUREL (RUE DU);45,78327000;3,07919000
202400032990;14;12;2024;20:20;5;75;75113;2;3;1;3;BOULEVARD DE L HOPITAL;48,83889200;2,36087900
202400026151;3;9;2024;19:30;1;76;76146;1;1;1;3;D919;49,57894300;1,29314700
202400012511;2;2;2024;16:20;1;69;69199;2;3;1;3;Rue Mathieu Dussurgey;45,71227000;4,86251000
202400020278;31;7;2024;11:55;1;92;92007;2;1;1;3;TURIN (RUE DE);48,80499182;2,31537603
202400047311;6;5;2024;19:50;1;81;81065;2;2;7;3;WAKEFIELD (ROND POINT);43,60067000;2,23544000
202400034512;2;10;2024;07:00;3;64;64445;2;1;3;4;MARTYRS DU PONT LONG DES;43,34060000; -0,37974000
202400011197;29;7;2024;16:15;1;74;74196;1;1;1;7;119;46,01645200;6,56110400
202400020486;25;5;2024;07:40;1;13;13043;2;3;1;3;MEDITERRANEE (AV DE LA );43,38509249;5,21722108
202400031261;9;4;2024;12:42;1;54;54547;2;1;1;3;parking magasin Leclerc;48,65379900;6,17775340
202400041085;26;2;2024;19:00;3;95;95572;1;1;2;2;A15;49,03117012;2,12085638
202400024506;23;5;2024;16:45;1;94;94080;2;1;1;6;Rue Diderot;48,85069897;2,44174361
202400036801;7;11;2024;09:20;1;45;45328;1;1;8;3;Rue du Grand Chemin;48,07071000;2,68675800
202400001813;8;7;2024;08:30;1;56;56121;2;6;3;3;Boulevard Léon Blum;47,74724000; -3,37657000
202400006503;8;2;2024;13:15;1;59;59126;1;6;3;1;D643;50,30485900;3,13405100
202400047187;6;1;2024;06:00;3;25;25024;1;1;2;6;Route Départementale 437;46,93918000;6,37486000
202400016948;11;10;2024;19:20;5;92;92062;2;1;1;6;REPUBLIQUE (RUE DE LA) N° 100 A 14;48,88479475;2,23964015
202400016759;26;5;2024;18:05;1;93;93005;1;1;1;3;A1;48,96072159;2,46789896
202400030844;10;11;2024;01:50;3;93;93077;2;3;5;3;RAINCY (AVENUE DU);48,88664000;2,50887000
202400046057;16;7;2024;06:00;2;40;40273;2;1;1;6;Avenue du Quartier-neuf;43,52555700; -1,39607900
202400019438;18;11;2024;20:00;5;33;33281;2;6;1;2;;44,81350000; -0,71364800
202400034106;29;8;2024;12:10;1;75;75115;2;3;1;7;RUE CLODION;48,85150600;2,29203400
202400010013;25;4;2024;07:12;2;39;39470;1;3;1;4;;46,46684700;6,07358900
202400011717;23;4;2024;13:00;1;75;75111;2;4;1;6;AVENUE LEDRU ROLLIN;48,85446600;2,37805800
202400048542;3;12;2024;19:00;5;92;92050;2;2;1;3;CLEMENCEAU GEORGES AVENUE N° PAIR;48,88577000;2,21924000
202400004476;23;1;2024;18:00;3;84;84129;1;3;1;1;1951 Avenue d'Orange;44,02479800;4,87264000
202400009721;16;11;2024;05:10;2;988;98818;2;1;1;1;AVENUE JAMES COOK; -22,26808000;166,42998000
202400034456;8;11;2024;20:40;5;93;93001;2;9;8;2;ADRIEN AGNES (QUAI);48,91599432;2,37091541
202400017053;12;3;2024;12:15;1;92;92060;2;1;2;6;PIERRE BROSSOLETTE (AVENUE);48,77721000;2,25953000
202400041219;10;5;2024;10:48;1;14;14304;1;3;1;2;D579;49,37393000;0,22983000
202400051647;10;6;2024;01:15;3;83;83069;1;1;1;3;A570;43,12490732;6,09316671
202400046501;4;12;2024;15:30;1;71;71270;2;6;8;3;EUROPE (CARREFOUR DE L');46,29917000;4,82756000
202400025473;20;12;2024;08:00;3;85;85008;1;6;1;3;RD80;46,64164000; -1,45058000
202400009632;4;7;2024;13:05;1;2A;2A004;2;6;1;3;ROUTE DU STILETTO;41,94617000;8,77221000
202400022930;16;11;2024;13:25;1;94;94043;2;1;1;6;Rue Benoit Malon;48,80570000;2,35096300
202400004131;28;11;2024;12:30;1;66;66136;2;1;1;6;SAINT-ASSISCLE (BOULEVARD DE);42,69725000;2,87811000
202400030151;31;8;2024;19:20;1;93;93027;1;1;1;4;AUTOROUTE A86;48,92773456;2,40988970
202400051200;10;6;2024;16:27;1;30;30191;1;1;1;3;D765a;44,13364700;4,67727900
202400029285;4;3;2024;09:45;1;59;59508;2;9;1;6;Rue du Dronckaert;50,73894500;3,13024400
202400006770;9;8;2024;12:20;1;68;68063;2;1;1;2;Faubourg de Belfort;47,79477500;7,17222000
202400001737;21;3;2024;16:10;1;72;72181;2;1;1;2;BROSSOLETTE PIERRE (BD) N° IMP;47,97887600;0,20505200
202400030376;23;9;2024;09:20;1;62;62103;2;1;2;1;D917;50,14182512;2,83297888
202400023838;11;4;2024;14:40;1;57;57620;1;1;1;3;A4;49,19784944;5,98284960
202400041010;4;4;2024;08:10;1;29;29039;1;1;2;2;RD 70 (route départementale);47,92210462; -3,89978478
202400004029;15;9;2024;14:10;1;80;80674;1;1;1;6;ROCADE NORD EST RN 25;49,91160663;2,34365197
202400045095;5;1;2024;17:05;1;76;76341;2;1;1;2;FRIEDRICH ENGELS;49,51312000;0,19329000
202400052499;1;1;2024;07:55;1;971;97101;1;1;2;2;RN1 ROCADE DE CHAUVEL;16,24099000; -61,52263000
202400021862;20;12;2024;10:50;1;31;31555;2;1;1;6;BD LAZARE CARNOT;43,60045000;1,45217000
202400028069;2;9;2024;16:45;1;94;94038;2;1;1;6;1 Rue Léon Blum;48,76801000;2,32398000
202400030780;10;11;2024;14:20;1;29;29232;2;6;1;3;Rond-Point de Ludugris;47,97952351; -4,12191647
202400034678;20;6;2024;08:11;1;47;47127;1;1;2;6;D666;44,34648801;0,40381569
202400007786;11;9;2024;19:10;1;62;62133;2;1;1;3;D46;50,41258292;2,91069468
202400023673;19;12;2024;16:15;1;82;82121;2;2;1;3;DE SAINT PIERRE (CHEMIN);44,03083000;1,34300000
202400048627;6;5;2024;17:00;1;75;75110;2;3;1;3;BOULEVARD DE MAGENTA;48,88211100;2,35106700
202400018315;9;9;2024;06:35;3;06;06085;1;1;1;5;A8 PK 164.450 direction Marseille;43,58576038;6,99715837
202400007704;5;7;2024;18:30;1;64;64129;2;6;1;3;PIEDMONT DU;43,30523000; -0,40124000
202400025338;18;12;2024;15:55;1;75;75105;2;1;1;3;RUE MONGE;48,83933500;2,35511400
202400001604;24;3;2024;03:50;3;60;60380;2;1;2;6;Avenue du Grenier à Sel;49,13850900;3,08644000
202400046909;19;2;2024;17:20;1;56;56013;2;1;1;6;19 Rue Marchelan;47,67748500; -3,19541800
202400052333;10;7;2024;16:08;1;46;46042;2;3;1;1;CHURCHILL  (RUE WINSTON);44,46272000;1,43256000
202400022711;10;10;2024;10:20;1;38;38263;1;1;1;7;568 chemin des collines;45,28214900;5,45643000
202400017109;2;7;2024;07:15;1;27;27148;1;1;8;2;A 28  PK 223.990;48,97442900;0,43481800
202400022501;24;5;2024;09:35;1;974;97411;1;6;1;7;GARE ROUTIERE (DE LA); -20,87830000;55,45847000
202400043038;10;5;2024;23:35;3;41;41167;2;1;1;7;42 Rue d'Asnières;47,50300600;1,19200100
202400048472;28;10;2024;20:40;5;77;77449;2;9;5;6;CRS DE LA GARONNE;48,85451000;2,78549000
202400042045;23;8;2024;18:57;1;59;59367;2;2;2;3;FRESNOY (RUE DU);50,67403000;3,22682200
202400005254;21;10;2024;08:50;1;47;47145;1;1;1;6;N21;44,14045700;0,64941600
202400046107;22;7;2024;16:05;1;59;59002;1;1;1;6;CD 957;50,32784400;3,28085900
202400050683;5;1;2024;15:40;1;44;44025;2;1;1;6;22 rue de bretagne;47,41408100; -1,97247900
202400028859;10;11;2024;20:00;5;14;14542;2;2;1;3;8 Route de Gruchy;49,22763800; -0,45775700
202400019043;19;11;2024;18:15;5;44;44109;2;6;3;6;3 Route de Carquefou;47,25884222; -1,51949420
202400008041;26;11;2024;23:40;5;13;13208;2;1;1;3;PRADO (AVENUE DU);43,26380000;5,37780000
202400032711;20;6;2024;20:40;1;94;94042;2;2;1;3;Boulevard de l'Europe / Avenue du President Kennedy;48,81491600;2,46318100
202400035266;29;2;2024;22:00;5;59;59599;2;3;1;3;Rue de Paris;50,72145000;3,14385000
202400036836;12;12;2024;11:00;1;47;47003;1;3;1;3;D19;44,64328500;0,34761400
202400011752;23;4;2024;13:40;1;92;92044;2;1;1;2;ANA. FRANCE(RUE)1A75 ET 2A72;48,89205000;2,28509000
202400012901;31;5;2024;19:00;1;87;87059;1;1;1;6;D675;46,19682400;1,06853800
202400023330;9;3;2024;06:45;2;25;25193;1;1;1;6;D201 pk 7;47,21828600;6,85993200
202400016531;1;8;2024;17:30;1;29;29019;2;1;1;2;D112;48,42257538; -4,47700816
202400006068;15;9;2024;12:00;1;14;14520;1;1;1;4;55 Route des Monceaux;49,13425500;0,14842300
202400004466;21;2;2024;09:41;1;74;74002;1;3;1;3;D1201;45,82002600;6,02622600
202400016277;25;12;2024;20:50;5;93;93073;2;3;2;3;CHAPIT RE ( RUE DU);49,00804569;2,55750242
202400007206;20;10;2024;10:30;1;34;34032;1;1;1;2;GARE DE PÉAGE DE BEZIERS CABRIALS;43,34331200;3,28909400
202400040354;17;6;2024;12:20;1;63;63430;2;1;1;6;;45,83933303;3,50203961
202400001320;8;6;2024;12:37;1;71;71516;1;3;1;6;5 Rue du Mont;46,76587300;5,22658700
202400044511;26;9;2024;16:45;1;75;75116;2;1;2;6;AVENUE DE VERSAILLES;48,84773700;2,27371700
202400054335;8;6;2024;22:02;3;01;01274;1;1;1;6;Autoroute A40 - PK 115+500 - direction GENEVE;46,15808600;5,65041100
202400015013;13;10;2024;22:50;5;972;97209;1;1;2;7;AUTOROUTE (A1);14,61621000; -61,04361000
202400011273;16;3;2024;20:58;5;2B;2B120;2;1;1;2;11 - RT;9,44085000;42,65160000
202400032373;4;10;2024;23:55;5;54;54395;2;2;1;3;Rue de Tomblaine;48,68673443;6,20112777
202400028502;6;10;2024;06:00;5;59;59488;2;1;1;6;ROUTE D'ARRAS;50,19104000;3,16541000
202400021230;28;6;2024;21:16;2;07;07010;1;9;1;6;Route de la Roche Péréandre;45,23134700;4,67719000
202400013710;20;4;2024;14:45;1;11;11148;1;3;1;3;D6113;43,18049000;2,67933400
202400025049;14;11;2024;07:45;1;06;06069;2;3;1;3;2 Avenue de l'Oliveraie;43,64858000;6,93096000
202400009264;18;10;2024;19:45;5;33;33075;1;1;1;4;;44,88992200; -0,61164400
202400013601;22;11;2024;19:30;5;38;38563;2;1;2;3;SAND (RUE G.);45,36522000;5,58467600
202400009166;2;6;2024;13:00;1;93;93031;2;9;2;3;Avenue du 18 Juin 1940;48,95237545;2,30722278
202400048878;29;3;2024;12:30;1;49;49007;2;1;1;6;SAINT LEONARD;47,45872000; -0,51768000
202400032542;21;6;2024;19:45;1;78;78217;1;1;1;2;A13;48,96511700;1,81888100
202400016398;9;9;2024;16:05;1;65;65169;2;1;1;6;8 route du lac;42,93732300; -0,17839900
202400008994;19;10;2024;05:30;1;987;98715;2;1;1;3;RT 1 PK 6.100; -17,56458600; -149,61217800
202400001176;12;2;2024;19:30;1;974;97401;2;1;1;1;route départementale 11; -21,25105200;55,34173400
202400011579;29;4;2024;00:10;3;974;97404;1;1;2;7;D17; -21,25840100;55,34351000
202400005755;21;8;2024;08:41;2;72;72244;2;7;1;6;Place Saint Pierre;47,76635900; -0,32476200
202400044335;26;9;2024;12:45;1;83;83062;1;2;1;3;NEOULIERS (CHEMIN DES);43,12367000;6,04228000
202400034629;20;6;2024;17:59;1;94;94017;2;2;1;3;Avenue Marx Dormoy / Rue de Bry;48,80631000;2,53024000
202400012987;30;5;2024;07:30;1;64;64102;2;1;2;7;ARITXAGUE (BD D');43,47907000; -1,49233000
202400040342;11;12;2024;00:30;4;974;97422;2;1;1;6;Rue des Poinsetias; -21,24408700;55,52727300
202400002073;27;2;2024;07:55;1;93;93001;2;2;1;3;Rue Achille Domart / Rue du Docteur Pesqué;48,91379600;2,38293500
202400030666;22;6;2024;22:30;3;95;95675;1;1;1;3;A1;49,06061000;2,55110000
202400040291;29;9;2024;18:45;2;92;92073;2;1;1;4;PONT DE SURESNES;48,86704997;2,22877711
202400044407;8;12;2024;07:15;2;67;67291;2;2;1;3;14 Rue de Bitche;48,86910800;7,68675000
202400030900;16;12;2024;05:20;3;95;95604;1;1;1;6;A1;49,10548000;2,55192000
202400013512;2;7;2024;17:40;1;51;51573;2;1;8;1;COUTURIER (RUE PAUL VAILLANT);49,24775000;4,00628000
202400010509;3;2;2024;08:30;1;75;75120;2;4;2;7;BD PERIPHERIQUE INTERIEUR;48,86314315;2,41344631
202400027232;5;3;2024;10:00;1;33;33080;1;1;2;4;;44,74278000; -0,53705000
202400019733;22;12;2024;06:17;5;2B;2B037;2;9;1;5;TOUTES RUES;42,62868000;9,43776000
202400015094;13;3;2024;18:17;1;03;03185;2;1;1;1;Route de Villebret;46,32454000;2,60982000
202400043187;18;7;2024;07:45;1;44;44117;2;2;1;3;55 Zone d'activité des roitelieres;47,15073500; -1,34779400
202400013154;15;10;2024;07:35;5;56;56260;2;9;1;3;Rue de Bilaire;47,66998000; -2,74529000
202400038904;15;1;2024;07:45;1;83;83086;2;1;1;6;Dn7;43,47074200;6,56293700
202400009842;24;4;2024;15:20;1;42;42044;2;2;1;6;Rue de la République;45,39572000;4,31793000
202400038104;25;8;2024;20:35;1;75;75116;2;1;1;2;BD PERIPHERIQUE EXTERIEUR;48,84408500;2,25468100
202400018267;8;9;2024;01:00;3;27;27367;2;3;2;6;Rue de l'Ancienne Gare;49,23097300;0,49909500
202400030656;11;11;2024;16:15;1;13;13110;2;9;1;3;boulevard de l'europe;43,45056700;5,68374000
202400049307;5;5;2024;16:44;1;07;07034;1;3;1;3;D290;44,33910100;4,52560500
202400004033;28;11;2024;01:00;3;972;97209;1;1;1;6;Chateauboeuf  (Pont de);14,61764000; -61,03967000
202400048011;17;2;2024;02:00;3;84;84138;1;1;6;1;D941;44,38886400;4,97004900
202400025436;13;4;2024;14:40;1;2A;2A004;1;1;1;3;T21;41,92863000;8,76568000
202400022568;23;5;2024;20:15;2;31;31555;2;1;1;3;NARBONNE (ROUTE DE);43,56635000;1,45883000
202400038905;11;1;2024;07:27;2;57;57192;1;1;1;3;Rue de Rohrbach;49,02435078;7,33050095
202400028728;21;6;2024;21:30;1;56;56061;1;1;1;7;Roussimel;47,74585300; -2,13230500
202400015598;19;11;2024;17:45;5;44;44069;2;6;3;3;Route de Saint-André-des-Eaux;47,32509100; -2,41050700
202400025714;14;4;2024;05:40;3;81;81147;1;1;1;6;RD 71 PK 002+5000;43,82507040;2,16761420
202400035233;9;1;2024;18:40;3;33;33351;1;9;1;6;A10 PK497.400;45,25528300; -0,54296500
202400031267;10;4;2024;06:55;2;49;49007;2;2;1;3;BIRGE BOULEVARD;47,48215000; -0,52217000
202400001622;10;7;2024;14:17;1;21;21581;1;1;2;6;A36 PK 179+800 sens BESANCON/BEAUNE;47,09529600;5,35344800
202400012053;23;4;2024;17:10;1;91;91666;1;1;1;1;D35;48,66759700;2,19933600
202400051216;15;2;2024;12:55;1;93;93048;2;2;1;2;Rue des Rigondes / Rue Raspail;48,87371859;2,43376493
202400019131;29;6;2024;20:10;1;33;33009;2;1;2;2;;44,66010000; -1,16780000
202400012341;11;9;2024;09:47;1;75;75113;2;2;8;4;AVENUE D ITALIE;48,82221400;2,35861700
202400042873;3;4;2024;15:30;1;75;75107;2;2;1;3;RUE DU BAC;48,85770800;2,32796400
202400008973;1;6;2024;10:12;1;75;75120;2;5;2;6;RUE DES PYRENEES;48,85627500;2,40489400
202400030776;8;11;2024;15:50;1;34;34116;2;1;1;6;COMTE DE NICE (AVENUE DU);43,64237000;3,81416000
202400000177;14;8;2024;09:35;1;93;93006;1;1;1;2;AUTOROUTE A3;48,86690246;2,42530059
202400018863;13;10;2024;02:33;3;35;35108;1;3;1;6;Lasjambe;47,94965300; -1,40049900
202400006129;25;11;2024;08:50;1;14;14271;2;1;2;3;24 Route d'Harcourt;49,15234000; -0,37090000
202400016508;1;2;2024;17:23;2;57;57144;1;1;7;4;a320 pk 2+450;49,15180500;6,83732600
202400050902;29;3;2024;12:30;1;81;81146;1;1;1;2;Chemin d?Arquières;44,05073800;1,99202300
202400049384;26;5;2024;01:06;5;92;92048;2;1;1;3;TRIVAUX (AVENUE DE) N° 9;48,78931315;2,23544168
202400034185;21;7;2024;14:40;1;61;61001;2;2;1;3;D26 PR0+1;48,43804200;0,08645900
202400018584;5;7;2024;19:30;1;84;84064;1;1;1;7;D204;44,31657100;4,70754500
202400042248;9;12;2024;09:00;1;94;94028;1;1;2;2;N406;48,77146602;2,44722292
202400041688;17;7;2024;14:05;1;93;93066;1;1;1;2;AUTOROUTE A1;48,93338949;2,37872257
202400010743;3;2;2024;14:25;1;84;84007;2;3;1;6;QUAI DE LA LIGNE (Boulevard du);43,95352000;4,81165000
202400029450;21;1;2024;23:10;5;94;94033;2;6;1;6;Avenue de Lattre de Tassigny / Rue Carnot;48,85403000;2,49312000
202400038975;13;5;2024;08:20;1;35;35238;2;2;1;3;FREVILLE (AVENUE HENRI);48,08372000; -1,67448000
202400002477;29;11;2024;05:00;3;67;67435;1;2;9;3;Route de Fénétrange;48,90052600;7,07497800
202400012725;28;12;2024;19:02;5;91;91228;2;9;1;3;BD DE L EUROPE;48,63084000;2,43412000
202400020121;19;1;2024;23:25;3;05;05162;1;1;1;6;La Saulce;44,43920400;6,02941300
202400027093;5;3;2024;16:15;1;13;13207;2;3;1;3;SAUVEUR TOBELEM (RUE);43,28803000;5,36348000
202400050508;26;10;2024;19:58;4;31;31555;2;1;2;6;SAINT SIMON (RTE DE) DU 276 AU 389;43,58654924;1,40625671