Num_Acc;jour;mois;an;hrmn;lum;dep;com;agg;int;atm;col;adr;lat;long
202400028772;25;6;2024;14:35;1;48;48178;1;1;1;1;RN 106;44,26439763;3,87273459
202400006840;9;8;2024;15:20;1;94;94028;1;1;1;3;A86;48,79449381;2,44220497
202400020732;11;10;2024;02:20;5;29;29173;2;1;1;7;Route de Douarnenez;48,00757881; -4,17766803
202400032664;18;6;2024;08:42;1;18;18033;1;9;8;7;;47,05767000;2,33932000
202400044894;10;5;2024;19:15;1;84;84138;1;1;1;5;Route de Baume-de-transit;44,37226400;4,96546800
202400023786;13;4;2024;13:50;1;75;75107;2;1;1;6;PONT ALEXANDRE III;48,86345500;2,31352200
202400033675;24;7;2024;07:50;1;45;45296;1;3;1;3;D955 PR 17 + 691;47,99478100;1,71445500
202400004244;27;4;2024;12:35;1;22;22182;1;2;1;3;la Ville Richard;48,54336300; -2,96127700
202400010839;2;6;2024;06:20;2;41;41002;1;1;2;7;D976;47,33425700;1,23557600
202400000041;3;5;2024;00:15;3;76;76116;2;2;1;6;202 Rue du Trou du Puits;49,38101100;1,19775700
202400002859;9;2;2024;18:00;5;13;13209;2;1;2;3;EMILE ZOLA (RUE);43,24798000;5,39959000
202400033575;1;3;2024;10:10;1;92;92020;2;3;2;1;REPUBLIQUE AV. N°27 A 105 ET 26 A 178;48,80929646;2,30097574
202400003699;21;3;2024;12:20;1;56;56260;2;1;1;3;Rue de Normandie;47,64811000; -2,78556000
202400029061;5;3;2024;15:52;1;35;35239;2;4;8;3;2 Rue Anatole le Braz;47,91453000; -1,38064600
202400035673;28;2;2024;06:55;1;987;98735;2;1;1;2;POMARE (BVD STADE BAMBRIDGE); -17,52897207; -149,55812769
202400041981;28;9;2024;19:45;2;13;13209;2;1;1;6;BARTHELEMY (BOULEVARD);43,26773861;5,41295731
202400041055;12;1;2024;08:00;1;94;94004;1;1;1;3;RN19;48,75940121;2,50031751
202400053178;3;1;2024;13:45;1;73;73179;1;2;1;3;Route de l'école du tremblay;45,62802489;5,87370649
202400034895;13;12;2024;12:25;1;75;75114;2;4;1;2;BD PERIPHERIQUE EXTERIEUR;48,81930736;2,32868314
202400005786;28;4;2024;19:00;1;93;93027;2;2;8;1;Rue Pierre Curie / Boulevard Pasteur;48,92095000;2,38327000
202400047287;18;4;2024;15:30;1;74;74237;2;1;1;1;Route nationale lieu-dit Bret;46,39822700;6,76895700
202400019335;11;3;2024;11:00;1;92;92024;2;1;1;6;LEON GAMBETTA (ALLEES);48,90306934;2,31065798
202400039097;13;1;2024;15:05;1;94;94052;2;5;1;4;Boulevard de Strasbourg / Grande Rue Charles de Gaulle;48,83570000;2,47433000
202400005371;20;10;2024;20:10;4;95;95219;2;9;1;3;D502;48,99806727;2,25360571
202400043714;14;6;2024;18:10;1;80;80164;1;1;1;1;CORBIE (RUE DE);49,90368000;2,37561000
202400008373;26;4;2024;17:30;1;50;50139;1;9;2;3;N174;49,05385200; -1,00482000
202400041823;17;7;2024;11:40;1;11;11069;2;1;1;2;34 Avenue du Général Leclerc;43,21011000;2,36435000
202400046060;27;10;2024;17:59;1;80;80021;1;3;1;3;Rue de Cagny;49,87067000;2,33326000
202400008090;26;11;2024;08:40;1;75;75107;2;3;8;3;QUAI BRANLY;48,85747400;2,29105300
202400019892;28;1;2024;15:40;1;59;59648;1;1;1;6;CLEMENCEAU RUE;50,59202600;3,05165800
202400048871;10;6;2024;17:47;1;64;64125;2;1;1;2;BAYONNE (AVENUE DE);43,44973000; -1,56938000
202400047105;12;6;2024;09:55;1;976;97611;2;1;1;1;tsoundzou-Cadjifouteni ( rue ); -12,80558000;45,20914000
202400036998;17;1;2024;17:00;2;07;07009;2;1;3;6;Route du Saint Joseph;45,24052400;4,79853800
202400029550;19;5;2024;20:45;1;69;69266;1;1;1;3;Route Départementale 383   ;45,76319122;4,90937814
202400034191;3;10;2024;14:00;1;74;74012;2;1;1;1;GARE (RUE DE LA);46,19803300;6,23618700
202400000200;21;3;2024;14:57;1;34;34142;2;1;1;7;Avenue Paul Teisserenc;43,73446200;3,31291400
202400048787;28;3;2024;18:45;1;76;76270;1;1;1;6;RD 6382;49,52606000;0,15323000
202400045889;26;9;2024;23:19;4;59;59323;1;6;1;1;D934;50,31570600;3,62443700
202400018662;27;5;2024;06:00;3;974;97407;1;9;1;3;BOUVET (AVENUE); -20,95293000;55,29516000
202400035704;7;4;2024;13:33;3;33;33296;1;3;1;7;;44,83470100; -0,03860800
202400041620;18;7;2024;23:05;3;69;69197;1;1;1;1;Route du Terrier;46,05323500;4,67445700
202400045196;16;7;2024;07:35;1;13;13213;2;1;1;4;A507 sens Marseille - Aubagne;43,32598000;5,42156000
202400017996;19;4;2024;17:15;1;35;35039;2;2;1;3;Rue de Rennes;48,10565100; -1,48556800
202400024442;27;7;2024;07:55;1;987;98735;2;4;1;3;TIPAERUI (CV); -17,54973000; -149,57762000
202400030283;30;8;2024;16:15;1;13;13001;1;1;1;2;RD9;43,45262000;5,30803000
202400012482;25;1;2024;11:05;1;73;73008;2;1;1;2;VERDUN AVENUE DE;45,69078000;5,91052000
202400005733;25;6;2024;07:55;1;45;45254;2;1;1;3;Allée de Vieux Cours;47,66741000;2,60837300
202400045389;24;3;2024;16:45;1;69;69018;2;1;1;1;Rue Général Leclerc;46,15176386;4,59336825
202400018340;28;1;2024;01:35;5;37;37261;2;1;1;3;WAGNER (BOULEVARD RICHARD);47,37708000;0,71437000
202400030228;24;7;2024;13:15;1;68;68376;2;6;1;3;SOULTZ(ROUTE DE);47,79666000;7,31425000
202400023418;18;2;2024;19:15;5;91;91027;2;1;2;4;L'INDUSTRIE (QUAI DE) ;48,69596000;2,39277000
202400021215;28;6;2024;16:00;1;14;14570;1;1;1;6;363 Chemin des Cahottes;49,06401500;0,32344900
202400036267;27;8;2024;16:22;1;01;01289;1;1;7;7;Route de Saint André sur Vieux Jonc;46,16953000;5,18498000
202400018577;27;5;2024;18:30;1;92;92044;2;1;1;3;VIC. HUGO(RUE)091A113 ET 112A146;48,89692259;2,29560748
202400036122;2;10;2024;08:50;1;41;41018;2;3;8;3;MORIERS (RUE DES);47,56070000;1,29219000
202400018862;12;10;2024;23:10;3;60;60338;1;6;1;6;route départementale 932A;49,37612354;2,79817700
202400000781;30;4;2024;14:30;1;17;17306;2;6;1;3;ROCHEFORT (DE)  (AVENUE);45,64891300; -1,02450300
202400029280;4;3;2024;06:55;5;64;64102;2;3;1;2;SOULT (AVENUE MARECHAL);43,48776000; -1,48276000
202400014522;4;8;2024;20:40;1;30;30010;1;1;1;6;Route de Generargues;44,06285600;3,98157000
202400011360;15;3;2024;23:30;5;75;75109;2;1;1;7;RUE NOTRE DAME DE LORETTE;48,87961100;2,33609200
202400010853;2;6;2024;16:30;1;50;50412;1;1;1;7;Hameau Bosqueville;49,35372800; -1,69777400
202400000455;6;6;2024;16:30;1;13;13056;2;6;1;3;ISTRES ROUTE D';43,42977000;5,04702000
202400017438;28;6;2024;09:50;1;35;35297;1;1;1;6;N164 pk11;48,17782900; -2,19360700
202400016712;29;5;2024;17:30;1;56;56248;2;1;2;3;39b Rue Général Henri de Virel;47,58489600; -2,62886200
202400002808;9;2;2024;16:50;1;77;77438;2;1;2;6;COURTILLIERE (AVENUE DE LA );48,86810000;2,67610000
202400009710;2;2;2024;12:45;1;93;93029;2;2;1;3;Rue des Travailleurs / Avenue de la Concorde;48,91620000;2,46504000
202400007252;2;6;2024;21:40;1;80;80021;1;1;1;7;SAVEUSE (RUE DE);49,90353000;2,24866000
202400053769;24;10;2024;16:15;1;53;53130;2;2;1;6;CHANZY ( AVENUE DE );48,06987000; -0,74964000
202400033671;1;3;2024;21:45;3;07;07343;2;6;1;2;Route d'Alès;44,54126500;4,35151900
202400002529;12;8;2024;12:25;1;27;27498;2;3;1;1;1 Rue Dupont de l?Eure;49,14995600;0,83036400
202400011078;17;10;2024;21:20;5;37;37271;2;2;2;1;54 Rue de la Galandiére;47,23139300;0,49785600
202400036841;10;12;2024;23:15;3;31;31516;2;1;1;6;route des Pyrenées;43,75247800;1,40692600
202400051738;21;9;2024;16:00;1;13;13213;2;1;1;2;Marie Louise (Bd);43,34000000;5,41369000
202400040423;4;11;2024;08:45;1;43;43157;2;1;7;4;Rue Antoine Valette;45,02108000;3,89224000
202400000477;1;5;2024;20:10;1;62;62262;2;1;1;6;D166;50,52271555;2,74748079
202400042654;27;9;2024;10:00;1;94;94068;2;1;1;3;Rue de la Varenne;48,80857982;2,47277033
202400012496;31;1;2024;17:45;2;72;72181;2;3;1;2;LAIGNE RUE DE N° PAIRS 260 ET >;47,96036000;0,20813000
202400023336;8;3;2024;18:50;2;16;16353;1;1;2;7;RD 06;45,68825500;0,44159900
202400047624;31;3;2024;01:00;5;987;98738;2;1;1;6;pk 15 au niveau du rond point du méridien; -17,61730013; -149,61434305
202400006516;9;8;2024;19:56;1;14;14557;2;1;1;2;105 Avenue Ox and Bucks;49,33862000;0,09716000
202400004525;10;8;2024;06:20;2;79;79259;1;3;5;3;;46,94454400; -0,23400000
202400042204;15;6;2024;11:34;1;22;22015;1;1;8;2;la ville marque;48,39436900; -2,59063800
202400021968;6;9;2024;08:30;1;06;06048;2;1;1;2;1906 Route Rd 15 la Roseyre;43,78314000;7,33626000
202400032298;5;10;2024;14:30;1;44;44066;1;1;1;7;chanais;47,35023375; -1,66470050
202400007344;19;10;2024;09:25;1;14;14061;1;2;2;3;Route du Désert;48,90482300; -0,83380200
202400020341;28;7;2024;19:10;1;60;60572;1;1;1;1;D335;49,37270500;3,00057600
202400012712;2;2;2024;07:05;2;06;06004;2;3;1;6;Chemin de Saint Claude;43,59490740;7,10715580
202400037776;27;8;2024;17:00;1;75;75108;2;3;1;3;PLACE HENRI BERGSON;48,87617800;2,31951200
202400042237;7;12;2024;13:05;1;93;93008;1;1;1;6;AUTOROUTE A86;48,90615841;2,46109169
202400037394;24;2;2024;14:30;1;72;72181;2;1;3;2;RHIN ET DANUBE (AV) N° IMP 271 A 339;48,02170000;0,18321000
202400049617;4;12;2024;16:20;1;61;61213;1;3;5;3;D909;48,47315900; -0,13096600
202400031528;2;3;2024;14:32;1;92;92033;2;6;2;3;GARE;48,83847492;2,18671560
202400053629;1;1;2024;07:15;5;93;93077;2;1;1;5;Rue de Neuilly;48,87749000;2,52332000
202400028597;6;10;2024;17:30;1;28;28215;1;2;2;2;D939;48,34874500;1,81218100
202400041948;15;6;2024;19:45;1;77;77372;1;3;1;1;D 934;48,88141000;2,66091000
202400052810;12;2;2024;18:25;1;974;97411;2;2;1;3;CHAUDRON  (BLD 1 DU); -20,89873000;55,49649000
202400026395;26;7;2024;18:10;1;95;95527;1;1;3;7;A1;49,00473404;2,52582663
202400015166;30;6;2024;19:30;1;94;94028;2;5;1;3;Rue René Arcos / Rue du Jeu de Paume;48,77766289;2,46049279
202400053861;7;2;2024;15:55;1;2A;2A271;2;1;1;3;#Caldaniccia#;41,95104900;8,80794500
202400022551;23;5;2024;20:05;1;58;58194;2;3;1;3;AMIRAL JACQUINOT;46,98401000;3,18366000
202400017842;30;1;2024;15:13;1;38;38169;2;3;1;3;Boulevard Joliot Curie;45,19704000;5,69376000
202400049239;11;6;2024;14:30;1;75;75108;2;3;1;4;PLACE HENRI BERGSON;48,87619000;2,31946400
202400009686;23;9;2024;11:37;1;82;82033;1;3;8;6;Chemin de Peyrat;44,03414427;1,17438868
202400022401;28;7;2024;06:52;2;54;54395;2;1;1;6;boulevard du 21ème RA;48,69248000;6,19284000
202400032620;8;11;2024;20:00;3;49;49261;1;1;8;5;D69;47,30673500; -0,24654900
202400027986;25;7;2024;14:15;1;75;75120;2;1;1;4;BD PERIPHERIQUE INTERIEUR;48,85634400;2,41392300
202400001165;12;2;2024;18:56;5;91;91235;2;2;2;6;Rue de l'Ecoute S'Il Pleut;48,64118400;2,36389800
202400015445;30;6;2024;22:05;5;33;33063;2;3;1;3;;44,86582000; -0,56110000
202400015108;14;3;2024;15:50;1;75;75116;2;1;1;7;ROUTE DE LA SEINE A LA BUTTE MORTEMART;48,85206100;2,23197500
202400027228;6;3;2024;18:30;2;59;59268;1;1;1;1;3155 Rue du Grand Chemin;50,61450200;2,74779300
202400053859;14;8;2024;16:15;1;93;93007;2;2;1;3;Rue Saint Saens / Rue Charles Gounod;48,93882000;2,46789000
202400002192;29;11;2024;11:00;1;64;64445;2;1;1;6;PEBOUE;43,30835000; -0,33772000
202400046441;4;12;2024;18:55;5;91;91345;2;1;1;4;RUE MICHEL DE GAILLARD;48,69747000;2,29001000
202400005349;21;10;2024;19:30;3;91;91689;1;1;1;3;AUTOROUTE A6;48,72355000;2,31218000
202400017929;30;1;2024;18:40;5;75;75111;2;3;1;1;RUE LOUIS BONNET;48,87025198;2,37648332
202400001181;23;10;2024;20:05;3;17;17157;1;1;1;2;A10;45,89967000; -0,59373400
202400050381;10;7;2024;16:55;1;55;55043;2;1;1;2;DE GAULLE (GENERAL);49,17429000;5,38093000
202400054249;29;11;2024;19:07;5;04;04112;2;1;1;1;EN DESSOUS (RUE D');43,82906000;5,78911000
202400037445;14;1;2024;10:46;1;92;92050;1;1;1;6;A86;48,89399306;2,18968636
202400043219;9;1;2024;07:00;5;91;91228;2;2;4;2;CHAMPS ELYSEES (BOULEVARD DES);48,62610000;2,42376000
202400051492;26;3;2024;20:18;5;84;84007;2;9;2;3;MONCLAR (AVENUE);43,93282000;4,80285000
202400018587;1;8;2024;18:50;1;05;05178;1;1;1;7;Impasse du Roussi;44,38069500;5,91129900
202400051017;10;6;2024;12:30;1;92;92062;2;4;1;2;DE DION BOUTON (QUAI) DU 29 AU 65;48,88053713;2,24511623
202400018634;29;5;2024;14:30;1;19;19085;1;1;8;6;;45,30580847;1,82465649
202400006891;16;1;2024;18:00;2;986;98611;2;1;1;7;RT1, Poi roaume d'Alo ; -14,29312100; -178,09438700
202400014575;26;12;2024;17:20;2;83;83137;1;1;1;2;A57;43,12213900;5,95594954
202400033460;1;3;2024;01:40;5;75;75119;2;2;2;6;AVENUE JEAN JAURES;48,88878100;2,39307500
202400007402;20;3;2024;12:55;1;13;13216;1;1;1;2;A55-Sens Marseille vers Martigues;43,35557748;5,34706133
202400026938;25;6;2024;20:45;1;69;69116;1;1;1;1;814 Route du Mont Verdun;45,84017700;4,77907500
202400014030;28;12;2024;14:45;1;86;86244;2;1;1;1;16 Rue du Four;46,35980100;0,05320400
202400022041;14;4;2024;14:30;1;51;51425;1;1;1;7;D980;49,13211000;3,68153600
202400041291;11;5;2024;20:30;1;75;75116;2;2;1;7;RUE DE BOULAINVILLIERS;48,85423600;2,27551400
202400050303;3;12;2024;13:17;1;75;75116;2;1;1;2;BD PERIPHERIQUE INTERIEUR;48,86016400;2,26355400
202400009070;18;10;2024;11:05;1;91;91657;2;1;8;3;AV HENRI BARBUSSE;48,69977000;2,41852000
202400028675;24;6;2024;18:00;1;75;75109;2;2;1;6;RUE DE MAUBEUGE;48,87725800;2,34269100
202400040411;1;11;2024;16:50;1;49;49099;2;3;8;6;GIRARDIERE (RUE DE LA);47,04288000; -0,90611000
202400030632;23;6;2024;18:58;1;2B;2B034;1;9;1;2;rt30;42,63643700;9,01253100
202400005091;4;6;2024;18:25;1;72;72003;2;1;1;2;CROIX GEORGETTE (RTE DE LA);47,98368000;0,15185000
202400049035;13;7;2024;10:20;1;973;97302;2;3;1;1;FLAMBOYANTS (RUE DES);4,92370548; -52,31952935
202400021461;21;12;2024;10:45;1;85;85191;1;1;1;1;RD37;46,69354000; -1,42491000
202400005708;21;3;2024;16:20;1;03;03188;1;3;1;1;D987;46,28859600;3,25363800
202400052054;22;9;2024;05:50;3;62;62647;2;1;1;6;D94;50,39347082;2,09644799
202400047571;14;8;2024;09:35;1;81;81271;2;1;2;6;Avenue Pasteur;43,77327500;1,68550600
202400031392;10;4;2024;09:00;1;75;75118;2;2;1;6;RUE DE CLIGNANCOURT;48,89406400;2,34924500
202400012348;5;8;2024;19:45;1;51;51454;2;1;1;7;COURCELLES (RUE DE) DU 1 AU 97 ET 2 A 22;49,25782000;4,02176000
202400009355;14;3;2024;17:15;1;22;22113;2;1;1;3;CORDIERS (RUE DES);48,73110000; -3,44668000
202400020555;20;7;2024;12:35;1;14;14117;2;1;1;6;24 Avenue Georges Clémenceau;49,29130000; -0,12072000
202400001119;9;2;2024;11:10;1;75;75117;2;1;8;2;PORTE DE CHAMPERRET;48,88527700;2,28712300
202400031208;3;3;2024;19:45;3;32;32301;1;1;1;3;Route Nationale 124, PK 71+580;43,71079600;0,44239300
202400043078;11;5;2024;09:55;1;63;63268;1;2;1;3;RD 996 /rue de la Coste;45,55885100;3,16617100
202400007626;7;7;2024;02:45;3;80;80541;1;1;1;1;D930;49,63592500;2,52496700
202400034041;28;8;2024;12:00;1;49;49007;2;2;1;1;MILLOT BOULEVARD JACQUES;47,45305000; -0,53858000
202400001415;30;11;2024;15:15;1;34;34169;2;1;1;1;ROUTE M112;43,66382800;3,86348600
202400052979;24;10;2024;07:55;2;61;61043;2;2;1;5;D955;48,34528300;0,74602400
202400015383;9;3;2024;15:20;1;68;68166;2;1;1;7;NOYER (RUE DU);47,79144000;7,33229000
202400016085;9;9;2024;14:45;1;83;83137;2;9;1;1;BRIAND (AVE ARISTIDE PROLONGEE);43,11996000;5,88774000
202400036772;6;11;2024;17:30;2;72;72176;2;5;1;1;2 Avenue de la Libération;47,64707300;0,15277700
202400017248;30;6;2024;09:30;1;91;91161;2;1;1;1;RUE PIERRE MENDES FRANCE;48,69529000;2,31157000
202400026122;3;9;2024;15:00;1;31;31467;2;3;1;3;Avenue de Fronton;43,67964900;1,42233000
202400044196;7;12;2024;18:00;5;33;33063;2;3;2;6;;44,89184000; -0,56531000
202400002711;10;8;2024;07:50;1;13;13058;1;1;1;3;D5;43,74744400;4,83125900
202400054175;19;9;2024;13:00;1;81;81004;2;6;1;3;Route de Cordes;43,94252000;2,13590000
202400024500;23;5;2024;16:20;1;75;75112;2;5;1;6;AVENUE DU DOCTEUR ARNOLD NETTER;48,84480000;2,40549000
202400016676;29;5;2024;09:20;2;75;75114;2;3;2;7;BOULEVARD BRUNE;48,82383900;2,32324700
202400053690;1;1;2024;12:45;1;01;01434;1;1;1;1;D22b;45,97504900;5,12629800
202400053839;25;3;2024;17:00;1;67;67137;1;1;1;6;M83;48,50517000;7,69504000
202400042580;26;9;2024;07:24;5;27;27229;2;2;2;3;LEPOUZE (RUE);49,02731000;1,15546000
202400012791;22;5;2024;13:10;1;77;77468;2;1;2;6;LAGNY (ROUTE DE);48,85934000;2,65019000
202400029354;11;4;2024;07:55;1;88;88160;2;6;1;3;CEDRES (AV. DES);48,18582000;6,46434000
202400009445;5;7;2024;22:00;2;62;62767;2;1;1;1;Rue de Bethune;50,38305900;2,33754900
202400043916;22;8;2024;03:50;5;25;25462;2;1;1;6;MOULIN PARNET DU;46,90741600;6,35318300
202400019747;28;1;2024;18:00;3;13;13093;2;3;1;3;D561;43,68702800;5,39488300
202400040304;29;9;2024;12:20;1;62;62706;2;1;1;6;D166;50,57895200;2,73891900
202400047128;18;2;2024;00:30;5;93;93055;2;2;1;3;Avenue Anatole France / Avenue Jean Lolive;48,89536100;2,42567200
202400008181;26;11;2024;12:00;1;92;92012;2;2;1;6;YVES KERMEN (RUE) 51/FIN - 40/FIN;48,82846518;2,23869771
202400031650;19;1;2024;19:10;5;53;53130;2;6;1;3;CROSSARDIERE ( RUE );48,07342000; -0,76792000
202400038786;10;12;2024;18:10;3;77;77276;1;1;2;4;RD 360;48,92091071;2,88023472
202400010332;5;2;2024;07:50;1;34;34183;1;1;1;1;d162;43,29726900;3,13121100
202400026005;23;1;2024;18:15;5;22;22183;2;3;8;3;Rue Jéhan Crès;48,14223300; -2,60571800
202400004829;7;12;2024;09:20;1;88;88268;1;1;2;1;N159;48,28597200;7,06886400
202400027561;18;12;2024;19:25;5;92;92012;2;1;1;3;PIERRE LEFAUCHEUX (AVENUE);48,82432287;2,24194765
202400025058;7;3;2024;13:00;1;34;34172;2;4;1;3;BOUISSON-BERTRAND (AVENUE);43,61710000;3,87332000
202400029652;19;5;2024;15:25;1;63;63113;2;2;1;3;rue de la Cerisiere /  rue de Marmillat;45,79410148;3,11244607
202400031494;20;1;2024;17:15;1;64;64010;1;1;1;3;RD 29;43,35517200; -1,02228600
202400000386;19;9;2024;17:40;1;89;89441;1;1;1;7;A6;47,70031800;3,81025500
202400028082;2;9;2024;07:30;1;93;93031;2;6;1;3;Avenue Joffre / Avenue Galliéni;48,96173000;2,29510000
202400004986;8;2;2024;23:00;5;75;75118;2;1;2;5;BOULEVARD BARBES;48,89101500;2,34961400
202400032686;20;6;2024;06:00;2;75;75119;2;1;1;6;AVENUE DE LA PORTE DU PRE SAINT GERVAIS;48,87917600;2,40176800
202400048743;29;3;2024;13:25;1;83;83126;2;6;1;3;LA SEYNE A OLLIOULES (CHEMIN DE);43,10976000;5,85748000
202400019673;30;1;2024;12:55;1;69;69070;2;1;1;1;4 Rue des Marronniérs;46,01342700;4,37174300
202400017955;18;4;2024;20:17;3;21;21406;1;1;1;6;D9;47,30868000;4,72243700
202400028448;3;10;2024;13:15;1;83;83023;1;1;1;1;D43;43,35377750;6,08967131
202400044692;27;10;2024;00:10;3;60;60045;1;1;1;2;RD1324;49,21752000;2,68567400
202400030048;1;9;2024;20:50;2;27;27246;2;3;1;6;Rue Augustin Leonard;49,36538700;1,36456800
202400018398;9;9;2024;10:10;1;60;60446;1;1;2;6;N2;49,13353900;2,79780400
202400029343;11;4;2024;19:24;1;91;91425;2;2;1;6;RUE DU MAILLE;48,64050000;2,26846000
202400024116;24;1;2024;21:30;5;75;75115;2;1;1;1;BD PERIPHERIQUE EXTERIEUR;48,83331700;2,27821600
202400012473;29;12;2024;10:50;1;973;97302;2;1;2;6;14 ET 22 JUIN 1962;4,93453000; -52,32710000
202400001485;23;10;2024;16:30;1;93;93005;2;3;1;6;CHARLES FLOQUET (BOULEVARD);48,93709094;2,49870443
202400013540;2;7;2024;15:20;1;13;13202;2;1;1;3;CAMILLE PELLETAN (AVENUE);43,30329000;5,37373000
202400051117;26;10;2024;20:35;5;93;93078;2;2;1;1;DAMBEL (AVENUE EMILE);48,95371000;2,54922000
202400022472;29;7;2024;21:30;1;75;75111;2;2;1;6;AVENUE PARMENTIER;48,86502536;2,37467462
202400026880;13;11;2024;12:35;1;92;92050;2;1;1;6;SADI CARNOT RUE;48,88896193;2,20414303
202400025510;13;4;2024;04:52;3;51;51168;1;1;1;2;Route Départementale 977;48,90002000;4,30274000
202400029706;20;1;2024;16:20;1;94;94073;2;2;1;3;Avenue de Versailles / rue simone veil;48,75825000;2,39294000
202400005212;21;10;2024;23:05;5;31;31555;2;1;1;6;MINIMES (BD DES) DU 1AU 76;43,61553000;1,44479000
202400009313;18;3;2024;19:10;2;974;97407;2;1;1;7;COMPAGNIE DES INDES (BD DE LA) ; -20,94485000;55,31648000
202400047314;29;3;2024;08:20;1;94;94002;2;1;8;3;Rue Paul Vaillant Couturier;48,81256000;2,41613000
202400020207;6;9;2024;04:40;4;971;97113;1;1;1;2;RN4 - SECTION RIVIERA;16,21797000; -61,49827000
202400006955;19;11;2024;21:10;3;63;63414;1;1;2;2;;45,73345852;3,56062040
202400048040;30;3;2024;16:18;1;19;19031;2;1;1;4;MENDES FRANCE (AVENUE PIERRE);45,14348131;1,47169161
202400038873;10;12;2024;08:26;1;75;75109;2;3;2;3;RUE SAINT LAZARE;48,87573700;2,32778700
202400026511;8;10;2024;12:25;1;93;93051;2;1;2;3;GABRIEL PERI (AVENUE);48,83288159;2,56633548
202400025723;3;9;2024;14:55;1;988;98818;2;1;8;4;RUE FERNAND FOREST; -22,24121000;166,45293000
202400002323;27;4;2024;20:45;3;973;97302;1;1;1;2;ROUTE NATIONALE 1;4,90199348; -52,32483387
202400043985;14;6;2024;10:03;1;75;75104;2;2;1;6;RUE SAINT MERRI;48,86017400;2,35092200
202400019834;22;12;2024;03:00;5;75;75112;2;3;2;1;BOULEVARD DIDEROT;48,84608100;2,37600700
202400033154;9;4;2024;11:40;1;75;75111;2;3;8;6;AVENUE PARMENTIER;48,86934600;2,37163600
202400049230;16;2;2024;16:55;1;51;51454;2;9;2;6;VESLE (RUE);49,25405400;4,03041100
202400009926;25;11;2024;08:55;1;92;92040;2;1;2;6;RODIN (BOULEVARD);48,81887541;2,25817144
202400048682;29;3;2024;16:45;1;91;91161;1;1;2;2;AUTOROUTE A6;48,70061031;2,31006861
202400003781;8;7;2024;11:45;1;13;13117;1;1;1;2;CD 9 ESTROUBLANS;43,42761000;5,26172000
202400032512;23;6;2024;01:50;3;85;85051;2;6;1;7;RD949B;46,68449000; -1,03601700
202400040900;13;1;2024;18:05;5;86;86174;1;6;8;3;D161;46,78101900;0,53039100
202400041353;5;4;2024;16:20;1;51;51097;1;1;2;7;Autoroute A4 - PK187.200;49,02988560;4,54248130
202400020076;31;7;2024;12:05;1;974;97407;2;9;1;3;BELLEAU REMI(RUELLE); -20,94074000;55,29748000
202400013905;21;11;2024;07:23;1;13;13212;2;1;1;2;A507 sens Aubagne- Marseille;43,29655000;5,42453000
202400042180;15;6;2024;18:25;1;56;56154;1;1;1;1;Le Pont d'Oust;47,72851700; -2,21449700
202400015693;21;4;2024;04:30;3;26;26058;1;1;1;7;Autoroute A7 PK 65.050 N/S;44,97943200;4,88333700
202400045964;21;8;2024;18:20;1;36;36025;2;1;1;6;Rue du Château;46,55743127;2,02327509
202400047618;30;3;2024;15:50;1;10;10084;1;1;1;6;A26;48,40520000;4,14870000
202400048261;10;6;2024;12:45;1;67;67482;2;1;1;3;DOUBS (RUE DU);48,55862000;7,73400000
202400038063;1;10;2024;20:45;5;93;93005;2;9;1;6;MAXIMILIEN ROBESPIERRE (RUE);48,94809419;2,50186764
202400019028;12;3;2024;09:45;1;77;77495;1;1;8;2;A5B;48,57960300;2,63802500
202400006248;25;4;2024;20:10;1;49;49007;2;1;1;7;MOULIN BOULEVARD;47,49228000; -0,55441000
202400034631;20;6;2024;08:20;1;94;94071;2;1;2;2;Avenue Georges Pompidou;48,77123261;2,52320123
202400037040;15;1;2024;00:15;3;35;35256;1;1;1;2;D603;48,61512300; -2,11435300
202400027179;16;12;2024;18:15;5;91;91421;2;2;1;3;AV HENRI BARBUSSE;48,70548000;2,43878000
202400042993;10;5;2024;13:30;1;75;75119;2;3;1;3;RUE DE CRIMEE;48,89016100;2,37739700
202400018747;12;10;2024;12:00;1;971;97113;2;1;1;3;MONTAUBAN (SECTEUR);16,21621000; -61,50363000
202400023167;27;6;2024;09:13;1;94;94018;1;1;1;3;A4;48,82253799;2,39690691
202400020284;26;1;2024;08:15;5;60;60057;2;6;2;1;Avenue Nelson Mandela;49,43391000;2,06207000
202400030853;10;11;2024;19:40;5;92;92049;2;1;1;2;VERDIER AVENUE AUTRES N°;48,81616205;2,30917141
202400029463;22;1;2024;21:10;5;93;93008;2;9;1;6;Avenue Paul Vaillant - Couturier;48,90558000;2,46718000
202400019080;11;3;2024;03:40;3;91;91161;2;1;1;1;RTE DE MASSY;48,71206000;2,30837000
202400033901;15;5;2024;13:50;1;92;92012;2;9;1;5;PONT DE SEVRES (ROND POINT DU);48,82892350;2,22856826
202400046195;6;12;2024;10:00;1;93;93047;2;9;1;6;JEAN JAURES (AVENUE);48,89823794;2,55561360