Num_Acc;jour;mois;an;hrmn;lum;dep;com;agg;int;atm;col;adr;lat;long
202400030318;23;7;2024;18:30;1;94;94028;2;1;1;3;Avenue Francois Mauriac;48,78594915;2,45441222
202400039439;11;5;2024;15:00;1;33;33063;2;1;1;3;;44,83549000; -0,56932000
202400013296;16;3;2024;01:03;3;06;06088;1;1;1;6;autoroute A8;43,73203400;7,27844200
202400035471;16;1;2024;19:30;5;59;59009;2;2;9;3;Rue des Fusilles;50,61895517;3,14222287
202400039058;13;5;2024;17:00;1;93;93066;2;1;1;6;Rue du Docteur Delafontaine;48,93623324;2,37351036
202400013950;28;12;2024;18:30;5;94;94041;2;1;1;1;Avenue Jean Jaurès;48,81111000;2,40321000
202400033016;14;12;2024;01:45;5;93;93029;2;1;1;6;JOFFRE (PLACE);48,93123349;2,45677975
202400003026;28;12;2024;23:45;3;28;28229;1;3;2;2;D939;48,46402600;1,42826800
202400010689;31;12;2024;14:56;1;69;69290;2;1;1;6;Rue Henri Maréchal;45,69400212;4,94108781
202400002669;10;8;2024;17:40;1;92;92012;2;1;1;3;JEAN JAURES (BOULEVARD) 1/61 - COTE IMPA;48,84331808;2,23804379
202400038989;13;1;2024;10:51;1;47;47032;2;1;8;6;NOGUES (avenue du);44,18690000;0,66062000
202400034614;20;6;2024;05:15;1;75;75118;2;3;1;3;RUE MARX DORMOY;48,88450900;2,35943200
202400016871;27;5;2024;09:25;1;10;10387;2;2;1;6;Rue d'Alsace - Lorraine;48,28592000;4,08277000
202400037649;12;5;2024;11:21;1;50;50147;2;1;1;2;ALSACE LORRAINE (BOULEVARD);49,04949000; -1,44763000
202400012083;10;9;2024;07:25;2;95;95323;2;2;1;6;OISE (BOULEVARD DE L');49,02102920;2,02187955
202400037145;13;5;2024;09:40;1;75;75117;2;1;1;4;BD PERIPHERIQUE INTERIEUR;48,88457800;2,28630100
202400032742;21;6;2024;02:30;5;93;93064;2;6;1;6;Boulevard Gabriel Péri / Rue Jules Ferry;48,87739800;2,47533300
202400045068;2;4;2024;16:45;1;76;76177;1;2;8;1;D151;49,60010300;1,17752200
202400021363;16;11;2024;12:00;1;2B;2B037;2;9;1;3;TOUTES RUES;42,63272000;9,43512000
202400012893;31;5;2024;09:15;1;04;04094;1;1;1;1;D4;43,75042000;5,80395700
202400036482;1;10;2024;08:01;1;64;64260;2;2;1;3;GAULLE CHARLES (RUE DE);43,35871000; -1,77601000
202400054189;10;7;2024;18:50;1;34;34172;2;1;1;7;LODEVE (AVENUE DE;43,61214000;3,84584000
202400011548;15;3;2024;12:00;1;76;76108;2;1;2;3;Chemin de Clères;49,45787130;1,09428227
202400009126;2;6;2024;01:26;3;33;33529;1;1;1;1;;44,64300000; -1,15410000
202400014705;3;8;2024;23:45;5;63;63233;2;2;1;1;11 Rue des Fossés;46,18100000;2,80667400
202400032109;22;7;2024;17:00;1;19;19031;2;2;1;3;Avenue Jacques Et Bernadette Chirac;45,16676640;1,54552567
202400052937;10;7;2024;16:55;1;93;93070;2;1;1;6;ALBERT-DHALENNE (RUE);48,91407400;2,33280300
202400015760;22;1;2024;18:00;2;78;78646;2;4;1;7;REMONT (RUE);48,79042000;2,15455000
202400025599;19;12;2024;01:16;4;94;94042;1;1;2;6;A4;48,82818677;2,47432101
202400034359;22;6;2024;19:30;1;50;50260;2;1;1;6;Rue des Ecoles;48,67653900; -1,01906700
202400045817;19;2;2024;18:25;5;75;75112;2;1;2;3;RUE DE BERCY;48,84387400;2,37315800
202400019470;13;11;2024;08:00;2;06;06029;2;1;1;7;81 Boulevard Carnot;43,56091000;7,01675000
202400038280;5;11;2024;11:30;1;974;97411;1;1;1;3;BERNARD (RUE SAINT-); -20,89927000;55,40097000
202400041582;2;4;2024;15:15;1;54;54395;2;3;1;6;Rue des Brice;48,67933928;6,18195266
202400003426;23;10;2024;12:24;1;12;12021;1;1;1;5;D648;44,29523500;2,10717600
202400038999;13;1;2024;12:11;1;35;35238;2;6;8;3;BIGOT DE PREAMENEU;48,09806000; -1,66688000
202400004449;28;5;2024;10:30;1;74;74104;1;1;1;3;Route d'Annecy;45,79510600;6,21316600
202400006436;27;4;2024;14:10;1;07;07317;2;1;6;7;Chemin de Chardenos;45,22990900;4,77157500
202400019533;18;11;2024;06:44;3;59;59263;1;6;3;2;D643;50,32596000;3,10965700
202400002099;30;4;2024;18:10;1;93;93006;2;2;8;6;Rue Raymond Lefebvre / Rue Auguste Blanqui;48,87220934;2,42632627
202400011648;22;11;2024;15:30;1;76;76692;1;2;1;3;D5;49,69398300;0,63847300
202400040528;27;10;2024;00:10;5;2A;2A139;2;2;1;3;#Strada Sampieru Corsu#;41,63628600;9,34372700
202400052870;1;1;2024;09:30;1;94;94017;2;1;1;2;Avenue de la République;48,81887000;2,51147000
202400035175;12;5;2024;08:35;1;33;33517;2;1;2;1;;45,05618600; -0,69986900
202400032385;4;10;2024;08:45;1;44;44109;2;9;1;1;20 Quai Henri Barbusse;47,22616000; -1,55309000
202400041699;4;5;2024;10:15;1;74;74123;1;4;1;2;Route d'annecy;45,75533600;6,27302400
202400036885;12;12;2024;17:40;3;60;60106;1;1;1;1;D37;49,38673100;2,45604500
202400048076;20;9;2024;08:17;1;29;29061;2;6;1;3;rue Gaston Planté;48,42853611; -4,46120024
202400038379;5;11;2024;19:05;5;54;54395;2;3;5;6;Place Carnot;48,69363000;6,17802000
202400007268;10;8;2024;14:20;1;74;74140;1;3;7;3;Route du Col de Terramont;46,24481500;6,47755600
202400017793;7;9;2024;12:20;1;93;93029;1;1;1;5;AUTOROUTE A86;48,92256332;2,42727135
202400042551;7;12;2024;16:00;1;29;29215;1;1;6;1;D784;47,99668115; -4,37612321
202400027629;24;1;2024;08:00;2;41;41233;2;1;2;1;43 Rue du Bourg Neuf;47,43498400;1,29147500
202400038625;11;12;2024;18:45;2;94;94019;2;3;1;6;Avenue Georges;48,79961298;2,54020858
202400037659;17;7;2024;15:00;1;56;56017;1;1;1;6;kermoël;47,89104300; -2,79202900
202400013794;22;4;2024;07:20;1;62;62817;2;1;1;2;D939;50,27861230;2,82000320
202400015814;18;4;2024;18:15;1;49;49328;1;1;1;6;ROCADE N 347;47,28860000; -0,04523000
202400033405;8;4;2024;06:20;4;92;92072;1;1;1;6;N118;48,82701466;2,22422590
202400013152;15;10;2024;09:20;2;59;59043;2;1;5;3;LILLE (ROUTE DE);50,71959000;2,80488000
202400016108;23;12;2024;14:45;1;83;83042;2;1;6;6;59 Rue Marceau;43,24552800;6,53322300
202400034859;13;12;2024;20:05;5;33;33075;2;3;1;3;;44,87798000; -0,62387000
202400019547;17;4;2024;12:20;1;974;97411;2;6;1;2;JAURES (BOULEVARD JEAN); -20,90090000;55,48717000
202400049389;13;7;2024;18:15;1;31;31555;2;1;1;3;BD GRIFFOUL DORVAL;43,58899908;1,46061838
202400040664;9;12;2024;18:10;5;75;75116;2;7;2;3;PLACE VICTOR HUGO;48,86943300;2,28518900
202400037563;22;2;2024;14:35;1;63;63113;2;1;1;6;CLEMENTEL (BD ETIENNE);45,81099500;3,10943395
202400006876;27;11;2024;22:00;3;28;28134;1;9;5;6;D 152 (MESNIL SUR L'ESTREE);48,76300000;1,36860000
202400030039;19;5;2024;21:39;3;71;71086;1;1;1;1;Route de Tourny;46,40800440;4,25285236
202400052549;26;3;2024;20:20;5;95;95252;1;9;3;3;A115;48,98430558;2,24152258
202400028249;27;7;2024;14:10;1;81;81104;1;1;1;7;D87;43,77703600;1,82709900
202400048673;5;1;2024;19:00;3;59;59284;1;9;2;3;CD 40;50,41963000;3,40700000
202400006897;6;2;2024;16:05;1;28;28015;1;1;1;3;RD 19.4;48,44763600;1,77706500
202400043736;21;8;2024;14:20;1;974;97411;2;3;1;3;MANES (RUE EDOUARD); -20,89561000;55,49493000
202400053287;11;7;2024;17:50;1;38;38073;2;2;1;1;Route du Grand Armet;44,98711100;5,96964200
202400026964;23;6;2024;21:20;1;59;59636;1;1;1;2;ROUTE METROPOLITAINE 652;50,67225000;3,03998000
202400004169;28;4;2024;11:20;1;13;13054;1;6;8;3;BRICARD (QRT );43,39370000;5,19342000
202400001098;7;6;2024;08:45;1;50;50218;1;1;1;4;AVRANCHES (ROUTE D');48,82593000; -1,55997000
202400039947;17;6;2024;19:00;1;94;94046;2;1;1;6;12 Avenue Gambetta;48,80999900;2,43612200
202400010211;24;11;2024;16:00;1;64;64189;2;1;6;2;BENOIT PIERRE (BOULEVARD);43,38826068; -1,67316198
202400046796;7;5;2024;17:40;1;75;75117;2;1;1;6;BOULEVARD PEREIRE;48,87854400;2,28502600
202400050411;4;12;2024;18:25;4;01;01007;2;3;1;5;D36;46,01007400;5,36368800
202400030471;5;10;2024;00:30;5;75;75107;2;2;1;3;RUE VANEAU;48,85168500;2,31904200
202400034875;6;11;2024;12:37;1;93;93007;2;1;1;6;"""PIERRE SEMARD (RUE """"COTE IMPAIRS"""")""";48,93254000;2,47766000
202400004919;20;12;2024;15:35;1;74;74081;2;9;1;6;Gare routière;46,06172800;6,58251600
202400053589;26;3;2024;14:30;1;29;29111;1;1;1;1;Trofagan;48,57701200; -4,22749400
202400013677;20;4;2024;15:15;1;75;75117;2;4;1;2;BOULEVARD BESSIERES;48,89499100;2,31553600
202400024980;7;3;2024;06:15;5;76;76498;2;3;1;6;Allée Raoul Dufy;49,42670000;1,06213000
202400052576;14;2;2024;22:30;3;66;66148;1;1;1;1;D914;42,51203200;3,09610600
202400001391;30;11;2024;15:30;1;47;47293;1;1;5;7;Route du Fleuve;44,15553022;0,70334548
202400025335;7;3;2024;07:00;1;95;95154;1;1;1;4;A1;49,04321551;2,54423985
202400031159;12;1;2024;08:30;1;44;44162;2;1;8;6;1 Rue de la Gironde;47,21081842; -1,61357032
202400031162;3;3;2024;11:45;1;974;97416;1;1;2;2;RN02; -21,34330000;55,49650000
202400026669;7;10;2024;16:30;1;75;75118;2;3;8;3;RUE DE LA CHAPELLE;48,89085400;2,35992100
202400042672;23;8;2024;12:15;1;73;73256;1;1;1;4;D902 Route du Télégraphe;45,19879140;6,46272379
202400048742;5;1;2024;19:35;4;17;17300;2;1;1;6;Avenue Carnot;46,16471900; -1,18257200
202400014096;2;2;2024;13:55;1;62;62393;1;1;1;1;D229;50,92049278;2,00112306
202400010596;6;8;2024;20:15;1;42;42069;2;3;1;7;Rue Victor Hugo;45,99164300;4,06520400
202400005877;15;9;2024;06:15;2;95;95450;1;1;1;6;HAUTIL (BOULEVARD DE L');49,02486000;2,06055000
202400052098;27;3;2024;19:55;5;59;59252;2;1;1;7;Rue d?Armentieres;50,70625000;2,92759400
202400047812;13;6;2024;10:20;1;07;07010;1;1;1;6;D121;45,23687262;4,61958766
202400031198;3;3;2024;03:45;5;94;94041;2;1;2;6;76 Avenue Maurice Thorez;48,81447071;2,37879392
202400034803;13;12;2024;19:35;5;78;78146;2;7;1;6;GUY DE MAUPASSANT (AVENUE);48,90401700;2,15687200
202400006529;11;11;2024;14:30;1;50;50626;1;1;1;6;La Croix au Gros;48,91431400; -1,38807000
202400054292;25;3;2024;12:46;1;47;47001;2;1;1;3;JAURES (AV. JEAN);44,20318000;0,62887000
202400020702;25;5;2024;01:25;3;33;33550;2;1;1;1;;44,77322000; -0,53733000
202400014500;5;8;2024;09:30;1;976;97602;1;1;1;2;Route Nationale 1; -12,71517900;45,12636400
202400033751;8;4;2024;07:00;1;27;27229;2;1;2;2;GAMBETTA (BOULEVARD);49,01917000;1,14869000
202400032249;23;7;2024;15:55;1;63;63178;2;6;1;3;D996-Route de Perrier-giratoire rue colonnel Buret;45,54359200;3,22442300
202400037882;28;8;2024;10:50;1;30;30284;1;6;1;3;Avenue de Ladrecht;44,14568500;4,06837500
202400050233;27;10;2024;13:50;1;29;29162;1;3;1;3;Lieu Dit Croas Diben;48,20629910; -3,98272106
202400021570;22;12;2024;12:50;1;39;39017;2;2;8;3;14 Rue Honore Chapuis;46,76038100;5,53078300
202400037597;19;7;2024;22:20;3;92;92022;1;1;1;7;PAVE DE MEUDON (RUE DU);48,80446096;2,19516680
202400012355;7;12;2024;20:25;3;79;79157;1;1;6;7;;47,00771300; -0,17252000
202400014130;13;12;2024;13:33;1;13;13213;1;1;1;3;A507 sens Aubagne- Marseille;43,33001000;5,40668000
202400018046;24;12;2024;15:55;2;95;95365;1;1;2;3;N104;49,05773707;2,42088314
202400008319;4;8;2024;15:15;1;62;62188;1;1;1;3;D916;50,54248676;2,45844980
202400051712;27;3;2024;16:20;1;51;51172;2;1;1;2;ALSACE LORRAINE (BOULEVARD);49,21970000;4,03965000
202400035873;21;7;2024;19:35;1;50;50487;1;1;1;6;Boulevard Willy Stein;48,52871300; -1,33904500
202400023735;19;12;2024;05:00;5;66;66136;2;9;1;6;POUDRIERE (CHEMIN DE LA);42,71629000;2,89580000
202400011666;23;11;2024;18:00;3;04;04116;1;2;1;3;D4;44,00016200;5,93890400
202400017803;17;4;2024;17:00;1;13;13028;2;6;1;3;ROVARCH (AVENUE PIERRE);43,19229187;5,60894914
202400024109;3;9;2024;19:30;2;92;92025;2;9;8;4;GENERAL LECLERC (PLACE DU);48,92302000;2,25250000
202400008474;6;2;2024;18:32;5;47;47001;2;1;1;3;CARTOU (RUE DE);44,18735000;0,61802000
202400050060;2;12;2024;07:00;5;57;57672;2;1;2;6;PERCEE SUD CD 1;49,35258000;6,17499000
202400024389;28;7;2024;15:25;1;08;08202;1;3;1;2;47 grand'rue;49,94720200;4,53164600
202400003598;10;7;2024;11:30;1;06;06120;1;9;1;7;route de la bonette;44,30570100;6,90495000
202400048432;28;10;2024;18:45;2;974;97409;2;1;1;2;DU CENTRE(IMPASSE); -20,94786000;55,65361000
202400032655;10;11;2024;05:20;5;52;52423;2;1;5;6;Rue de la Gare;48,26388700;5,33206100
202400032424;4;10;2024;03:00;5;75;75104;2;2;1;1;QUAI DE GESVRES;48,85675100;2,34895900
202400052417;25;10;2024;08:30;1;13;13001;1;1;1;3;LEDOUX CLAUDE NICOLAS (RUE);43,47988952;5,39170826
202400004773;27;9;2024;18:25;1;03;03310;2;1;2;6;Rue Marechal Foch;46,12354000;3,42128000
202400003789;20;3;2024;18:35;1;94;94081;2;3;1;6;Avenue Jean Jaurès / Rue Désiré Granet;48,79376100;2,39886700
202400027272;17;12;2024;00:40;3;61;61497;1;1;2;6;D501;48,45633300;0,10416700
202400034277;2;10;2024;14:05;1;33;33063;2;1;8;6;;44,83260000; -0,56020000
202400004305;29;4;2024;08:20;2;14;14371;1;1;1;6;Route de Meulles;48,98641000;0,31967600
202400006430;27;4;2024;00:30;3;34;34223;1;1;1;6;D909 PK10+500;43,43226000;3,22131200
202400036575;8;6;2024;05:15;3;66;66037;1;1;1;2;D617;42,70544500;2,99416100
202400024350;28;7;2024;20:30;1;34;34284;1;1;1;7;D907;43,50140600;2,74905000
202400025439;13;4;2024;12:20;1;95;95019;2;9;1;6;ALBERT LEFEBVRE (RUE);48,99425700;2,42045200
202400037097;22;2;2024;14:50;1;91;91570;2;1;3;3;LIERS (RUE DE);48,63434000;2,31471000
202400002523;12;8;2024;15:00;1;24;24516;1;1;1;7;RD60 Route de Brive;44,97531800;1,33121300
202400038693;5;11;2024;19:40;5;83;83042;2;1;1;1;43 Rue Marceau;43,24829000;6,53322300
202400046238;19;8;2024;13:30;1;69;69259;2;2;1;3;Avenue Viviani;45,72345000;4,87448000
202400021709;16;12;2024;20:10;3;84;84007;2;1;1;3;MADAME DE SÉVIGNÉ (RUE);43,92955000;4,82900000
202400015297;2;7;2024;17:40;1;05;05181;1;1;1;3;Rd 1091;45,03297100;6,39657500
202400050458;18;8;2024;14:25;1;39;39387;1;1;3;7;;46,98221224;5,50612308
202400046742;31;3;2024;18:20;1;38;38500;1;1;1;1;D1092;45,18095200;5,38076900
202400054024;15;8;2024;15:30;1;80;80633;1;1;7;5;D940;50,19911820;1,68895483
202400020227;6;9;2024;10:35;1;80;80021;2;1;1;3;Rue Saint-Fuscien;49,87076000;2,30726000
202400012458;4;8;2024;19:50;1;75;75116;2;5;1;6;AVENUE VICTOR HUGO;48,86785400;2,28107100
202400041023;4;4;2024;10:35;1;27;27681;1;3;2;3;IVRY (ROUTE D');49,07207000;1,47302000
202400023347;9;3;2024;16:29;1;83;83066;1;1;3;6;D23;43,65654542;5,84700511
202400051331;3;5;2024;07:45;1;973;97302;2;1;1;6;14 ET 22 JUIN 1962;4,93451000; -52,32728000
202400044217;15;5;2024;20:20;1;45;45098;2;2;1;3;32 Rue des Maisons Rouges;47,81807700;1,75635900
202400032932;13;12;2024;13:20;1;43;43157;2;1;4;3;Avenue Marechal Foch;45,02946000;3,88474000
202400027892;12;4;2024;17:45;1;77;77034;1;3;7;6;D215;48,57677000;2,78119300
202400029084;6;3;2024;08:40;1;61;61093;2;1;1;6;RD229;48,72946400; -0,67464100
202400039458;10;5;2024;18:20;1;22;22113;2;1;1;7;TROROZEC (RUE DE);48,72463000; -3,46256000
202400034886;25;11;2024;21:15;5;08;08043;2;1;1;1;38 Avenue Charles de Gaulle;49,69213800;4,96068000
202400017027;6;10;2024;16:43;1;44;44009;1;1;1;2;;47,23039832; -1,46985985
202400020263;31;7;2024;15:00;1;93;93048;2;1;1;6;Avenue Jean Moulin;48,86089000;2,45270000
202400004690;9;2;2024;14:40;1;92;92064;2;1;1;6;REPUBLIQUE;48,85080645;2,21330217
202400020475;24;5;2024;19:10;1;29;29151;2;3;1;3;Rue de Brest;48,57096951; -3,83786291
202400044306;14;6;2024;23:00;3;76;76503;1;2;8;3;Route d'Eslettes;49,54446400;1,02060200
202400028693;23;6;2024;16:19;1;92;92050;2;3;1;3;HEBERT CELESTIN RUE;48,89605726;2,22343603
202400015781;19;4;2024;13:30;1;62;62099;2;1;8;6;Rue Pierre Curie;50,26257000;2,78516000
202400009888;13;9;2024;01:00;5;93;93014;2;9;1;6;FOSSE MAUSSOIN (ALLEE DE LA);48,90660940;2,53207602
202400050261;1;7;2024;19:00;1;91;91161;2;1;1;1;RTE DE LONGJUMEAU;48,71317000;2,29802000
202400038100;2;10;2024;05:15;5;57;57628;2;1;2;6;Rue Jean Moulin;48,99938400;7,02508600
202400008442;5;2;2024;18:00;2;69;69290;1;1;1;4;Chemin de Grande Vigne;45,69048152;4,99027669
202400002009;12;9;2024;14:30;1;33;33051;2;6;1;1;;44,64029200; -0,97348100
202400023736;26;1;2024;18:15;2;63;63193;1;1;1;4;A712;45,78454700;3,20306200
202400029674;21;1;2024;15:45;1;75;75110;2;1;1;6;RUE DU FAUBOURG SAINT MARTIN;48,87667000;2,36089300
202400012916;31;5;2024;17:30;1;13;13030;1;1;1;1;D8n;43,26858900;5,73607600
202400046956;20;2;2024;08:30;1;24;24026;1;3;1;7;Route de Hautefort (Bassillac);45,21010100;0,89782400
202400012170;11;9;2024;19:19;1;49;49007;2;1;1;3;CHALOUERE;47,47939000; -0,54203000
202400026530;8;10;2024;19:25;2;40;40036;2;1;2;7;Chemin du Brana;43,62877200; -1,40000000
202400034012;28;3;2024;16:50;1;41;41148;1;1;6;1;D951;47,64185600;1,42448900
202400019211;29;6;2024;10:56;1;94;94044;2;1;1;6;27ter Avenue de la Sablière;48,75365000;2,49364000
202400004885;13;11;2024;07:20;5;44;44114;2;1;1;3;14 Route du Croisy;47,25485142; -1,62908193
202400035321;15;5;2024;14:00;1;84;84007;1;2;1;3;MARSEILLE (Route de );43,91059400;4,88350900
202400007892;25;11;2024;17:30;1;71;71076;2;1;1;6;SAINT COSME (GRANDE RUE);46,77857000;4,84841000
202400000111;24;3;2024;17:20;1;69;69383;2;2;1;3;Rue Louis;45,75256000;4,88829000
202400051477;3;1;2024;18:10;3;17;17142;2;1;2;6;Rue Pierre Francois Parfaix;46,18943500; -1,07151600
202400019036;23;2;2024;05:00;3;44;44190;1;1;8;3;;47,21167952; -1,48457518
202400017417;13;3;2024;08:37;1;49;49007;2;1;1;6;D323;47,46796300; -0,56588200
202400047327;20;8;2024;17:30;1;56;56185;1;1;1;2;Kergrenn;47,78862300; -3,43674700
202400009837;13;9;2024;10:41;1;75;75108;2;1;1;6;RUE DE ROME;48,87612200;2,32363900
202400003650;8;7;2024;18:30;1;44;44037;1;2;1;3;Les Landes Bernard;47,12681900; -1,45045300
202400024129;5;9;2024;05:20;3;12;12131;1;1;2;1;D888;44,38162700;2,65704500
202400008493;6;2;2024;09:00;1;33;33063;2;4;5;3;;44,85900000; -0,58950000
202400050618;4;1;2024;08:55;1;92;92012;2;2;1;6;REINE (ROUTE DE LA) 1/37- 6/80;48,84026584;2,23390326
202400047887;12;6;2024;17:20;1;03;03102;1;9;1;1;D15;46,55303600;3,69223200
202400043305;17;7;2024;17:20;1;34;34289;2;1;1;1;D13e15;43,38942500;3,42021300
202400019593;23;12;2024;13:11;1;89;89460;2;2;1;3;D103;48,33523800;3,06419600
202400016719;24;5;2024;18:15;1;25;25258;1;1;1;7;Chemin de la Dinde;47,21921800;5,92253200
202400050745;15;2;2024;18:05;2;54;54323;2;1;1;3;Avenue de la Paix;49,53226000;5,76432000
202400028157;27;7;2024;03:30;3;09;09174;2;1;1;6;Chemin de la Peyrade;43,00691900;1,60553800
202400016170;9;9;2024;15:40;1;51;51454;2;1;1;3;FOURIAUX (RUE MARIE-CLEMENCE);49,26366300;4,02449000
202400012118;3;2;2024;13:57;1;16;16102;2;1;1;6;MONNET (PLACE JEAN);45,69303400; -0,32681300
202400044113;15;6;2024;02:55;3;80;80151;1;1;2;2;D929;49,98124000;2,57862700
202400032296;2;10;2024;12:25;1;13;13027;2;1;1;1;650 Boulevard Ernest Genevet;43,88794600;4,85324800
202400036717;11;12;2024;18:30;5;33;33063;2;3;2;6;;44,86179600; -0,58596600
202400028426;7;10;2024;08:50;1;92;92032;2;3;8;3;CHEVREUSE (VOIE DE);48,78447970;2,29180992
202400025640;13;4;2024;12:45;1;75;75101;2;3;1;3;QUAI FRANCOIS MITTERRAND;48,86018100;2,33338000
202400011837;23;11;2024;15:30;1;45;45286;2;1;1;6;D951 PR 90 + 908;47,89315000;1,91619000
202400024526;23;5;2024;15:35;1;92;92012;2;1;8;2;QUATRE SEPTEMBRE (QUAI DU);48,84170000;2,22533000
202400049920;1;12;2024;11:05;1;83;83123;2;3;1;6;PRATS (AVENUE DES);43,12096000;5,81602000
202400021127;17;11;2024;17:55;2;973;97309;2;6;1;3;D2;4,88761690; -52,28503847
202400024096;25;1;2024;15:00;1;12;12013;2;3;1;3;CERONS LIEU-DIT;44,54293000;2,24691000
202400022047;14;4;2024;16:55;1;35;35193;1;1;1;6;D82;48,24556800; -1,71845900
202400040087;27;9;2024;03:15;3;59;59459;1;1;1;2;AUTOROUTE A23;50,38072000;3,46642000
202400044705;8;1;2024;18:30;3;72;72181;1;4;1;2;ISAAC (RUE) N° IMP 241 ET >;48,01721000;0,24278000
202400043457;2;4;2024;08:30;1;25;25056;2;1;2;6;KENNEDY  BOULEVARD J.F.;47,23513000;5,98465000
202400017021;12;10;2024;02:00;3;93;93005;1;1;1;5;AUTOROUTE A3;48,95384453;2,47352068
202400023006;27;6;2024;16:10;1;50;50582;2;1;1;6;14 Rue General Millet;48,72462900; -0,91964900
202400028264;1;9;2024;19:46;1;88;88321;2;1;1;1;Rue du Moulinot;48,35707600;5,68827900
202400049396;11;6;2024;19:05;1;92;92035;2;1;1;3;République ( boulevard de la );48,90723740;2,24162507
202400001315;7;6;2024;14:40;1;77;77242;1;2;1;3;route départementaler 209;48,48701400;3,21240700
202400003121;6;6;2024;19:45;2;72;72181;2;1;1;6;CUGNOT NICOLAS (BD);47,99130000;0,22754000
202400044967;1;4;2024;16:30;1;75;75117;2;2;8;3;AVENUE DE LA PORTE DE CLICHY;48,89534800;2,31213200
202400006668;7;2;2024;18:55;2;30;30007;2;1;1;3;pont neuf;44,12029000;4,08473000
202400017463;30;6;2024;17:00;1;15;15021;1;1;1;7;RD 51;44,76520100;2,25939600
202400012937;31;5;2024;12:55;1;33;33096;1;1;1;2;;44,90322000; -0,49330000
202400031118;5;3;2024;18:30;1;83;83068;1;1;1;1;Route de Collobrieres;43,27233100;6,50304800
202400010553;31;12;2024;12:44;1;19;19031;2;1;1;7;COURTELINE (RUE);45,15332768;1,54903114
202400028568;7;10;2024;04:30;5;80;80620;2;1;8;6;D1017;49,93440000;2,94723300
202400000183;24;3;2024;16:00;1;76;76146;1;2;7;1;RD919;49,57306400;1,27569600
202400010523;31;12;2024;14:45;1;89;89402;1;1;1;6;D61;48,01833400;3,82421300
202400048294;14;7;2024;02:00;3;95;95351;1;9;1;1;N104;49,04193041;2,48119264
202400030003;31;8;2024;14:12;1;54;54518;1;1;1;7;RD 3;48,94670675;5,88294268
202400020480;21;5;2024;12:03;1;22;22113;2;1;1;2;RESISTANCE (AVENUE DE LA);48,73711000; -3,46807000
202400024608;10;10;2024;14:00;1;974;97415;2;1;1;1;Route de Savannah; -20,98789200;55,29555700
202400022859;26;6;2024;14:20;1;25;25388;2;9;1;6;LAMARTINE (RUE);47,51925000;6,78018000
202400026372;23;7;2024;19:50;1;13;13202;2;1;1;4;A55-Sens Martigues vers Marseille;43,31327000;5,36628000
202400048132;13;7;2024;14:30;1;971;97106;1;1;8;1;Rue Valerius Paulimius;16,12234100; -61,77356400
202400030158;1;9;2024;11:14;1;77;77083;1;1;1;4;A4.W;48,83227200;2,59931000
202400019792;16;1;2024;17:30;1;44;44152;1;1;8;7;La Renais;47,47474646; -2,00682949
202400042376;27;9;2024;14:35;1;13;13212;1;1;1;2;A507 sens Aubagne- Marseille;43,30317709;5,42537105
202400033662;17;1;2024;18:05;2;974;97411;1;1;1;6;JAURES (BLD 1 JEAN); -20,89431000;55,47168000
202400000509;17;9;2024;15:59;1;56;56098;2;3;1;3;101 Rue Marcel Sembat;47,76776000; -3,34501000
202400020577;30;7;2024;13:25;1;04;04112;2;1;1;6;MOULIN (AV. J.);43,82885000;5,77924000
202400028742;25;6;2024;11:20;1;61;61079;1;1;1;6;RD136;48,21572200;0,73674900
202400036625;5;11;2024;15:15;1;60;60057;2;1;8;6;Avenue Paul-Henri Spaak;49,44759000;2,10114000
202400031539;20;1;2024;03:35;5;54;54397;2;1;1;6;95 Rue Jean Jaures;48,62076500;6,10646700
202400015034;13;10;2024;11:00;1;51;51454;2;1;1;6;KENNEDY (AVENUE DU PRESIDENT);49,23513000;4,00785000
202400017988;15;3;2024;16:38;1;34;34150;2;3;1;7;1 Rue Montgolfier;43,35795000;3,52820000
202400005035;20;3;2024;14:10;1;44;44162;2;1;1;7;121 Boulevard François Mitterand;47,21492200; -1,64764100
202400026312;3;9;2024;11:05;1;77;77450;1;1;2;3;RN104;48,71829600;2,59905200
202400018779;13;10;2024;23:43;5;71;71270;2;1;2;6;LAMARTINE (QUAI);46,30290000;4,83294000
202400012180;2;2;2024;20:24;5;92;92050;2;2;1;3;PROVINCES FRANCAISES BD DES;48,90084037;2,21494925
202400002516;29;11;2024;14:45;1;64;64147;1;1;1;3;D21;43,44042500; -1,32247400
202400042214;23;8;2024;12:15;1;05;05161;2;1;1;6;2 Chemin de Rivo;44,94398700;6,57425500
202400032460;4;10;2024;17:30;1;18;18108;2;1;1;3;22 Rue de la Libération;46,95119800;2,94102300
202400011343;4;7;2024;09:00;1;75;75116;2;2;1;6;RUE SPONTINI;48,86762000;2,27702000