Num_Acc;jour;mois;an;hrmn;lum;dep;com;agg;int;atm;col;adr;lat;long
202400043989;17;7;2024;20:15;1;63;63250;1;1;1;6;D978;45,59700409;3,15646112
202400033722;15;5;2024;08:00;1;34;34032;1;3;1;2;MAUREILHAN (ROUTE DE);43,34624000;3,16619000
202400000293;19;9;2024;17:50;1;75;75112;2;1;1;2;BD PERIPHERIQUE INTERIEUR;48,82758100;2,39214500
202400053679;1;1;2024;04:10;3;51;51224;1;1;1;7;N4;48,69334000;4,70468000
202400027055;5;3;2024;16:25;1;59;59368;2;9;8;6;REPUBLIQUE AVENUE DE LA;50,65183000;3,08199000
202400029727;19;5;2024;13:45;1;01;01053;2;3;1;6;SEMARD (AVENUE PIERRE);46,20226000;5,21496000
202400052705;1;12;2024;19:10;3;09;09225;1;1;1;1;MIREPOIX ROUTE DE;43,10176885;1,63518995
202400052536;14;2;2024;17:45;2;42;42235;1;1;1;7;D104;45,37013200;4,07652900
202400002730;25;12;2024;04:06;5;28;28149;1;1;1;6;D941;48,60762200;0,91496900
202400045821;26;9;2024;18:35;1;34;34157;2;1;1;6;Chemin de l?Etang;43,42633700;3,61092400
202400011500;5;7;2024;15:09;1;87;87126;2;1;1;6;7 Rue Charles de Gaulle;45,82062600;0,82572600
202400039368;11;1;2024;10:20;1;83;83098;1;9;2;1;FOUX (CHEMIN DE LA);43,11684740;6,02781202
202400052441;25;10;2024;10:30;1;75;75117;2;3;1;7;RUE DE COURCELLES;48,88745900;2,29483000
202400019416;18;11;2024;17:45;5;50;50147;2;1;3;6;DIVISION LECLERC;49,06022000; -1,43500000
202400019434;7;3;2024;19:00;5;73;73089;2;2;1;6;D204 / D31;45,52874957;6,14860223
202400003768;21;3;2024;08:10;1;75;75117;2;1;1;2;BD PERIPHERIQUE INTERIEUR;48,87927300;2,28152900
202400009147;2;6;2024;03:00;5;75;75120;2;2;1;2;RUE DES PYRENEES;48,86754300;2,39639700
202400003841;9;7;2024;17:30;1;19;19252;1;2;1;6;la crouzade;45,42087787;2,45662196
202400015599;21;11;2024;08:10;2;44;44058;1;1;2;6;La Fromiere;47,78944500; -1,34847500
202400016232;31;1;2024;08:25;1;63;63113;2;3;1;2;BREZET (AVENUE)/inra;45,77899000;3,14491000
202400051971;30;4;2024;17:00;1;75;75116;2;2;1;3;RUE JEAN GIRAUDOUX;48,87078800;2,29453600
202400012605;2;2;2024;02:10;5;29;29019;2;2;2;3;boulevard de l'Europe;48,41306400; -4,48669000
202400012548;4;8;2024;04:10;3;35;35235;1;4;1;6;D463;47,90551500; -1,18817800
202400030411;7;7;2024;01:00;5;74;74263;1;1;1;1;route de bonnatrait;46,33570600;6,39853800
202400052600;14;2;2024;21:45;3;28;28052;1;1;2;6;D26.1;48,56725100;1,49738100
202400036692;12;12;2024;16:48;2;50;50532;2;1;1;1;MARIGNE (AVENUE JOZEAU);48,81631000; -1,57098000
202400001902;17;9;2024;22:05;5;93;93077;2;3;1;3;GRANDE RUE;48,88264000;2,52548000
202400046933;7;5;2024;20:10;2;32;32054;1;1;3;6;RN 124;43,71627900;0,42164300
202400053256;7;6;2024;16:30;1;69;69092;2;3;1;3;Avenue Laurent Bonnevay;45,98522000;4,70857000
202400025515;13;4;2024;06:55;1;45;45302;1;1;1;6;D2701 PR 0 + 1;47,94913000;1,85985000
202400003280;6;6;2024;09:35;1;75;75111;2;2;1;6;AVENUE LEDRU ROLLIN;48,85659700;2,37922100
202400048025;5;12;2024;16:50;2;42;42267;1;2;2;1;Route de Charlieu;46,15438900;4,15021400
202400050229;12;7;2024;13:50;1;972;97213;2;1;1;3;ROUTE DEPARTEMENTALE 14;14,62071000; -61,02031000
202400034226;2;10;2024;07:32;5;59;59273;2;1;1;6;ENROCHEMENTS (ROUTE DES);50,99730000;2,12318000
202400028516;6;10;2024;14:10;1;33;33529;2;3;1;3;;44,62216700; -1,14014300
202400007603;19;3;2024;17:45;1;12;12053;1;2;1;2;D24;44,43294500;1,94432300
202400020789;11;10;2024;17:35;1;83;83131;2;1;1;5;Route Départementale 554;43,20304500;6,02859700
202400008452;8;8;2024;08:50;1;75;75105;2;3;1;3;RUE DU SOMMERARD;48,85028200;2,34456300
202400016658;29;5;2024;13:05;1;22;22106;2;4;1;3;LANDES (RUE DES);48,50036000; -2,73595000
202400018529;27;5;2024;08:40;1;75;75112;2;3;1;6;AVENUE DAUMESNIL;48,83662400;2,40411200
202400016028;26;12;2024;18:45;3;14;14762;1;4;5;7;Route de Tesson;48,86302100; -0,83330900
202400049654;18;8;2024;17:05;1;18;18209;2;3;1;3;5 Route des Epourneaux;46,67840900;2,49169700
202400042747;1;11;2024;18:55;3;26;26160;1;3;8;3;Avenue de Champblain;45,21198300;4,81553900
202400046439;31;10;2024;05:50;3;95;95535;1;1;1;5;D28;49,05522871;1,96114341
202400054389;30;11;2024;18:20;5;93;93027;2;9;1;6;VAILLANT-COUTURIER (AVENUE PAUL);48,92156000;2,41165000
202400024694;8;10;2024;10:20;1;77;77374;1;1;8;1;D471;48,79372151;2,71476023
202400040578;5;11;2024;09:30;1;34;34058;2;1;1;6;Avenue de Montpellier;43,67774800;3,98379400
202400026886;25;6;2024;20:40;1;72;72180;1;1;1;7;lieu dit les veaux guillaume;48,36065000;0,36851000
202400032432;4;10;2024;17:25;1;93;93070;2;2;1;3;CHARLES SCHMIDT(RUE) : APRES 49;48,90371355;2,33366220
202400032795;12;12;2024;19:00;5;77;77426;2;3;1;6;9 Rue des Mortiers;48,57551000;2,82678500
202400003157;3;2;2024;19:35;3;30;30028;2;9;1;7;;44,15692000;4,61499000
202400044275;15;6;2024;19:30;1;84;84019;1;1;1;6;Route de Saint Restitut;44,30074000;4,76995500
202400052568;27;1;2024;20:30;3;22;22282;1;1;1;7;Boulevard de l'Arguenon;48,57807600; -2,21429200
202400035483;16;1;2024;09:50;1;51;51454;2;2;1;3;JAURES (AVENUE JEAN) DU N° 74 A FIN (PAI;49,26163000;4,05102000
202400008714;8;8;2024;07:55;1;22;22093;1;2;1;7;La Suette Maroué;48,44800600; -2,55373100
202400002886;9;2;2024;06:48;5;93;93064;2;9;2;6;Avenue du Général de Gaulle / A86;48,88173200;2,47635100
202400010952;1;6;2024;17:20;1;67;67482;2;3;2;3;SAINT JEAN (QUAI);48,58455000;7,74075000
202400000333;12;2;2024;10:15;1;95;95280;2;2;1;3;ALBERT SARRAUT (AVENUE);49,03091846;2,45953202
202400037351;15;1;2024;18:05;3;14;14654;1;1;1;3;3689 Route de Saint-Pierre sur Dives;48,97626300; -0,00796100
202400005712;19;3;2024;18:20;1;66;66015;2;1;1;7;;42,56246200;2,87840700
202400045721;12;6;2024;23:20;5;75;75108;2;2;1;3;AVENUE DE FRIEDLAND;48,87439000;2,30103700
202400000275;19;9;2024;11:45;1;27;27229;2;1;1;6;OURSEL (RUE DU DOCTEUR);49,02650000;1,14784000
202400022131;25;7;2024;14:00;1;13;13015;1;1;1;1;CD6;43,43149700;5,41587400
202400026547;7;10;2024;13:45;1;86;86211;1;2;2;3;Lieu-dit La Cosse;46,24889500;0,27893900
202400041529;19;7;2024;12:00;1;88;88165;2;1;7;3;Avenue Charles de Gaulle;48,37301300;6,87732600
202400051575;11;6;2024;04:31;3;04;04245;1;1;1;1;RD 4096;43,85588300;5,83013500
202400031144;2;3;2024;19:50;3;78;78423;1;1;2;4;RN12;48,79327300;2,05246800
202400011068;1;6;2024;14:30;1;62;62289;2;3;1;3;D138;50,45607156;1,76067434
202400011807;11;9;2024;13:55;1;75;75113;2;1;1;3;AVENUE D ITALIE;48,82376700;2,35791200
202400052555;15;8;2024;15:22;1;93;93073;2;1;1;1;Avenue Pierre Colongo;48,93964588;2,58732677
202400044431;31;10;2024;19:00;5;44;44162;2;1;1;3;138 Boulevard François Mitterrand;47,21170000; -1,64884000
202400010242;23;4;2024;02:00;5;76;76351;2;1;2;6;LAMBLARDIE (QUAI);49,48964489;0,11393234
202400039691;12;7;2024;16:38;1;21;21567;1;1;1;7;D 36;47,10631800;4,49139100
202400051964;3;12;2024;14:30;1;77;77524;1;2;1;3;D213;48,44973800;3,17746800
202400021042;28;6;2024;13:55;1;75;75108;2;2;1;3;BOULEVARD HAUSSMANN;48,87504900;2,30917800
202400001318;11;2;2024;02:15;3;93;93051;1;1;2;2;A4;48,83617975;2,54134798
202400038691;10;12;2024;16:55;1;13;13049;1;1;1;3;A7, PK 227+400 (direction LYON);43,68808043;5,09617588
202400049121;29;3;2024;18:55;2;02;02665;1;2;3;3;D1;49,23373700;3,37018000
202400025178;7;3;2024;22:10;5;75;75111;2;2;1;3;RUE AMELOT;48,86079400;2,36786700
202400043541;2;4;2024;16:45;1;75;75111;2;3;8;3;RUE PETION;48,85976900;2,38070900
202400018127;22;12;2024;02:03;3;77;77118;1;1;3;6;ROUTE NATIONALE 3;48,94518000;2,67691000
202400044148;14;6;2024;20:25;1;72;72058;1;1;2;7;lieu dit le grand verger;47,96539347;0,27991019
202400032419;4;10;2024;23:10;5;75;75116;2;3;1;3;AVENUE DU PRESIDENT KENNEDY;48,85272000;2,28066400
202400019016;12;3;2024;04:15;3;33;33080;1;1;1;6;;44,73218000; -0,53101000
202400038545;30;9;2024;18:00;2;64;64160;1;1;1;1;RD 932;43,34872800; -1,40828800
202400025488;20;12;2024;16:55;2;13;13051;1;1;6;5;D113;43,55850100;5,16554800
202400024621;10;10;2024;18:18;1;63;63229;1;1;1;2;goele;45,78748700;3,36353300
202400048065;22;9;2024;22:35;3;29;29133;2;1;8;6;Route de Plestin;48,68796261; -3,65260260
202400020125;21;12;2024;12:20;1;974;97411;2;1;1;2;MONTHYON (RUE); -20,88746000;55,46339000
202400009786;24;11;2024;20:35;5;77;77373;2;2;1;6;CHE D 21;48,78158000;2,61832000
202400015518;20;11;2024;10:38;1;57;57491;2;1;7;6;THOREZ (AVENUE MAURICE);49,25285000;6,04440000
202400011769;12;9;2024;17:25;1;75;75112;2;1;1;3;BOULEVARD PERIPHERIQUE INTERIEUR NORD  ;48,84135700;2,41355200
202400048121;19;11;2024;18:30;3;64;64300;1;1;1;5;a64 pk 78.600;43,42506930; -0,61653853
202400049030;16;2;2024;12:45;1;91;91657;2;1;2;6;HENRI CHARON (AVENUE);48,70369000;2,43017000
202400053671;4;9;2024;17:00;1;43;43205;1;1;2;1;D500;45,35246191;4,31719800
202400040551;28;9;2024;10:55;1;91;91027;2;1;1;3;AV MARCEL SEMBAT;48,70613000;2,37263000
202400027672;14;8;2024;16:30;1;44;44109;2;1;1;7;Boulevard Albert Einstein;47,26192133; -1,56556655
202400010090;13;9;2024;07:45;1;33;33096;1;1;1;2;;44,90097950; -0,49427748
202400002961;11;2;2024;15:07;1;06;06070;1;1;1;7;Route de Gentelly;43,80206400;6,90200900
202400019067;19;11;2024;18:45;5;33;33550;2;3;2;2;;44,76388000; -0,56051000
202400007169;4;6;2024;20:10;1;83;83090;1;1;1;6;A50;43,12671297;5,82361989
202400004806;8;2;2024;10:50;1;59;59271;1;1;3;6;AUTOROUTE A16;51,00768000;2,32408000
202400031893;24;7;2024;17:00;1;70;70220;1;1;7;1;D70;47,39727400;5,43904800
202400045924;12;7;2024;15:05;1;35;35272;1;2;1;3;Lieu Dit la Peuterie;48,00940600; -1,19634000
202400024804;26;6;2024;22:45;5;13;13204;2;1;1;3;HAITI (AVENUE D');43,29766000;5,40632000
202400007278;18;10;2024;17:10;1;91;91027;2;2;1;3;AV PASTEUR;48,70582000;2,36768000
202400038437;30;9;2024;13:04;1;08;08105;2;1;2;3;;49,74122000;4,71378000
202400029344;29;2;2024;12:20;1;02;02738;2;2;1;5;107 Rue de Grasse (Vouël);49,65910000;3,27920000
202400047438;24;9;2024;20:16;5;71;71270;2;6;2;3;JUIN (AVENUE DU MARECHAL);46,32473000;4,83850000
202400048452;22;9;2024;23:10;5;51;51454;2;1;2;3;JUIN (AVENUE DU MARECHAL);49,22607000;4,01638000
202400044185;13;6;2024;14:45;1;68;68240;2;1;1;6;9 Rue Principale (Henflingen);47,57146700;7,28992100
202400003246;17;10;2024;09:25;1;87;87085;2;3;2;7;MAUVENDIERE (RUE DE LA);45,83313000;1,24849000
202400013625;22;11;2024;12:35;1;29;29019;2;6;1;2;Pen ar Ch'leuz;48,42257538; -4,47700816
202400017690;17;4;2024;22:15;5;67;67482;2;5;1;3;SEBASTOPOL (RUE DE);48,58580000;7,74337000
202400027164;17;12;2024;08:35;1;971;97101;2;1;1;3;ACHILLE RENE BOISNEUF (RUE);16,26813000; -61,50725000
202400048664;31;3;2024;07:30;2;53;53094;1;6;1;7;RD 910;48,00215600; -0,72343500
202400025956;27;7;2024;22:30;5;84;84087;2;1;1;6;CARISTIE (RUE);44,13754400;4,80846600
202400048445;4;12;2024;07:30;2;62;62178;2;4;1;3;D302;50,47882773;2,53281283
202400036889;11;12;2024;13:15;1;13;13043;1;1;1;2;A55-Sens Martigues vers Marseille;43,38686629;5,24190442
202400016285;25;12;2024;12:30;1;92;92063;2;9;2;3;GALLIENI (RUE);48,87028118;2,20340788
202400024964;7;3;2024;18:35;2;78;78551;1;1;1;6;RD 190;48,91635000;2,06509000
202400039718;20;7;2024;12:30;1;35;35238;1;1;1;3;173 Route de Lorient;48,10521000; -1,73481000
202400018327;1;8;2024;02:10;3;973;97302;2;1;1;7;REPUBLIQUE (BD DE LA);4,93762202; -52,32429242
202400011083;2;6;2024;04:38;2;55;55348;1;1;8;7;VOIE COMMUNALE N°4 DE MONTIERS SUR SAULX À COUVERTPUIS;48,57219900;5,29202000
202400035067;1;3;2024;22:08;3;94;94073;1;1;2;6;A86;48,76884600;2,37919993
202400037875;28;8;2024;05:45;3;36;36171;2;1;1;6;Route de Chéry;47,09134900;2,04565900
202400016116;31;1;2024;20:50;3;83;83027;1;1;1;5;A50;43,20283306;5,73623121
202400035944;26;8;2024;12:00;1;11;11069;2;9;1;2;;43,22601000;2,32851000
202400015332;2;7;2024;08:00;1;92;92036;1;1;1;2;AUTOROUTE A15;48,94067835;2,29263081
202400015937;2;2;2024;00:01;3;42;42284;1;1;2;6;Route Nationale 7;46,09658900;3,98965700
202400003610;14;6;2024;18:10;1;85;85108;2;3;1;3;17 Rue georges clemenceau;46,90678100; -1,37768700
202400050692;18;8;2024;16:35;1;70;70446;1;1;8;1;D70;47,48806600;5,61960200
202400002550;13;8;2024;11:20;1;974;97417;2;1;1;1;21 Rue Leconte de Lisle; -21,36039400;55,76442900
202400051047;4;5;2024;13:30;1;28;28405;1;1;1;7;Route Nationale 12;48,74182800;1,30256700
202400006200;26;4;2024;12:40;1;72;72181;2;6;1;3;LECOUTEUX LIONEL (PL) A PARTIR DU N° 4;48,00558000;0,20161000
202400001794;9;7;2024;16:25;1;64;64122;2;1;1;4;DASSAULT MARCEL (BD);43,45295000; -1,55459000
202400043929;27;9;2024;13:05;1;94;94028;2;1;1;6;Boulevard John Kennedy;48,78100000;2,46140000
202400030694;22;6;2024;05:55;1;88;88160;2;2;1;3;BOULAY-DE-LA-MEURTHE (RUE);48,17913000;6,44460000
202400053151;2;12;2024;14:30;1;58;58184;2;1;1;6;D977bis;47,19064600;3,45103700
202400034852;13;12;2024;11:45;1;47;47001;2;6;1;3;SERRES (AVENUE MICHEL);44,18631000;0,62467000
202400051500;15;2;2024;09:15;2;12;12109;1;1;5;6;D92;43,86064300;2,94258700
202400007647;19;3;2024;15:30;1;987;98722;1;1;2;1;PK 25.500 C/MONT TIAREI; -17,59200000; -149,39100000
202400008358;7;8;2024;09:55;1;51;51172;2;7;1;3;LANGUEDOC (AVENUE);49,21957000;4,04138000
202400007707;4;7;2024;15:10;1;64;64122;2;1;1;3;IMPERATRICE (AVENUE DE L');43,48912000; -1,55283000
202400017290;12;3;2024;19:50;2;92;92004;2;1;2;3;AULAGNIER ( QUAI );48,91222128;2,30225301
202400048946;4;5;2024;16:00;1;37;37261;2;1;2;2;MALRAUX (QUAI ANDRE);47,39743000;0,70164000
202400029525;22;1;2024;12:20;1;71;71506;1;1;2;6;A39;46,64815956;5,40563822
202400038690;6;11;2024;17:20;1;83;83042;2;3;1;3;Avenue Saint Maur;43,25631500;6,52747200
202400027669;15;8;2024;17:05;1;44;44109;2;1;1;6;6 Place du Sanitat;47,21015160; -1,56876267
202400027148;6;3;2024;18:10;1;92;92050;2;1;1;6;PROVINCES FRANCAISES BD DES;48,90113141;2,21632040
202400015739;19;4;2024;21:25;3;974;97409;1;1;3;5;RN2 SENS ST BENOIT ST DENIS; -20,94217753;55,64726615
202400032398;4;10;2024;10:40;1;33;33063;2;2;1;3;;44,86042000; -0,55379000
202400044468;8;12;2024;10:01;1;61;61074;1;1;2;2;2 Route de l'Augrumière;48,56769400; -0,15753100
202400003190;5;6;2024;18:25;1;51;51058;2;3;1;3;SACY (RUE);49,21977000;3,99286000
202400023204;15;11;2024;01:05;5;75;75110;2;7;1;3;PLACE DE LA BATAILLE DE STALINGRAD;48,88324100;2,36925300
202400052781;30;11;2024;20:30;5;75;75113;2;1;1;3;BOULEVARD KELLERMANN;48,81993100;2,35690200
202400005170;3;6;2024;15:40;1;94;94052;2;2;1;3;Rue du Général Chanzy / Rue de l’Amiral Courbet;48,83929300;2,47551100
202400026165;26;7;2024;23:00;5;75;75110;2;2;2;3;RUE DU FAUBOURG SAINT MARTIN;48,88159700;2,36572000
202400018770;12;10;2024;18:50;5;83;83137;2;3;2;6;JANVIER (RUE);43,13424000;5,91349000
202400010407;26;10;2024;03:25;5;28;28404;1;1;9;1;LIBERTE (AVENUE DE LA);48,73483900;1,32709900
202400041519;10;5;2024;10:30;1;78;78455;2;1;1;6;30 Residence de l?Oree de Marly;48,84317300;2,06852000
202400043972;14;7;2024;13:00;1;56;56258;2;2;1;3;Rue de Kervourden;47,57744400; -3,03078500
202400001054;10;2;2024;20:40;3;92;92036;1;1;1;3;AUTOROUTE A86;48,93788873;2,31490731
202400027058;2;3;2024;19:35;5;59;59350;2;2;3;3;Rue Winston Churchill;50,63264000;3,01752000
202400024413;22;5;2024;12:25;1;71;71270;2;1;1;6;Rue de l'Europe;46,30011000;4,82493000
202400000950;12;2;2024;17:00;1;69;69266;2;2;1;3;Rue Jean Bertin;45,76049328;4,92047029
202400005502;21;3;2024;12:40;1;91;91228;1;1;1;2;RN 104;48,62480800;2,41779200
202400027199;16;12;2024;18:00;5;83;83069;2;1;1;1;ROUTE DEPARTEMENTALE 98;43,12626929;6,08586037
202400006991;25;12;2024;12:45;1;50;50419;1;2;2;4;RUE DU MONT ST MICHEL;48,95450900; -1,47828300
202400026398;22;5;2024;18:20;1;94;94065;1;1;2;3;A106;48,74745783;2,35851545
202400001591;10;7;2024;18:10;1;38;38184;1;1;1;1;Communale 7;45,65370800;5,08263600
202400019589;14;10;2024;11:35;1;2A;2A271;2;1;1;1;T22;41,95427200;8,79251700
202400046727;29;3;2024;19:10;2;01;01357;1;1;1;7;D1084;46,17695800;5,73664000
202400025478;19;12;2024;23:35;3;48;48140;1;1;4;6;D809;44,81817500;3,26988100
202400053214;11;7;2024;23:00;4;63;63040;2;1;1;7;Rue des Fossés;45,72199300;3,34511700
202400007687;4;7;2024;15:04;1;87;87038;1;3;1;3;RN520 (COUZEIX);45,90184000;1,22867000
202400027558;23;1;2024;11:45;1;75;75108;2;2;2;3;BOULEVARD HAUSSMANN;48,87494300;2,31848200
202400051657;2;12;2024;12:05;1;75;75116;2;1;1;3;BD PERIPHERIQUE INTERIEUR;48,82562300;2,30096500
202400019389;12;3;2024;02:40;4;43;43025;1;1;8;6;Route de Bas;45,26240414;4,10395846
202400032720;21;6;2024;07:10;1;94;94065;1;2;2;3;Rue des Claires / Quai de Lorient;48,75554000;2,35276000
202400042195;23;8;2024;00:40;5;93;93057;2;1;1;3;Avenue Aristide Briand;48,90856345;2,49828333
202400023207;15;11;2024;17:10;5;75;75117;2;2;7;3;BOULEVARD BESSIERES;48,89438600;2,31362600
202400028193;20;5;2024;14:15;1;06;06030;2;3;1;2;171 Avenue Michel Jourdan;43,56516630;6,96488760
202400031491;18;5;2024;14:40;1;93;93031;2;2;1;6;Avenue Joffre / Avenue Galliéni;48,96171000;2,29543000
202400028506;5;10;2024;16:50;1;51;51108;2;1;1;6;MENARD (RUE MICHEL);48,94142500;4,40094600
202400034599;20;6;2024;16:30;1;06;06104;2;1;1;6;1 Avenue Profondeville;43,76200000;7,48131000
202400037548;6;4;2024;15:30;1;14;14390;1;1;1;3;Route des Valettes;49,06288600; -0,54536800
202400006109;14;9;2024;13:30;1;85;85047;1;1;1;1;Route de nantes;46,86144700; -1,86408100
202400041747;24;8;2024;12:45;1;93;93066;2;1;1;4;Avenue du Général de Gaulle;48,92505785;2,36515509
202400002248;1;5;2024;01:30;3;57;57620;1;1;1;1;D181a;49,20561200;5,99460800
202400024392;23;5;2024;16:35;1;91;91223;2;1;1;2;HENRI IV (BOULEVARD);48,43557000;2,15737000
202400032036;22;7;2024;18:25;1;71;71270;1;1;1;7;GROSNE (RUE DE LA);46,28200000;4,81381000
202400039213;12;5;2024;14:31;1;73;73008;1;1;1;5;A41;45,70336700;5,92840000
202400007299;19;10;2024;06:00;5;54;54395;2;1;2;6;Rue du Haut Bourgeois;48,69795000;6,17707000
202400036009;28;8;2024;21:30;3;71;71014;1;1;1;6;Rte de la Chicolle et de Montjeu;46,93216400;4,29682400
202400001125;25;10;2024;15:50;1;03;03176;1;1;1;5;12 Route du Bourbonnais;46,36723900;3,28722400
202400043103;10;5;2024;13:29;1;85;85084;1;1;1;2;A87;46,77457000; -1,26305600
202400020439;6;9;2024;16:35;1;94;94079;2;1;1;1;Chemin des Lyonnes;48,81970000;2,54867000
202400032136;23;7;2024;08:25;1;75;75120;2;1;2;3;BD PERIPHERIQUE INTERIEUR;48,86350200;2,41340800
202400029447;21;1;2024;02:00;5;94;94068;2;6;9;7;Avenue Gambetta / Avenue Victoria;48,79416000;2,49579000
202400014945;15;10;2024;22:30;5;92;92024;2;3;1;3;VICTOR HUGO (BD);48,89887867;2,31278211
202400049343;4;12;2024;15:40;1;47;47168;2;9;7;6;2 Boulevard de Lattre de Tassigny;44,60059000;0,36290300
202400014559;4;8;2024;07:30;1;13;13214;1;1;1;3;A507 sens Marseille - Aubagne;43,33077644;5,38780715
202400032619;20;6;2024;10:30;1;59;59350;2;1;1;2;Boulevard Montebello;50,62261000;3,04438000
202400002900;28;11;2024;16:30;1;84;84031;2;3;1;3;COUBERTIN AVENUE PIERRE DE;44,03261000;5,05803000
202400011876;12;9;2024;09:20;1;92;92012;2;1;1;3;ALPHONSE LE GALLO (QUAI) 1/34;48,83508700;2,22570844
202400053161;20;9;2024;20:30;2;93;93071;2;2;1;5;AULNAY (RUE D');48,93968816;2,51275778
202400023401;20;12;2024;12:20;1;75;75111;2;3;1;6;RUE DE LA ROQUETTE;48,85791300;2,38103000
202400040292;29;9;2024;20:50;5;92;92050;2;7;2;2;FOCH MARECHAL PLACE DU;48,88839188;2,19408285
202400020061;16;4;2024;17:40;1;75;75109;2;1;1;3;RUE BLANCHE;48,87887500;2,33154500
202400020328;5;9;2024;02:05;5;33;33063;2;1;1;7;;44,86005000; -0,56868000
202400007569;4;7;2024;08:45;1;26;26063;2;3;7;6;Avenue Boissy d’Anglas;44,27512000;5,27225700
202400004725;25;4;2024;08:50;1;972;97213;1;1;1;4;AUTOROUTE A1;14,61812000; -61,02189000
202400054049;20;5;2024;14:50;1;01;01209;1;4;1;2;D1206;46,12021300;5,89015200
202400042456;7;12;2024;23:50;5;75;75114;2;3;2;3;AVENUE DU GENERAL LECLERC;48,82958200;2,32837900
202400012782;31;5;2024;05:11;5;87;87085;2;3;1;3;ALLENDE (QUAI SALVADOR);45,81742000;1,25276000
202400022528;24;5;2024;17:50;1;85;85194;2;2;1;6;Avenue d'anjou;46,50396000; -1,77418000
202400000148;24;3;2024;16:44;1;75;75112;2;3;1;6;RUE DE BERCY;48,83860800;2,38127900
202400040526;9;12;2024;08:05;1;2A;2A004;2;1;8;1;#Route de Mezzavia#;41,94635000;8,76102000
202400019989;15;4;2024;14:10;1;29;29019;2;2;2;6;quai de la Douane;48,38157900; -4,48799600
202400046640;8;1;2024;07:08;5;92;92048;2;6;1;2;GIRATOIRE;48,78664337;2,22392857
202400011328;15;3;2024;15:45;1;25;25462;1;1;1;3;VOIE COMMUNALE DE L'AVIATION;46,89981000;6,32258000
202400022200;26;1;2024;06:40;5;38;38185;2;1;1;3;RUE DES ALLIÉS;45,17056000;5,72764000
202400025771;23;1;2024;15:10;1;64;64102;2;1;1;1;Pont du Génie;43,48795000; -1,47531000
202400025551;13;4;2024;03:00;5;13;13210;2;1;1;2;CAPELETTE (AVENUE DE LA);43,28079381;5,40717262
202400026492;8;10;2024;14:00;1;75;75105;2;1;1;6;QUAI DE MONTEBELLO;48,85160000;2,35003700
202400023030;25;6;2024;16:45;1;973;97303;1;1;2;2;N1;5,52661000; -53,38645200
202400037435;11;1;2024;23:30;3;59;59205;1;1;1;5;AUTOROUTE A 21;50,32901000;3,33321000
202400033000;8;11;2024;21:00;5;93;93072;2;1;1;1;NELSON MANDELA (AVENUE);48,95115500;2,37619400
202400033129;7;4;2024;00:01;5;75;75112;2;1;1;5;ECHANGEUR CHARENTON;48,83025825;2,40253508
202400039548;12;5;2024;18:45;1;41;41167;1;1;1;7;D952;47,46523600;1,09314000
202400001573;23;3;2024;08:35;1;92;92075;2;1;8;2;MARY BESSEYRE (RUE);48,82172495;2,28945681
202400038130;1;10;2024;20:20;3;68;68139;1;1;3;1;D432;47,60718814;7,22286007
202400031745;24;7;2024;10:45;1;11;11045;1;1;1;7;Route départementale 52;43,00254400;2,16256900
202400042795;11;1;2024;18:57;3;24;24372;1;1;1;1;RD 6089;45,12841000;0,53159200
202400020197;30;7;2024;19:43;1;49;49007;2;1;1;1;SAUMUROISE IMPASSE ET RUE;47,45759000; -0,53306000
202400052799;4;5;2024;15:17;1;01;01320;2;1;1;6;68 Voie des Rontaz;46,30817600;4,87554000
202400037253;6;4;2024;18:41;1;51;51172;2;4;1;6;LOUVOIS (ROUTE DE) CORA;49,21431000;4,05081000
202400020920;28;6;2024;22:35;5;72;72181;2;6;1;3;CHANZY (RUE)  N° IMP 1 A 71 BIS;47,99913000;0,20975000
202400006272;26;4;2024;14:10;1;34;34172;2;1;2;3;NIMES (AVENUE DE);43,61936000;3,88790000
202400022042;31;7;2024;12:37;1;02;02184;2;1;1;6;25 Avenue Frédéric Viefville;49,75268700;3,56973600
202400046373;4;12;2024;08:46;1;13;13202;1;1;1;5;TVPCM-Sens Saint Victor vers Les Ports;43,29860000;5,36360000
202400045325;16;7;2024;16:55;1;94;94018;1;1;1;4;A4;48,82397290;2,39430684
202400051119;22;7;2024;12:50;1;12;12145;2;2;1;6;LILAS;44,10436000;3,07957000
202400005577;21;2;2024;15:30;1;49;49099;2;1;2;6;CLEMENCEAU (RUE GEORGES);47,06185000; -0,87883000
202400018128;31;1;2024;05:30;3;62;62793;2;1;1;6;D75;50,41377997;2,64318020
202400011100;1;6;2024;22:00;3;02;02060;2;1;2;1;11 Rue de l'Eglise;49,83756000;3,10350400
202400015775;19;4;2024;10:50;1;66;66136;2;3;1;6;JOFFRE (AVENUE DU MARECHAL CD 88);42,70952000;2,89062000
202400006330;26;4;2024;18:04;1;75;75116;2;1;1;6;AVENUE FOCH;48,87261900;2,27939200
202400040406;14;6;2024;17:10;1;31;31254;2;1;1;6;L?Occitane;43,55011100;1,50160800