Num_Acc;jour;mois;an;hrmn;lum;dep;com;agg;int;atm;col;adr;lat;long
202400036986;11;1;2024;12:00;1;38;38389;1;1;8;3;172 Route de Lafayette;45,56453000;5,07156400
202400053499;2;12;2024;16:00;2;22;22389;2;1;7;5;Avenue Georges Pompidou;48,48168700; -2,68320700
202400050412;31;7;2024;08:31;1;88;88383;2;1;1;1;ROUTE D'HERIVAL;48,00902995;6,58500016
202400031723;25;7;2024;20:15;1;2B;2B050;2;1;1;1;Route de la pinède;42,55418700;8,76452600
202400037724;18;7;2024;16:00;1;14;14191;1;1;1;3;Route de Caen;49,30999400; -0,44269300
202400048290;29;10;2024;21:25;3;37;37206;1;5;8;3;D602;47,48636700;0,65285500
202400036384;30;9;2024;11:44;1;973;97302;1;6;1;3;MARINGOUINS (ROND-POINT);4,90791000; -52,32262000
202400006931;14;6;2024;20:20;2;93;93032;2;1;2;6;Allée de Montfermeil;48,89904177;2,54383922
202400043447;8;5;2024;17:40;1;01;01002;1;1;1;6;D63;45,98612300;5,43007900
202400004581;27;4;2024;23:20;3;36;36228;2;1;8;6;;47,15512170;1,56865782
202400028997;12;11;2024;15:00;1;51;51516;1;1;1;3;D9;48,61683900;3,90923400
202400040568;27;9;2024;17:30;1;77;77333;2;1;2;3;AV DU ROCHER VERT;48,26661000;2,70361000
202400045931;15;7;2024;16:15;1;72;72231;1;1;1;1;D250 à hauteur du lieu-dit Le Pavillon;47,94171900;0,29986000
202400012929;30;4;2024;15:30;1;13;13211;1;1;1;2;A50-Sens Marseille vers Aubagne;43,29412401;5,45835278
202400049551;16;2;2024;10:45;1;93;93070;2;3;1;3;Boulevard Victor Hugo / Rue des Bateliers;48,90985000;2,33030000
202400052727;24;10;2024;13:00;1;93;93027;2;2;1;1;PASTEUR (BOULEVARD) DE 40 A +;48,92176767;2,38339710
202400009745;25;11;2024;19:40;5;69;69152;2;2;8;3;Boulevard de l'Europe;45,69765000;4,82477000
202400027662;16;1;2024;18:44;3;91;91179;1;1;1;4;RN 337;48,55623000;2,49696000
202400015444;11;3;2024;16:40;1;75;75117;2;1;2;2;BD PERIPHERIQUE INTERIEUR;48,88398100;2,28527900
202400027740;21;5;2024;15:30;1;13;13028;2;1;1;2;FONTSAINTE (AVENUE DE);43,19102000;5,63886000
202400053446;2;5;2024;13:30;1;31;31555;2;1;1;6;SUISSE (BD DE) DU 7AU 162;43,62017000;1,42389000
202400052512;2;3;2024;17:05;1;38;38565;2;1;1;7;Avenue du 11 Novembre;45,28740900;5,64218200
202400036556;29;9;2024;18:56;1;42;42095;2;2;1;6;Rue Jean Jaurès;45,38809000;4,28580000
202400002955;11;2;2024;03:15;3;977;97701;1;1;2;6;Route de St Jean;17,90297600; -62,83209800
202400046230;3;12;2024;17:10;5;92;92004;2;1;1;5;PONT DE GENNEVILLIERS;48,91524989;2,30962470
202400024430;28;7;2024;16:35;1;93;93078;1;1;1;5;AUTOROUTE A104;48,96779609;2,50939444
202400005997;27;11;2024;14:30;1;81;81163;2;1;1;6;TOURNIER (ALPHONSE);43,49459000;2,37919000
202400049613;17;2;2024;06:10;3;57;57211;1;1;1;6;pk 306 A4;49,18163793;6,06406689
202400033507;17;5;2024;07:05;1;93;93078;1;1;1;5;A104;48,96803426;2,50944335
202400029891;10;4;2024;17:35;1;78;78224;2;3;1;3;GUERINES (RUE DES);48,86571000;2,06962000
202400011394;16;3;2024;16:05;1;23;23101;1;1;1;3;Le Breuil;46,28945300;1,92547700
202400006624;9;8;2024;08:44;1;92;92050;2;5;1;3;VAILLANT COUTURIER PAUL RUE;48,87867603;2,21073478
202400047655;12;6;2024;14:35;1;47;47083;1;1;1;3;D250;44,65442800;0,68741800
202400009024;4;6;2024;20:00;1;55;55010;1;1;1;6;Chemin de Chancenay;48,64269000;5,02147600
202400035621;15;5;2024;19:50;1;22;22309;1;1;1;5;Saint-Launeuc;48,23643600; -2,33989500
202400002332;29;4;2024;09:30;1;971;97101;1;1;1;6;RN11;16,27670042; -61,52475178
202400005861;6;7;2024;14:50;1;38;38053;2;3;8;3;Boulevard F. et I. Joliot Curie;45,58870000;5,26259000
202400006976;4;6;2024;08:00;1;77;77449;2;1;1;3;CRS DU DANUBE;48,85670000;2,77947000
202400006492;9;2;2024;10:45;1;13;13035;1;1;3;1;D17;43,69313000;4,99712100
202400016876;11;10;2024;21:10;5;33;33249;1;1;1;2;;44,87885000; -0,52789000
202400026611;5;10;2024;09:10;3;44;44131;2;1;1;7;37 Boulevard de l'Océan;47,11158080; -2,12378473
202400020258;27;1;2024;19:45;5;83;83129;2;1;1;6;MER (AVENUE DE LA) N°IMPAIRS;43,09607000;5,83167000
202400011762;22;4;2024;17:50;1;92;92036;2;1;1;1;CABOEUFS (RUE DES) (103/291);48,92392563;2,30982685
202400031598;18;1;2024;14:15;1;83;83137;2;1;1;6;DEMOCRATIE (BD DE LA);43,12597000;5,93887000
202400032499;22;6;2024;14:30;1;29;29047;2;3;1;1;rue de Landouzen;48,53557500; -4,37301900
202400021642;2;4;2024;08:04;1;67;67300;2;1;1;3;Avenue de la Gare;48,53905300;7,49575500
202400022947;27;6;2024;18:36;1;60;60152;1;1;1;7;D111;49,37243300;2,58911500
202400014512;3;8;2024;09:35;1;988;98829;1;1;1;1;RPS4 à hauteur de la tribu de KOUERGOA; -21,73355000;166,10328200
202400050476;22;9;2024;18:52;1;07;07319;1;3;3;3;intersection  D86 et bas Frayol;44,54271549;4,69122211
202400019039;22;2;2024;10:30;1;44;44109;2;1;8;6;6 Boulevard René Cassin;47,26438106; -1,57573847
202400047159;6;1;2024;22:56;5;45;45234;2;3;1;3;62 Rue Émile Zola;47,91163000;1,90865000
202400050307;3;12;2024;17:40;5;75;75115;2;2;1;3;BOULEVARD DE GRENELLE;48,85091500;2,29258900
202400040763;3;11;2024;14:50;1;90;90052;2;1;1;7;Faubourg de France;47,74084400;6,81593600
202400001901;7;12;2024;22:40;3;35;35291;1;1;6;1;Lieu Dit Colombel;48,59097600; -1,63493500
202400029968;19;1;2024;03:53;5;91;91552;1;1;1;2;RN20;48,61367000;2,25474000
202400046103;13;6;2024;13:20;1;35;35004;1;2;1;3;Intersection RD155/RD313;48,45852300; -1,49429100
202400001031;13;2;2024;13:25;1;07;07324;2;1;1;3;Avenue du 8 Mai 1945;45,05534700;4,83638500
202400002908;10;2;2024;20:05;3;11;11069;1;1;1;2;A61;43,19632300;2,29640000
202400023616;25;1;2024;16:35;2;33;33036;2;3;7;1;;44,42694400; -0,21858900
202400045033;7;1;2024;01:15;5;971;97120;2;1;1;3;RUE EUVREMONT GENE;16,24742000; -61,53898000
202400025307;7;3;2024;13:35;1;19;19041;1;3;1;1;;45,25090132;1,79229252
202400005922;14;9;2024;19:35;1;13;13028;2;6;1;3;CD 141 ( CH PUITS DE BRUNET);43,18787000;5,60225000
202400051792;27;3;2024;08:35;1;34;34003;2;9;1;6;SAINT-LOUP (CHEMIN DU MONT);43,30475000;3,48754000
202400033199;16;5;2024;17:05;1;94;94002;2;1;1;2;Quai Blanqui;48,81412000;2,41139000
202400019710;2;12;2024;09:00;2;44;44162;2;1;1;1;Rue de la Porchellerie;47,22385550; -1,67045482
202400049777;26;3;2024;20:15;5;69;69290;2;2;3;3;Rue de la Croix Rousse;45,69914474;4,94711787
202400024234;4;9;2024;12:10;1;67;67154;1;1;1;7;RD 468;48,37379800;7,68751100
202400011911;12;9;2024;11:20;1;14;14475;1;1;1;2;A84;49,13193500; -0,56496400
202400002983;1;12;2024;17:30;1;972;97217;1;1;1;3;La Duprey;14,46863300; -60,88204600
202400048131;17;9;2024;18:19;5;973;97307;1;3;1;3;route nationale 1;4,89233700; -52,34845600
202400011093;31;5;2024;11:51;1;29;29212;2;2;1;2;rue des Myosotis;48,37287900; -4,58962400
202400043707;15;7;2024;22:30;5;29;29019;2;2;1;2;rue de Quimper;48,40145300; -4,45636200
202400034806;13;12;2024;12:40;1;78;78551;1;1;1;4;RN 184;48,90837000;2,07427000
202400010609;4;2;2024;01:50;3;01;01320;1;1;1;6;A40;46,30511706;4,89702702
202400050187;3;12;2024;20:00;5;31;31555;2;1;1;6;SEJOURNE (AV PAUL) DU 1AU 16;43,60537000;1,42788100
202400029423;5;3;2024;04:30;3;49;49183;1;1;2;6;D57 ;47,54420300; -1,03588000
202400046452;31;10;2024;08:45;1;52;52037;1;1;5;6;54;47,91081900;5,40169000
202400047725;24;9;2024;09:39;1;75;75118;2;4;2;3;RUE CAULAINCOURT;48,88464800;2,32967300
202400008480;6;2;2024;05:15;5;44;44109;2;3;1;3;9 Rue Charles Perron;47,22470845; -1,60139258
202400029641;18;5;2024;12:30;1;69;69266;2;2;3;1;Boulevard Laurent Bonnevay;45,78757888;4,88125870
202400048824;18;2;2024;06:30;3;08;08400;1;1;1;6;;49,64978600;4,78019500
202400021547;21;12;2024;08:00;2;38;38239;1;1;1;2;D1092;45,33322500;5,55774100
202400045923;12;6;2024;18:15;1;46;46170;2;1;1;3;Rue Principale;44,78480142;1,90079063
202400046406;30;10;2024;11:50;1;52;52377;1;1;1;6;D139;48,02795826;5,67732902
202400041894;24;8;2024;19:50;1;69;69121;1;1;1;6;Route de la Tour de Salvagny;45,84186600;4,68929500
202400015743;19;4;2024;19:40;1;69;69388;2;2;1;5;Boulevard des Etats-Unis;45,73115331;4,86637055
202400001289;10;2;2024;21:20;3;91;91136;1;1;2;6;AUTOROUTE A10;48,71060000;2,28740000
202400000885;4;8;2024;20:30;1;77;77083;2;1;1;6;GARENNE (RUE DE LA);48,85176000;2,59843000
202400053249;14;8;2024;13:20;1;972;97213;1;1;1;5;AUTOROUTE A1;14,60556000; -61,00312000
202400004098;28;11;2024;18:00;5;77;77132;2;1;1;3;AV ROBERT SCHUMAN;48,87046200;2,79575100
202400001619;23;3;2024;16:45;1;51;51171;1;1;2;7;Rue de l'église (Gernicourt);49,39394500;3,86813700
202400008429;5;8;2024;17:10;1;12;12013;1;1;1;6;MAS DE L'HORT (LE)  LIEU-DIT;44,51489500;2,23831000
202400034848;13;12;2024;14:11;1;49;49007;2;1;1;3;COUBERTIN BOULEVARD;47,46734000; -0,52990000
202400026497;8;10;2024;17:54;1;75;75116;2;3;3;6;AVENUE VICTOR HUGO;48,86643200;2,27766300
202400003289;21;10;2024;16:45;1;64;64348;2;1;1;3;EUROPE DE L';43,32014000; -0,39253000
202400045838;15;2;2024;19:15;5;94;94078;2;2;1;6;Avenue des Fusillés / Rue de Balzac;48,72872049;2,44786003
202400052567;13;9;2024;11:10;1;52;52448;2;9;1;6;LACHATS (RUE DES);48,63567000;4,96078000
202400007428;19;3;2024;10:25;1;80;80021;2;1;1;2;Rue Saint-Fuscien;49,89759000;2,29526000
202400045438;22;2;2024;13:00;1;974;97422;2;1;2;1;16 Rue Jean de Fos du Rau; -21,22813200;55,55122000
202400033024;14;12;2024;11:40;1;92;92048;2;1;1;6;ONZE NOVEMBRE 1918 (AVENUE DU);48,81889484;2,22312490
202400051866;22;3;2024;10:30;1;16;16271;1;6;1;6;;45,62650000;0,15471000
202400018553;12;7;2024;19:30;1;07;07334;2;3;7;3;145 avenue du général de gaulle (Les Vans);44,40557500;4,12693500
202400005978;15;9;2024;15:00;1;2A;2A357;1;1;1;6;D69;41,73833600;9,05809900
202400041726;16;7;2024;15:09;1;987;98736;2;2;1;1;CHARLES DE GAULLE (AV); -17,53099000; -149,55316000
202400014184;2;2;2024;10:10;1;987;98715;1;1;1;6;Route de St Hilaire; -17,56934500; -149,59962800
202400029682;12;4;2024;09:16;1;73;73010;2;1;1;3;D991C - Rue de la Chambotte;45,78580200;5,94508700
202400002464;29;4;2024;17:20;1;75;75105;2;3;1;3;BOULEVARD SAINT MARCEL;48,85041500;2,34734500
202400052959;8;6;2024;19:44;1;77;77121;1;1;1;6;A104;48,83382000;2,66520000
202400053481;14;8;2024;04:44;4;56;56121;2;6;1;6;Cours Louis de Chazelles;47,75710000; -3,36460000
202400015807;19;4;2024;10:45;1;54;54280;2;2;2;3;avenue Saint-Maurice;49,22681000;6,01257000
202400050206;11;7;2024;19:40;5;974;97411;2;1;1;6;MACE (BOULEVARD GABRIEL); -20,87390000;55,44661000
202400048485;4;12;2024;13:20;1;33;33281;2;1;1;3;;44,84075000; -0,64155000
202400029122;16;12;2024;20:15;3;84;84031;1;3;1;5;MIRABEAU AVENUE;44,06932000;5,04278000
202400013502;1;7;2024;16:15;1;64;64132;2;3;1;7;YSER DE L';43,28696000; -0,35463000
202400052206;22;9;2024;05:50;3;85;85108;1;1;5;6;D7 PK 57+930;46,90367700; -1,39455600
202400028111;27;7;2024;06:00;2;17;17010;1;1;8;2;D137;46,09763800; -1,09073600
202400004270;28;4;2024;15:35;1;51;51212;1;1;1;2;D12;48,77413574;4,29193284
202400051462;12;7;2024;20:50;2;21;21408;1;1;7;7;D7;47,42230600;4,97333500
202400035473;1;3;2024;02:00;3;95;95436;1;1;9;6;D922;49,13350140;2,26535863
202400008471;5;2;2024;07:20;5;49;49007;2;1;8;6;CHATEAU D'ORGEMONT RUE ET SQU;47,44534000; -0,54119000
202400006543;7;2;2024;11:00;1;91;91122;2;3;2;1;DOCTEUR COLLE (RUE DU);48,69814000;2,15797000
202400005740;4;7;2024;19:15;1;73;73178;1;1;1;7;D61 Route de la Motte;45,72872778;6,13000004
202400022644;25;5;2024;16:35;1;76;76528;1;2;1;3;D407;49,90406440;1,58699584
202400032057;30;8;2024;04:55;5;974;97411;2;3;2;3;NICE (RUE DE); -20,87414000;55,44756000
202400026622;7;10;2024;07:08;2;69;69383;2;2;1;3;Rue Mazenod;45,75912000;4,85092000
202400026609;27;6;2024;15:50;1;14;14473;1;3;1;6;1070 Route de Lisieux;49,11466600;0,04010400
202400022570;24;5;2024;10:00;1;22;22360;2;1;1;3;VERNE (RUE JULES);48,48647000; -2,72927000
202400039596;28;2;2024;15:10;1;94;94028;2;1;1;2;Avenue Bernard Alpern;48,77971000;2,45910000
202400027463;5;3;2024;08:00;1;17;17299;2;1;1;2;HUIT MAI 1945 AVENUE DU;45,95275000; -0,96872000
202400003835;9;7;2024;15:25;1;50;50546;1;1;1;6;Route du Manoir (La Mancellière-sur-Vire);49,05844300; -1,09728600
202400001537;23;3;2024;10:10;1;34;34172;2;1;1;3;FONT FROIDE (RUE DE LA);43,64752000;3,84304000
202400014340;24;12;2024;17:30;5;13;13203;2;1;1;1;ROGER SALENGRO (AVENUE);43,31080000;5,37314000
202400018973;27;6;2024;11:15;1;56;56005;2;1;1;3;Rue de Bilouris;47,55324800; -2,88273600
202400050723;3;1;2024;17:00;2;52;52060;1;1;4;7;D26;47,93459914;5,72170138
202400013268;3;7;2024;08:25;1;75;75117;2;1;1;7;PORTE DE SAINT OUEN;48,89944700;2,31828400
202400026616;7;10;2024;16:32;1;973;97302;2;1;1;7;MANDELA  (BOULEVARD);4,93642000; -52,32597000
202400001279;23;10;2024;19:00;3;78;78322;1;1;1;4;A86 EXT;48,78140100;2,16750200
202400035538;28;2;2024;19:00;3;44;44194;1;1;1;5;L'Ebeaupin;47,27988400; -1,66505100
202400036852;5;11;2024;16:40;1;93;93066;1;1;1;3;AUTOROUTE A1;48,91977000;2,35723243
202400010950;1;6;2024;19:46;1;69;69259;2;2;1;1;Rue des Martyrs de la Résistance;45,69245000;4,87300000
202400051545;8;7;2024;12:15;1;77;77333;1;1;1;6;A6, PK 76+100, direction PARIS;48,25131200;2,73499500
202400036761;11;12;2024;22:25;5;75;75120;2;3;1;3;RUE DE BELLEVILLE;48,87339500;2,38262900
202400053047;11;7;2024;15:00;1;42;42120;2;2;1;6;160 Rue des Vernes;45,99478118;3,98096859
202400021957;15;4;2024;14:55;1;75;75105;2;3;1;2;RUE LINNE;48,84571700;2,35466700
202400003181;23;10;2024;17:30;1;77;77146;1;1;1;3;A4.W;48,83151000;2,64542000
202400036845;13;12;2024;17:10;5;70;70171;2;4;1;6;64 Rue Henri Duhaut;47,89018500;6,32514400
202400027967;21;5;2024;18:00;1;41;41237;1;2;1;1;D956;47,40213300;1,45108600
202400024529;8;10;2024;07:55;2;50;50129;2;1;8;2;SALINE (BOULEVARD DE LA);49,64841000; -1,64357000
202400016517;2;8;2024;21:45;5;34;34172;2;1;2;2;RIMBAUD (RUE PAUL);43,61804000;3,84387000
202400051878;20;9;2024;14:15;1;94;94077;2;3;1;3;Rue Paul Bert;48,73235900;2,44217800
202400011575;4;7;2024;17:45;1;94;94073;1;1;1;2;A86;48,77111483;2,39012767
202400049943;17;2;2024;05:45;3;13;13066;1;1;1;7;D7n;43,86572300;4,91363500
202400021350;16;11;2024;20:25;3;974;97416;2;1;1;6;L'ENTRE DEUX(ROUTE DE); -21,30598000;55,42720000
202400052085;14;8;2024;23:00;3;09;09316;1;2;2;1;D625;43,01633700;1,89060300
202400021729;15;4;2024;10:15;1;976;97611;2;1;1;3;kaweni-Kaweni nord ( Z I ); -12,76682000;45,22478000
202400041701;30;4;2024;23:10;3;74;74116;1;1;1;7;1133 Route de Cruseilles;46,05152500;6,24858100
202400000673;30;4;2024;16:10;1;972;97213;2;1;1;7;ROUTE NATIONALE 1;14,61970000; -60,99459000
202400041597;23;8;2024;21:55;3;42;42305;1;1;1;6;Rue Jean Rostand;45,46713000;4,43137000
202400030765;22;6;2024;03:00;5;13;13208;2;1;1;5;PRADO (AVENUE DU);43,26932000;5,38602000
202400018193;21;12;2024;18:00;5;54;54116;2;3;2;6;rue nationale;48,59149000;6,52749000
202400028447;4;10;2024;18:35;2;01;01033;1;1;1;3;A 40, PK 104+200;46,16043100;5,77845500
202400051769;16;8;2024;06:30;2;22;22328;1;1;2;7;D31;48,40779600; -3,34870600
202400024340;29;7;2024;09:30;1;79;79351;1;2;1;6;;46,43932800; -0,56104200
202400020651;8;10;2024;17:10;1;62;62250;2;1;1;6;Place Jean Tailliez;50,45895000;2,94528000
202400051682;3;5;2024;21:45;5;35;35238;2;2;1;3;SAINT-MALO (RUE DE);48,12066026; -1,68176383
202400050312;3;12;2024;09:30;1;75;75114;2;2;8;3;AVENUE DU GENERAL LECLERC;48,82959100;2,32840500
202400016905;12;10;2024;11:50;1;91;91347;2;1;8;1;RUE DE LORMOY;48,64133000;2,29153000
202400030157;24;7;2024;22:15;2;33;33063;1;9;1;7;;44,88488300; -0,56010800
202400023949;30;8;2024;17:59;1;60;60057;2;1;1;6;Rue de Clermont;49,43210929;2,10617995
202400049597;11;6;2024;19:25;1;05;05054;2;1;1;6;21 Route des Allards;44,67750300;6,06521000
202400050944;3;1;2024;11:20;1;91;91326;2;9;2;2;COUR DE FRANCE (AVENUE DE LA);48,68454000;2,37524000
202400017691;24;12;2024;17:00;2;91;91457;2;1;2;3;RTE DE LA FERTE ALAIS;48,58239800;2,25602400
202400020252;6;9;2024;07:19;1;69;69275;2;8;1;6;Rue Emile Bertrand;45,77202000;4,95617000
202400036873;19;8;2024;18:20;1;22;22113;2;1;1;2;MARECHAL FOCH (QUAI DU);48,73105000; -3,46231000
202400006096;26;11;2024;10:35;1;37;37261;2;6;1;6;PARCAY (RUE DE);47,41023367;0,72095391
202400020771;11;10;2024;09:52;1;92;92064;2;1;1;6;DAILLY;48,84479000;2,22032000
202400026053;25;1;2024;13:20;1;08;08173;2;1;2;3;17 rue de sedan;49,69814400;4,77740600
202400040669;2;11;2024;18:10;5;19;19031;2;1;1;1;BUY (PONT DU);45,16449462;1,54075479
202400039528;16;7;2024;02:25;3;06;06140;2;6;1;6;355 Route de Draguignan;43,63523400;6,85595560
202400029736;21;1;2024;16:40;1;43;43189;1;1;1;2;D9;45,28125511;3,89380834
202400040860;12;1;2024;10:20;1;26;26198;2;1;1;1;Avenue du Marechal Juin;44,55979000;4,76015000
202400039510;23;2;2024;17:57;1;09;09122;2;1;1;6;FAURE (COURS GABRIEL);42,96392600;1,60704000
202400049957;3;12;2024;09:20;1;73;73065;2;2;2;3;LYON (AVENUE DE);45,56291654;5,90816505
202400005842;14;3;2024;14:35;1;93;93027;2;3;1;3;Rue Rateau / Rue Voltaire;48,92491279;2,40540147
202400029029;16;12;2024;14:45;1;07;07245;2;1;1;6;1 Impasse des Iles;45,07713900;4,81692900
202400009621;4;7;2024;19:15;3;973;97302;1;1;1;2;GIRATOIRE MARINGOUINS;4,90716000; -52,32267000
202400047337;24;9;2024;18:24;1;91;91479;1;1;8;4;RTE NATIONALE 7;48,72874691;2,36848712
202400010454;4;2;2024;17:00;1;84;84007;2;3;1;6;C.De GAULLE (Rocade);43,92949000;4,81893000
202400049032;4;1;2024;07:40;3;92;92064;1;1;1;4;A13;48,83783000;2,18999000
202400017663;17;4;2024;17:40;1;83;83137;2;1;6;6;FOCH (AVE DU MARECHAL);43,12786151;5,91771593
202400020407;6;9;2024;08:15;1;75;75108;2;7;1;3;PLACE DE L ALMA;48,86473358;2,30136216
202400034386;21;6;2024;12:30;1;37;37110;1;3;1;6;Route de Tours;47,32125850;1,05381158
202400017365;20;11;2024;16:45;1;35;35055;2;6;8;3;RD 463;48,08829000; -1,62500000
202400025314;18;12;2024;21:40;5;13;13205;2;9;1;3;BERCEAU (RUE);43,28817000;5,39520000
202400031613;19;1;2024;13:00;1;72;72181;2;1;1;6;DURAND GEORGES (AV) N° PAIRS 166 A 310;47,97293000;0,21658000
202400053171;15;8;2024;23:30;3;02;02495;2;1;1;6;5 Rue de l?Abbatiale;49,96200500;4,05549500
202400043500;22;8;2024;18:45;1;39;39421;1;1;1;1;;46,70794100;5,57993900
202400031406;18;5;2024;22:55;5;05;05023;2;6;1;6;SOIE (RUE DE LA);44,89405900;6,63335600
202400041916;17;7;2024;00:45;5;92;92062;2;1;1;2;BELLINI (RUE);48,88614228;2,25033157
202400032916;14;12;2024;17:00;5;62;62193;2;3;1;1;Quai de la Tamise;50,95476007;1,85229081
202400011918;20;4;2024;14:45;1;88;88087;2;3;1;3;LECLERC (RUE GENERAL-);48,16781000;6,43482000
202400048028;5;12;2024;14:22;1;47;47203;2;1;1;2;Route du Lacay;44,39987000;0,83141000
202400019499;19;11;2024;07:25;2;61;61405;1;1;2;6;D286;48,29923900;0,75668300
202400024706;8;10;2024;15:00;1;56;56260;2;1;1;6;Rue Francis Decker;47,65871000; -2,75522000
202400045822;19;2;2024;09:29;1;75;75112;2;1;1;7;RUE DE REUILLY;48,84164300;2,39345100
202400019454;10;3;2024;23:27;3;13;13005;1;1;2;2;A50-Sens Marseille vers Aubagne;43,28629000;5,56839000
202400014970;16;10;2024;10:00;1;30;30284;1;6;3;2;N106;44,14584700;4,06837500
202400022479;29;7;2024;03:10;5;94;94041;2;1;1;6;Avenue de Verdun;48,81291000;2,37030000
202400051501;27;10;2024;14:40;1;988;98817;1;3;1;6;Route de la corniche/Rue du Vallon Dore; -22,27080900;166,56984200
202400007162;4;6;2024;17:45;1;13;13212;1;1;1;2;A507 sens Marseille - Aubagne;43,29317000;5,42490000
202400047282;6;5;2024;07:30;1;95;95277;2;1;1;6;D370;48,98561167;2,43839253
202400044712;8;1;2024;07:40;5;62;62041;2;6;1;2;Place de Tchécoslovaquie;50,29699747;2,76917732
202400038061;1;10;2024;11:50;1;93;93008;2;1;1;6;HUIT MAI 1945 (RUE DU);48,90963896;2,43627548
202400027537;18;12;2024;11:20;1;93;93047;2;1;8;6;LAVOIR (RUE DU);48,90126029;2,57203150
202400035252;28;2;2024;20:50;5;67;67447;2;3;1;3;BISCHWILLER (ROUTE DE);48,60989200;7,75060400
202400027466;17;12;2024;16:30;2;06;06004;2;5;1;6;19 Avenue de Guy Maupassant;43,56871000;7,11109000
202400007218;3;6;2024;20:10;1;69;69388;2;2;1;6;Avenue des Frères Lumière;45,74332000;4,87430000
202400040491;8;8;2024;09:20;1;13;13004;1;1;1;7;D36b;43,59128600;4,62359200
202400000822;13;8;2024;12:45;1;974;97408;2;1;1;2;Rue Leconte de Lisle; -20,93713700;55,33254500
202400000893;12;8;2024;23:45;5;64;64102;2;1;2;7;AVRIL (AVENUE DU 14);43,50351000; -1,46750000
202400032130;30;8;2024;14:45;1;29;29019;2;1;1;1;rue Matthieu Gallou;48,39844900; -4,50915800
202400026361;23;7;2024;17:30;1;81;81105;2;6;1;3;Avenue du Pont de Saint Pierre;43,76114100;2,00381400
202400033433;18;5;2024;14:25;1;83;83053;1;1;1;1;Dn8;43,15897200;5,84059600
202400005713;25;6;2024;08:15;1;38;38029;2;1;1;6;97 Rue des Canuts;45,57889200;5,52652800
202400007979;26;11;2024;08:15;1;35;35238;1;1;1;2;PORTE DE NANTES;48,08051000; -1,67652000
202400007133;23;5;2024;23:35;3;37;37099;1;1;1;6;RD 751;47,30551300;0,56420800
202400017076;30;6;2024;22:17;5;92;92035;2;2;1;3;National ( boulevard );48,90462415;2,23941565
202400029422;5;3;2024;15:55;1;71;71543;2;2;1;1;18 Rue de Beausoleil;46,55576200;4,90714400
202400050810;25;10;2024;15:55;1;13;13098;1;1;2;7;ARNAUD  CHEMIN DE LA COLLE D';43,44243201;5,02732078
202400052204;14;8;2024;17:44;1;972;97209;2;1;1;3;PROFESSEUR RAYMOND GARCIN (RUE DU);14,61315000; -61,07846000
202400034649;20;6;2024;11:00;1;41;41144;2;1;1;6;Rue de la Vallée;47,48609200;1,11400500
202400050055;13;7;2024;09:55;1;13;13051;1;1;1;4;Autoroute A7 - PK 241,000 - sens MARSEILLE / LYON;43,59261500;5,17868000
202400048740;3;1;2024;16:20;1;21;21166;2;1;2;2;Avenue Roland Carraz;47,29010300;5,01426600
202400019689;21;12;2024;18:06;3;78;78217;1;1;2;6;A13;48,96358966;1,82797822
202400041192;26;2;2024;18:00;5;92;92051;2;2;8;6;BINEAU (BOULEVARD, N°133 A 217 ET 134 A;48,89067926;2,27040660
202400028533;6;10;2024;21:45;5;75;75111;2;1;2;3;BOULEVARD DE MENILMONTANT;48,85908900;2,38901700
202400022804;9;10;2024;13:05;1;64;64445;2;6;2;3;PEYROULET;43,30388000; -0,35605000
202400030913;8;6;2024;18:45;5;974;97411;2;1;1;6;MAHY (FRANCOIS DE); -20,89749000;55,48496000
202400013048;16;10;2024;18:35;3;49;49329;1;1;2;7;D106;47,37873700; -0,65315000
202400010446;3;2;2024;20:45;5;95;95280;2;6;2;3;D47;49,01254666;2,47038134
202400023910;24;1;2024;18:45;5;72;72181;2;3;2;3;MALTE (RUE DE);47,99532000;0,22513000
202400017688;24;12;2024;05:15;5;69;69382;1;1;1;6;30 Cours de Verdun Perrache;45,74851937;4,82820615
202400006926;18;11;2024;23:50;5;75;75116;2;1;2;7;ALLEE DE LA REINE MARGUERITE;48,85325700;2,24154800
202400003736;21;3;2024;16:37;1;29;29039;1;2;1;3;Rue de Kerambec;47,89426000; -3,88981300
202400030089;24;7;2024;12:40;1;01;01128;1;1;1;2;D2;46,46625200;5,10184000
202400013313;3;7;2024;01:00;4;974;97415;2;1;1;7;165 Chemin des Combavas; -20,99027400;55,32642900
202400042623;2;11;2024;14:38;1;95;95277;1;1;1;2;A3;48,97638481;2,49132859
202400022157;29;7;2024;20:30;1;22;22008;1;2;1;1;Rue de la Croix Jean Gicquel;48,41817900; -2,07993500
202400043081;6;1;2024;00:55;5;69;69143;2;1;1;6;6 Avenue Carnot;45,88036500;4,83564700
202400041156;26;2;2024;15:50;1;93;93073;1;1;2;6;Rue du Chapitre;49,00185565;2,53702104