Num_Acc;jour;mois;an;hrmn;lum;dep;com;agg;int;atm;col;adr;lat;long
202400031039;17;10;2024;07:20;2;69;69290;1;1;3;2;Autoroute 43;45,70546061;4,96039247
202400030206;31;8;2024;18:20;1;95;95388;1;1;8;1;CÔTE DU PARC;49,02383000;1,97441000
202400017364;1;7;2024;20:25;3;974;97415;1;1;1;1;Rue Gabriel Guisthau; -21,01554600;55,27092700
202400015240;2;7;2024;08:40;1;61;61168;2;1;2;6;VC15;48,60088400; -0,34287200
202400014836;30;5;2024;17:30;1;13;13117;1;1;1;2;A7-Sens Lyon vers Marseille;43,42468796;5,26516861
202400030720;10;11;2024;13:52;1;80;80021;2;1;1;3;Rue de Paris;49,88637000;2,28823000
202400011501;15;3;2024;19:30;5;69;69383;2;1;1;3;Avenue Lacassagne;45,75275906;4,86970556
202400024927;26;6;2024;19:00;1;59;59580;1;1;1;1;523 Chemin du Bois des Religieuses;50,79648200;2,61956300
202400029821;10;4;2024;15:30;1;974;97411;2;4;1;3;GAULLE (DU GENERAL DE); -20,88542000;55,45790000
202400032773;14;12;2024;02:25;3;79;79048;1;1;1;2;;46,33978800; -0,31229500
202400015728;20;11;2024;10:15;1;972;97213;1;1;8;2;ROUTE DEPARTEMENTALE 15;14,63582200; -61,00857300
202400049252;11;6;2024;19:45;1;75;75107;2;1;1;5;QUAI D ORSAY;48,86284000;2,31242600
202400008162;26;11;2024;18:40;5;92;92051;2;1;1;7;GENERAL GOURAUD (PLACE);48,88628801;2,26156130
202400035288;15;5;2024;11:30;1;69;69387;2;1;2;3;Avenue Jean Jaurès;45,73466000;4,83564000
202400052311;20;9;2024;12:35;1;40;40184;1;3;1;3;794 Route d'Escource;44,18245700; -1,18160300
202400048238;24;9;2024;16:05;1;01;01259;2;1;1;6;Route de Buellas;46,21254000;5,11499700
202400011772;23;4;2024;20:30;2;31;31423;1;1;1;6;Vieille Route de Rieumes;43,41086721;1,08015239
202400036639;19;6;2024;18:23;1;91;91161;1;1;1;3;AUTOROUTE A6;48,69536068;2,31806159
202400019210;11;3;2024;14:00;1;13;13047;2;1;1;2;JEAN JACQUES PRAT BOULEVARD;43,50643000;4,98535000
202400038203;17;6;2024;15:50;1;37;37261;2;1;2;2;HEURTELOUP (BOULEVARD);47,39049000;0,69158000
202400044333;25;9;2024;08:45;1;84;84035;2;9;1;7;DAUDET (RUE ALPHONSE);43,83085700;5,02844400
202400048146;4;12;2024;18:35;5;978;97801;2;1;1;3;R DE LA REPUBLIQUE;18,06908000; -63,08554500
202400003503;22;3;2024;13:17;1;75;75104;2;3;1;7;QUAI DE L HOTEL DE VILLE;48,85443400;2,35502100
202400038956;13;1;2024;21:13;5;2B;2B120;2;3;1;-1;VILLAGE (Route du) D364;42,65512000;9,43598000
202400003661;21;3;2024;13:55;1;78;78133;2;1;1;3;MANTES (ROUTE DE);48,91000000;2,03943000
202400053987;8;6;2024;15:40;1;72;72051;1;1;1;6;Lieu-dit Le Bordage;47,80717800;0,07207100
202400030477;4;10;2024;18:20;1;94;94071;2;1;1;6;Route de Bonneuil;48,77048000;2,50812000
202400049806;17;8;2024;22:30;3;13;13117;1;1;1;5;A7-Sens Marseille vers Lyon;43,46292794;5,23481274
202400022879;16;11;2024;11:55;1;28;28220;2;1;1;6;RIBOUCHES;48,41953000;1,46491000
202400022780;8;10;2024;07:40;2;84;84007;2;6;3;6;PONT DES DEUX EAUX (CHEMIN DU);43,94311000;4,84194000
202400052133;16;8;2024;18:15;2;94;94043;1;1;1;2;A6B;48,81347209;2,35472471
202400001164;25;10;2024;13:53;1;85;85039;1;1;1;6;Rue de la minée;47,00757700; -1,21429000
202400009382;5;7;2024;09:30;1;75;75103;2;1;1;7;RUE MICHEL LE COMTE;48,86233600;2,35606300
202400052180;21;9;2024;19:25;2;05;05009;1;1;1;7;RN 85 - PR 0 + 250;44,80559000;5,95570600
202400023684;5;9;2024;06:25;4;27;27286;1;1;2;7;RD29;49,17993600;0,57418600
202400023522;21;1;2024;18:15;5;74;74010;2;1;1;5;ROCADE (BOULEVARD DE LA);45,91200000;6,12200000
202400022854;27;6;2024;15:42;1;33;33281;2;1;1;6;;44,82670000; -0,66400000
202400021721;15;2;2024;18:40;5;59;59574;2;2;1;3;DRAGUIGNAN(RUE DE);50,37140000;3,26502000
202400026835;25;6;2024;13:30;1;27;27507;1;1;1;1;départementale 53;48,88848000;1,26439300
202400012552;6;8;2024;16:50;1;22;22018;2;2;1;1;intersection RD15/RD20;48,66011000; -3,22110100
202400010422;4;2;2024;12:23;1;973;97302;2;1;1;1;SAINT ANTOINE (CHEMIN);4,93529875; -52,29521424
202400006905;8;2;2024;17:00;1;83;83088;1;1;1;7;D5;43,30997200;5,98838600
202400023671;5;9;2024;18:30;1;85;85026;1;1;2;6;la chapeliere;46,54986000; -1,40527000
202400025202;7;3;2024;17:09;1;94;94017;2;1;1;2;Avenue François Mitterrand;48,81560000;2,51450000
202400012545;28;12;2024;18:15;5;75;75109;2;2;1;3;RUE DU FAUBOURG MONTMARTRE;48,87585500;2,34035900
202400014234;27;12;2024;11:30;1;59;59378;2;2;1;3;Boulevard Clémenceau;50,66222000;3,09635000
202400045786;21;8;2024;17:45;1;92;92024;2;3;1;3;PUITS BERTIN (PASSAGE);48,90119333;2,29354665
202400017412;20;11;2024;13:20;1;06;06029;2;1;1;6;ParcPANTIERO;43,55106980;7,01327180
202400024815;26;6;2024;13:06;1;06;06088;2;1;1;3;62 Avenue des Arènes de Cimiez;43,70849650;7,27581250
202400012054;12;9;2024;14:30;1;77;77517;1;1;1;2;A104.INT;48,90666500;2,63983300
202400026896;13;11;2024;15:45;1;37;37072;1;1;1;1;D8;47,15276327;0,28137946
202400035618;15;1;2024;16:40;1;13;13215;2;4;1;3;SAINT ANTOINE (AVENUE DE);43,36578133;5,35685661
202400017610;20;4;2024;06:25;2;83;83097;1;1;1;2;autoroute A8 point kilométrique 46.500 sens Ouest-Est;43,47893859;5,75277229
202400005955;27;11;2024;18:10;5;69;69383;2;1;1;6;Avenue Félix Faure;45,75313146;4,85506445
202400039818;24;8;2024;15:07;1;95;95572;2;3;1;1;D922;49,05536192;2,13621318
202400004811;22;12;2024;14:30;1;88;88440;1;1;4;6;"A31 - PK 182+350 - sens ""vers NANCY""";48,26769800;5,86206400
202400045673;21;2;2024;05:50;3;85;85252;1;1;1;7;RD89;46,63264800; -0,81916900
202400053841;25;10;2024;00:10;5;38;38151;2;1;1;1;HUGO (AVENUE V.);45,15643000;5,71280000
202400042514;30;10;2024;13:35;1;15;15096;1;1;1;6;RD 60;45,02220700;2,56598400
202400025330;9;12;2024;07:15;2;04;04112;1;1;1;4;D907;43,81113000;5,81033000
202400011968;24;11;2024;11:15;1;49;49261;2;1;1;3;Route de Saumur;47,33971400; -0,22575600
202400021093;17;11;2024;05:00;3;50;50431;1;1;2;3;Route de la Libération;49,18174500; -1,23303800
202400041346;18;7;2024;08:10;1;52;52535;2;1;1;6;63 Grande Rue;48,10500200;5,06288600
202400016422;1;8;2024;15:20;1;84;84007;2;3;1;3;JEAN BOCCACE (AVENUE);43,94800000;4,82900000
202400007531;19;3;2024;20:20;5;75;75120;2;7;1;6;PLACE GAMBETTA;48,86462500;2,39876200
202400026031;27;7;2024;17:15;1;51;51454;2;2;3;5;GERUZEZ (RUE);49,26385600;4,01794900
202400002136;29;11;2024;13:05;1;81;81004;2;1;1;6;TEMPORALITE (DE LA);43,92887000;2,14283000
202400045158;8;5;2024;14:40;1;92;92036;2;2;1;1;GRESILLONS (AVENUE DES) (141/215);48,91758715;2,30816495
202400048717;29;3;2024;13:35;1;972;97209;2;1;1;3;ARAWAKS (AVENUE DES);14,61912000; -61,04070000
202400003132;6;6;2024;09:30;1;69;69256;2;4;1;6;Avenue du 8 Mai 1945;45,78784125;4,91436534
202400049117;4;5;2024;13:15;1;11;11270;1;1;1;7;RD 14 Route de Cucugnan;42,86786900;2,65152500
202400049409;23;9;2024;18:00;1;62;62134;1;1;1;6;D128;50,55123766;1,89315554
202400047944;11;6;2024;12:55;1;33;33281;1;1;1;2;;44,81497000; -0,67279100
202400014932;14;10;2024;12:05;1;94;94068;2;5;1;3;Rue Danton;48,79263000;2,49742000
202400006810;7;2;2024;12:44;1;92;92009;2;1;2;2;MOULIN BAILLY ( RUE );48,90859548;2,25768583
202400031466;21;1;2024;18:30;2;47;47239;1;1;1;6;1260 route de miramont de guyenne;44,42783342;0,54649906
202400054174;10;7;2024;09:20;1;35;35238;2;2;1;3;LERAY (ADOLPHE);48,09590000; -1,66147000
202400043795;21;2;2024;18:20;5;92;92025;2;1;2;6;BOURNARD (RUE DU);48,92288923;2,25568128
202400030197;24;7;2024;21:50;3;973;97302;2;1;3;6;TERRASSE DES CALIMBES (Lot);4,92076388; -52,31714594
202400014305;4;8;2024;05:15;5;29;29232;2;1;1;7;Rue de Benodet;47,98520000; -4,10620000
202400047439;30;3;2024;13:46;1;92;92024;2;1;1;6;JEAN JAURES (BD) DE 47 A 109)   (56 A 14;48,90098013;2,30543339
202400050323;22;9;2024;08:00;2;75;75115;2;2;2;7;RUE PAUL BARRUEL;48,83861500;2,30522700
202400050318;22;9;2024;21:00;5;75;75115;2;1;3;1;QUAI ANDRE CITROEN;48,84401600;2,27543400
202400026320;22;5;2024;15:50;1;14;14579;1;1;1;6;Route de Cahagnes;49,05214500; -0,71401700
202400049097;5;5;2024;18:20;1;62;62134;2;1;2;1;D216;50,53463566;1,91849879
202400014732;30;5;2024;16:56;1;33;33529;2;1;1;3;;44,62407000; -1,13521500
202400007181;4;6;2024;08:50;1;95;95491;1;1;1;4;A115;49,00479000;2,24522000
202400031935;17;5;2024;15:58;1;27;27229;2;1;1;6;JOSEPHINE (RUE);49,02359000;1,14310000
202400006401;21;5;2024;09:32;1;93;93029;2;2;1;3;Avenue Henri Barbusse / Avenue Jean Jaures;48,91967696;2,45105267
202400042106;15;6;2024;01:20;5;93;93005;2;1;1;2;Boulevard Georges Braque;48,96030900;2,47513700
202400045811;15;7;2024;18:28;1;75;75107;2;2;1;6;BOULEVARD RASPAIL;48,85443400;2,32589600
202400018811;12;10;2024;10:30;1;33;33318;2;1;1;6;;44,79786400; -0,64447500
202400044222;10;6;2024;19:15;1;73;73188;1;3;1;3;D925;45,61722700;6,32946600
202400019403;29;6;2024;10:00;1;971;97111;1;1;1;1;RN2, Bas-vent;16,34333600; -61,77199800
202400020714;11;10;2024;21:00;5;42;42095;2;5;1;6;Boulevard Saint-Charles;45,38503000;4,28409000
202400039834;17;7;2024;21:00;1;85;85194;2;1;1;6;Route du tour de france;46,48413000; -1,75598000
202400006789;6;2;2024;09:20;1;92;92050;2;3;1;4;NATIONAL (BOULEVARD);48,88772735;2,18565559
202400032228;30;8;2024;23:55;3;23;23217;1;1;1;6;Cheyroux;45,94064600;1,57143100
202400022342;25;5;2024;14:10;1;93;93079;2;3;1;6;Rue Étienne Fajon / Rue du 19 Mars 1962;48,96076000;2,34271000
202400043343;9;5;2024;05:45;4;16;16358;2;1;1;7;;45,68371200;0,11299610
202400021956;29;7;2024;07:56;1;22;22093;1;1;1;3;N12;48,45783868; -2,51960846
202400014147;27;12;2024;23:39;3;77;77251;1;1;5;7;AUTOROUTE A5A;48,62094138;2,54771357
202400044504;7;12;2024;09:25;1;988;98818;2;1;1;6;Parking du Kuendu Beach; -22,26076000;166,39044000
202400024030;3;9;2024;17:30;1;75;75114;2;1;1;6;AVENUE PAUL APPELL;48,82153700;2,32795500
202400025968;27;7;2024;10:30;1;83;83137;2;1;1;6;BAZEILLES (BD / ROND POINT DE);43,11210000;5,93760000
202400050877;10;6;2024;11:03;1;75;75107;2;2;1;3;BOULEVARD DE LA TOUR MAUBOURG;48,85993578;2,31017321
202400036816;13;12;2024;14:30;1;12;12230;1;3;2;3;D903;44,03765800;2,51925900
202400019272;18;6;2024;12:05;1;35;35166;2;1;1;6;11 rue de l'école;48,14182800; -1,33778400
202400047951;12;6;2024;15:45;1;91;91363;1;4;1;5;AUTOROUTE A10;48,59336217;2,04539993
202400042792;11;1;2024;06:50;5;62;62770;2;6;9;1;D937;50,61797400;2,54783600
202400044530;26;9;2024;15:20;1;75;75110;2;1;3;7;RUE DES VINAIGRIERS;48,87315700;2,36254600
202400042404;2;11;2024;21:20;5;33;33063;2;3;1;6;Place de la Ferme de Richemont;44,83602000; -0,57214000
202400031419;21;1;2024;00:05;3;63;63116;1;1;8;6;D19;45,98996589;3,04112232
202400017504;20;11;2024;21:50;3;29;29054;1;3;1;6;Croas An Herry;48,38181691; -3,84502784
202400041959;22;8;2024;18:56;5;987;98736;2;5;1;3;CHARLES DE GAULLE (AV); -17,53093700; -149,55316500
202400017888;30;1;2024;13:30;1;07;07316;1;1;1;5;Route de Lyon;44,90501000;4,85346000
202400024158;4;9;2024;22:19;5;11;11397;2;4;2;3;22 Rue d'Anjou;43,20621600;2,44222200
202400016098;8;9;2024;19:10;2;80;80021;1;1;2;7;SAVEUSE (RUE DE);49,90120000;2,23819000
202400013252;15;3;2024;00:30;3;974;97410;2;1;1;6;Chemin Grand Fond; -21,02830500;55,68610800
202400031250;2;3;2024;05:30;3;69;69149;1;1;1;3;Route de Métropole 7;45,71810000;4,81920000
202400011635;24;11;2024;00:20;5;92;92075;2;3;1;3;MARY BESSEYRE (RUE);48,82195167;2,28924282
202400012436;5;8;2024;21:10;2;10;10387;2;1;1;3;Rue des Sénardes;48,29169000;4,09308000
202400021632;13;4;2024;21:00;3;51;51058;1;1;1;3;Autoroute A4 137+300;49,21485000;3,99044000
202400036120;2;10;2024;08:50;1;42;42044;2;1;1;2;Rue de la République;45,39541000;4,31419000
202400017105;2;7;2024;16:55;1;50;50487;1;1;1;6;A84;48,52842900; -1,34394800
202400023142;7;3;2024;17:30;1;80;80489;2;1;1;7;Avenue Henri Barbusse;49,86930000;2,36067000
202400039422;6;4;2024;14:45;1;14;14326;1;1;1;1;Route de Cormeilles;49,17487200;0,29952800
202400053644;13;7;2024;02:20;3;55;55072;1;1;2;7;D908;49,16442702;5,63290781
202400028126;26;7;2024;20:11;1;56;56082;1;1;1;6;Bois de Digouet;47,96762900; -2,48947600
202400035822;14;5;2024;19:30;1;69;69388;2;1;2;4;Boulevard des Etats-Unis;45,73833483;4,86046860
202400000315;12;2;2024;04:25;3;974;97407;1;1;1;3;ROUTE NATIONALE N° 1; -20,95051000;55,31940000
202400049159;6;5;2024;02:20;5;31;31197;2;1;2;6;40 Route de Pinas;43,13290400;0,52161600
202400030111;18;5;2024;03:00;5;77;77058;2;1;1;6;EUROPE (AVENUE DE L' );48,83083000;2,71101000
202400038362;30;9;2024;18:25;1;80;80021;2;2;8;3;Avenue de l'Europe;49,91166600;2,30250400
202400043231;17;7;2024;09:00;1;50;50550;1;3;1;3;D53;49,12509000; -1,38328000
202400013459;14;3;2024;09:35;1;37;37261;2;1;1;2;POMPIDOU (AVENUE GEORGES);47,38358000;0,71110000
202400037270;15;1;2024;15:15;1;93;93051;2;5;7;6;Rue Rouget de Lisle / Avenue du Général de Gaulle;48,84340635;2,55952549
202400042389;2;11;2024;20:11;5;42;42187;2;3;1;3;Rue Mulsant;46,03810500;4,06006565
202400013371;14;3;2024;16:50;1;974;97411;2;1;1;4;JAURES (BLD 1 JEAN); -20,88966000;55,45208000
202400022754;8;10;2024;23:15;3;78;78217;1;1;1;2;A13;48,96532500;1,81636700
202400046214;20;8;2024;21:33;5;81;81163;2;3;1;3;JUIN (MARECHAL);43,50711000;2,37820000
202400016691;29;5;2024;16:05;1;92;92064;2;9;2;3;DAILLY;48,84458187;2,22039053
202400013151;15;10;2024;16:40;1;59;59033;2;6;1;6;PARMENTIER (RUE);50,20270000;3,83584000
202400015122;2;7;2024;15:40;1;75;75117;2;1;1;4;BD PERIPHERIQUE INTERIEUR;48,88398100;2,28527900
202400025301;7;3;2024;15:30;1;42;42041;1;1;1;2;Route de Feurs;45,71028500;4,18943900
202400022559;24;5;2024;13:25;1;51;51454;2;1;1;6;JEANNE D'ARC (RUE');49,25302000;4,02659000
202400039657;25;8;2024;23:00;5;987;98725;1;1;1;1;RT.2 à hauteur du PK11+800; -17,50672800; -149,47238800
202400017279;12;3;2024;08:10;1;92;92077;2;1;1;3;ST CLOUD (RUE DE);48,82854905;2,19203174
202400043232;10;5;2024;11:45;1;94;94038;1;1;1;3;A6B;48,78289290;2,34713213
202400049170;6;5;2024;08:30;1;02;02571;2;1;1;6;6 Rue Marécat;49,88091200;3,31391500
202400038535;16;6;2024;02:10;5;76;76351;2;1;1;6;GUILLEMARD;49,49814000;0,09424000
202400005188;19;10;2024;19:30;5;50;50129;2;6;8;5;ROND POINT DE CAPEL;49,65778000; -1,66797400
202400053200;23;10;2024;04:38;3;42;42237;1;1;8;5;N88;45,44266000;4,46362000
202400022914;25;6;2024;16:00;1;94;94081;2;1;1;6;Rue Gabriel Péri;48,79603034;2,39996499
202400012734;3;8;2024;02:53;3;77;77495;1;1;1;2;A5B;48,57525736;2,63912291
202400010418;4;2;2024;18:10;1;974;97407;1;3;1;3;OWENS JAMES; -20,93687313;55,32449019
202400017875;7;9;2024;14:40;1;45;45068;2;1;2;6;12 Rue Marcel Paul;48,01200000;2,72237000
202400019376;11;3;2024;17:45;1;29;29097;2;1;1;3;Rue du Stade;48,48688900; -4,03815200
202400016113;9;9;2024;13:50;1;77;77083;2;1;1;6;GENERAL DE  GAULLE (AVENUE DU);48,85088442;2,59099356
202400051604;27;8;2024;23:15;3;69;69187;1;3;1;7;Chemin des Alouettes;45,76633700;4,42121900
202400029938;2;9;2024;16:40;1;82;82132;2;1;1;1;route de caussade;44,07807900;1,61635300
202400015319;1;7;2024;01:10;3;13;13215;1;1;1;2;A7-Sens Lyon vers Marseille;43,36183000;5,36044000
202400050559;4;1;2024;12:25;1;75;75106;2;3;8;6;RUE DU CHERCHE MIDI;48,84923000;2,32583600
202400043070;3;4;2024;09:45;1;73;73064;2;1;2;2;D1006;45,55176068;5,98182732
202400041615;23;2;2024;14:45;1;77;77273;1;1;2;6;D41;49,04885500;2,76311000
202400041368;11;2;2024;18:45;2;974;97417;2;1;2;3;Route Nationale 2 Baril; -21,36960682;55,72331643
202400046243;6;12;2024;23:30;3;28;28425;1;1;1;2;A11 au PK042.200;48,50426500;1,70728000
202400031182;3;3;2024;01:19;5;13;13208;2;1;2;6;MENDES FRANCE (AVENUE);43,24949000;5,37508000
202400007415;19;3;2024;10:42;1;2A;2A004;2;1;1;6;1 Bd Dominique Pugliesi Conti;41,91320000;8,72625000
202400039673;12;5;2024;18:00;1;54;54084;1;1;7;7;D952;49,31544316;5,82927704
202400050164;3;12;2024;12:20;1;34;34172;2;2;1;7;GANGES (ROUTE DE;43,63852000;3,84726000
202400045703;14;7;2024;02:20;5;25;25056;2;9;1;6;MONTBOUCONS VOIES CITE DE;47,24950000;6,00115000
202400004465;26;4;2024;11:30;1;69;69266;2;3;2;3;9 Rue Léon Blum;45,75954022;4,89191398
202400005568;7;7;2024;13:30;1;91;91377;2;1;1;6;RUE GAMBETTA;48,73021000;2,27640000
202400043982;21;8;2024;17:00;1;75;75108;2;2;1;2;AVENUE GEORGE V;48,86842000;2,30116200
202400022803;9;10;2024;11:55;1;66;66136;2;1;1;6;BOULES;42,70471000;2,87977000
202400044234;6;12;2024;17:15;5;75;75106;2;7;1;3;BOULEVARD SAINT MICHEL;48,84779600;2,34103200
202400046297;6;12;2024;17:30;5;14;14348;1;3;1;3;23 Route de Caen;49,16241600; -0,61488800
202400002645;27;4;2024;23:25;5;988;98818;2;1;1;6;RUE JACQUES IEKAWE; -22,24068000;166,47050000
202400034923;12;12;2024;22:10;5;94;94071;2;9;8;7;Place Sainte Bernadette;48,76706000;2,53298000
202400011842;23;4;2024;19:27;1;78;78208;1;1;1;6;RN12 EXT;48,80000000;1,96925000
202400019045;11;3;2024;07:40;1;987;98735;2;1;1;3;PRINCE HINOI (AVENUE); -17,53408000; -149,56133000
202400052661;14;2;2024;16:50;1;69;69228;2;1;1;6;1292 Route de Villette;45,57983600;4,63138100
202400047634;24;9;2024;16:01;1;33;33063;2;1;1;3;;44,81388000; -0,56727000
202400051715;10;6;2024;08:10;1;92;92036;1;1;1;3;AUTOROUTE A15;48,94067835;2,29263081
202400043798;20;8;2024;08:35;1;86;86194;2;3;1;2;Boulevard des Rocs;46,59240000;0,33444000
202400024557;9;10;2024;20:05;5;33;33192;2;1;2;4;;44,78529000; -0,60560000
202400026138;3;9;2024;14:00;1;58;58059;1;9;1;3;A77, PK 129+000;47,18291300;3,03859400
202400030508;5;10;2024;14:25;1;25;25029;1;1;1;7;D41;47,03639463;6,34284496
202400016888;14;10;2024;09:25;1;95;95060;1;1;1;2;A115;49,03632652;2,19483097
202400013368;15;3;2024;03:45;5;974;97411;2;9;2;3;DESBASSYNS (CHEMIN); -20,89097000;55,48016000
202400034945;13;12;2024;18:25;2;19;19028;1;6;2;3;D979;45,41156800;2,49782300
202400041652;2;4;2024;20:15;1;07;07281;2;1;1;7;COUBERTIN (RUE PIERRE DE);44,94730000;4,85210000
202400034996;12;12;2024;20:40;3;93;93066;1;1;1;5;AUTOROUTE A1;48,90515615;2,35842786
202400046979;20;2;2024;04:30;3;60;60369;1;9;1;2;A1;49,32024551;2,68725157
202400008619;9;8;2024;16:50;1;16;16295;1;1;1;7;;45,81822000;0,14473200
202400015159;1;7;2024;14:20;1;75;75101;2;3;1;7;QUAI DE L HORLOGE;48,85692300;2,34347500
202400015712;21;11;2024;00:30;5;974;97407;2;1;1;6;AXE MIXTE (ROND-POINT); -20,95332000;55,29431000
202400024702;3;10;2024;18:45;1;62;62765;2;1;1;2;Rue Eugene Delacroix;50,74480708;2,26325208
202400039296;13;1;2024;00:05;5;69;69142;1;1;1;2;Route de Métropole 7;45,72768000;4,81657000
202400034200;2;10;2024;18:00;1;69;69290;2;8;1;3;Rue Jules Ferry;45,69426000;4,94618000
202400012758;28;12;2024;07:45;3;13;13213;2;1;1;1;ALBERT EINSTEIN (RUE);43,49260000;5,37348000
202400032101;22;7;2024;18:15;1;29;29232;2;1;1;6;Boulevard des Frères Maillet;48,00018000; -4,08906000
202400009562;5;7;2024;19:50;2;38;38087;2;1;1;2;D4;45,58707000;4,78611000
202400004897;4;8;2024;00:05;5;44;44109;2;1;1;6;58 Rue des Renards;47,25739740; -1,56627778
202400013589;21;11;2024;10:40;1;54;54395;2;3;1;3;avenue Raymond Pinchard;48,70320000;6,15481900
202400011703;21;11;2024;09:45;1;69;69242;1;1;2;1;Route de Dracé;46,13653645;4,76174144
202400018620;29;5;2024;10:40;1;84;84020;1;1;1;5;D900;43,86573800;5,30904700
202400040826;18;10;2024;01:00;5;44;44162;2;6;1;6;Rond Point de la Porte d'Armor;47,22497547; -1,62117072
202400036341;3;10;2024;06:30;3;59;59289;1;1;1;1;Route de Valenciennes;50,23013200;3,50438100
202400017553;19;11;2024;12:30;1;974;97409;1;1;1;6;CHAMP BORNE (ROUTE DE); -20,93500000;55,66900000
202400047671;17;2;2024;16:50;1;44;44162;2;1;1;6;50 Boulevard François Mitterrand;47,21922684; -1,64059818
202400051095;15;2;2024;14:00;1;75;75116;2;3;1;7;RUE ALFRED BRUNEAU;48,85542200;2,27665500
202400035816;13;5;2024;14:50;1;973;97302;2;1;3;7;DE GAULLE (AVENUE);4,93888000; -52,33144000
202400049970;17;8;2024;20:42;5;91;91161;2;1;2;6;AV CHARLES DE GAULLE;48,70400000;2,32100000
202400005628;20;3;2024;19:15;2;75;75115;2;3;1;6;RUE VASCO DE GAMA;48,83525100;2,28546600
202400033703;2;3;2024;00:16;5;971;97128;1;1;1;6;D102;16,26610100; -61,33741600
202400002211;17;9;2024;18:00;1;38;38185;2;2;1;3;BERRIAT (COURS)             1 A 55-72;45,18784000;5,72160000
202400029831;18;5;2024;17:15;1;92;92012;2;1;1;6;BONTEMPS (rue Marcel);48,82785534;2,23636678
202400043519;16;7;2024;01:00;5;83;83137;2;1;1;6;RIVIERE (QUAI COMMANDANT);43,13992000;5,90996000
202400041755;17;7;2024;19:50;1;83;83137;2;3;1;3;PICOT (AVE DU COLONEL);43,12752000;5,96297000
202400045532;7;5;2024;19:00;5;974;97407;2;9;1;6;ROUTE DU SACRE COEUR; -20,95674000;55,31345000
202400030149;18;5;2024;14:16;1;56;56121;2;6;1;2;Avenue Simone Veil;47,76360000; -3,37020000
202400040947;4;4;2024;14:10;1;42;42275;2;1;1;6;Rue de la Piot;45,47847000;4,36762000
202400039204;14;1;2024;11:00;1;45;45247;1;1;8;7;A77 PR 24 + 600;48,02704500;2,67637300
202400044403;8;12;2024;11:15;1;85;85024;2;1;1;6;RD28 ;46,92911200; -1,88982500
202400039854;17;7;2024;12:45;1;64;64445;2;3;1;3;CHATEAU D'ESTE DU;43,30789000; -0,37748000
202400041666;21;8;2024;16:45;1;12;12176;1;1;1;5;D888;44,37301300;2,63490300
202400029206;19;1;2024;14:00;5;44;44143;2;6;8;2;Boulevard Victor Schoelcher;47,19536030; -1,56230579
202400000880;7;8;2024;12:00;1;84;84007;2;2;1;3;AULNES(Avenue des)-MONTFAVET;43,94320000;4,86570000
202400038340;29;9;2024;14:54;1;87;87050;2;1;1;6;BUXEROLLES (ROUTE DE);45,86999000;1,25731000
202400037872;26;8;2024;17:50;1;73;73010;2;3;1;3;D54;45,79441400;5,93267100
202400042396;2;11;2024;04:20;5;37;37261;2;2;2;3;HEURTELOUP (BOULEVARD);47,39214000;0,70041000
202400001575;23;3;2024;21:00;5;92;92072;2;1;1;2;EUROPE (AVENUE DE L');48,82321577;2,21002239
202400037904;26;8;2024;14:40;1;56;56007;2;1;1;3;102 Avenue du Général de Gaulle;47,67588100; -2,99449900
202400050181;11;6;2024;01:50;3;54;54323;2;1;1;3;Avenue de la République;49,52317000;5,77153000
202400049578;16;2;2024;09:20;1;93;93001;2;6;1;2;Rue Charles Tillon / Rue Léopold Réchossière;48,91462600;2,39187100
202400041570;3;4;2024;10:38;1;56;56260;2;6;1;6;MONSABERT(BOULEVARD DU GENERAL DE);47,66440000; -2,78060000
202400022335;26;1;2024;13:45;1;93;93005;2;2;1;7;Boulevard de Strasbourg / Rue de Reims;48,92343600;2,48556600
202400031795;19;1;2024;02:20;5;93;93005;2;1;4;1;Rue Robert Brémond;48,95744882;2,46337116
202400001986;18;9;2024;18:00;1;73;73059;2;1;1;6;25 Chemin des combettes;45,72664921;5,89140138
202400013610;22;11;2024;10:05;1;34;34172;2;2;1;3;SOULAS (AVENUE DU PERE;43,62071000;3,85786000
202400006419;6;8;2024;10:00;1;71;71153;2;2;1;3;HOCHE;46,79949000;4,44487000
202400015613;21;11;2024;17:50;2;30;30249;1;1;1;6;D40a;43,80201900;4,21732800
202400021754;27;1;2024;11:40;1;93;93031;2;1;1;6;Rue Alfred de Musset;48,96049000;2,30159000
202400041369;26;2;2024;17:00;1;75;75117;2;2;2;3;RUE DES DAMES;48,88328600;2,31928400
202400049427;29;10;2024;07:30;2;03;03102;2;1;5;1;Rue de la Tour;46,52474500;3,67887000
202400049909;13;7;2024;23:00;3;39;39470;1;3;1;1;;46,50289000;6,02982000
202400015663;19;4;2024;12:20;1;03;03052;1;3;1;2;RD39;46,33904300;2,70999400