Num_Acc;jour;mois;an;hrmn;lum;dep;com;agg;int;atm;col;adr;lat;long
202400046535;3;12;2024;19:22;5;57;57672;2;1;1;6;LE KEM (CHEMIN) - PAIR;49,35310000;6,13437000
202400047630;17;2;2024;19:00;5;62;62193;2;9;1;6;Avenue Georges Guynemer;50,95294888;1,89180797
202400000867;17;8;2024;16:35;1;988;98818;2;2;1;3;RUE DE METZ/RUE DE MAUBEUGE; -22,27744000;166,44986000
202400031719;18;1;2024;23:00;5;13;13213;2;1;1;3;JEAN PAUL SARTRE (AVENUE);43,32345000;5,41930000
202400048618;5;1;2024;13:50;1;93;93005;1;1;1;4;AUTOROUTE A3;48,95280378;2,47375002
202400035663;28;2;2024;08:10;1;95;95582;1;1;1;3;A15;48,97195611;2,24798145
202400024351;13;3;2024;15:16;1;29;29232;2;1;1;6;Boulevard de Creac'h Gwen;47,97953000; -4,10308000
202400036820;6;11;2024;19:50;5;971;97103;2;2;2;3;Boulevard de Destrellan;16,25237100; -61,58784800
202400010676;4;2;2024;19:15;5;59;59035;2;9;2;1;Route de Landrecies;50,11916200;3,92787300
202400024873;14;11;2024;22:35;3;95;95306;1;1;1;2;A15;49,00685223;2,16266973
202400014687;30;5;2024;19:10;1;59;59220;2;2;1;6;Rue Roger Salengro;50,60292617;3,06910605
202400048135;5;12;2024;14:15;1;987;98714;1;1;1;7;quartier revatua, faanui; -16,48637000; -151,74317400
202400035771;25;2;2024;22:08;3;973;97302;2;1;1;3;FELIX EBOUE(ROCADE);4,92753000; -52,31922000
202400016930;13;10;2024;01:15;5;07;07019;2;1;2;5;JEAN MATHON(BOULEVARD);44,61990000;4,38710000
202400040431;4;11;2024;08:40;1;35;35238;2;6;5;3;GERARD (MICHEL);48,09277000; -1,64003000
202400019425;12;3;2024;06:45;1;972;97228;2;1;1;2;Rue du Pave;14,79410000; -61,01541100
202400003790;8;7;2024;09:43;1;75;75119;2;2;1;3;AVENUE DE FLANDRE;48,88577600;2,37095700
202400043205;10;5;2024;20:15;1;50;50422;1;1;1;6;d971;49,20758200; -1,36617200
202400014300;25;12;2024;18:05;5;33;33063;2;7;1;3;;44,83368000; -0,58478000
202400013288;16;3;2024;11:00;1;48;48092;2;1;1;6;Avenue Théophile Roussel;44,55516900;3,29113200
202400033344;24;2;2024;20:00;5;50;50129;2;2;2;3;PAIX (RUE DE LA);49,65291000; -1,65394000
202400014652;3;8;2024;17:40;1;14;14366;2;9;2;1;337 Rue Augustin Fresnel;49,14495000;0,26713000
202400004977;28;11;2024;15:40;1;13;13021;1;1;1;2;D9;43,33344700;5,15817100
202400027949;22;1;2024;14:20;1;35;35238;2;1;1;6;VEYETTES (DES);48,10183000; -1,63328000
202400025443;13;4;2024;12:15;1;95;95428;2;2;1;6;ALOUETTES (RUE DES);48,97082033;2,31541827
202400005489;21;3;2024;14:45;1;64;64230;1;1;1;7;D24;43,22785800; -0,43459300
202400022995;27;6;2024;05:00;2;01;01319;1;2;1;3;RD27;46,06078400;4,94685700
202400040706;3;11;2024;16:00;1;93;93070;2;1;1;3;DOCTEUR BAUER(RUE DU) :N° 1 AU 73;48,91076000;2,33750000
202400021161;9;3;2024;15:50;1;976;97609;2;1;1;7;CCD 4, Kani bé; -12,97881400;45,11588800
202400002673;12;8;2024;10:51;1;22;22164;1;1;1;7;RN12 PR 100+000;48,56878400; -3,28638000
202400018296;7;1;2024;22:20;5;62;62774;2;1;1;2;D243E3;50,94334000;1,74752000
202400042450;8;12;2024;19:10;5;75;75116;2;7;2;6;PLACE DE LA PORTE MAILLOT;48,87812053;2,28106320
202400038224;18;6;2024;11:56;1;33;33063;2;3;1;3;;44,87422000; -0,57165000
202400052496;15;8;2024;14:10;1;75;75119;2;2;1;6;AVENUE JEAN JAURES;48,88773100;2,38932300
202400002450;29;4;2024;11:30;1;13;13214;2;1;1;7;GIBBES (CHEMIN DE);43,32742000;5,38469000
202400050770;5;1;2024;11:05;1;73;73034;1;1;4;7;Rte de la Picherie;45,69586969;6,55838703
202400025246;19;12;2024;15:35;1;56;56121;1;1;2;4;D465 Desserte Portuaire;47,73707000; -3,37787000
202400015812;10;9;2024;03:10;3;72;72363;1;1;1;6;pk 143 A11;48,10154400;0,53999900
202400016125;23;12;2024;13:40;1;69;69298;2;2;2;5;Route de Givors;45,64922500;4,99023100
202400025772;29;8;2024;13:45;1;83;83061;2;1;1;2;AVENUE LOUIS CASTILLON;43,39057000;6,71968000
202400020625;25;5;2024;01:05;3;92;92064;1;1;1;1;A13;48,83793332;2,19049695
202400040782;24;10;2024;02:00;3;01;01276;1;1;1;2;A432;45,81224500;5,05868900
202400025207;7;3;2024;14:00;1;93;93013;2;1;1;3;Rue de Verdun;48,93038314;2,41644233
202400030534;4;10;2024;15:20;1;30;30263;2;3;1;7;Cours Gambetta;43,96521000;3,85597600
202400017806;6;9;2024;17:05;1;93;93007;1;1;2;4;AUTOROUTE A1;48,94841681;2,44555052
202400043427;9;5;2024;12:40;1;92;92012;2;2;1;3;JEAN JAURES (BOULEVARD) 63/215 - 70/208;48,83680072;2,24171412
202400045510;21;8;2024;15:51;1;976;97611;2;1;1;3;m'tsapere-Nationale 2 (route); -12,79325000;45,21711000
202400018922;12;10;2024;07:50;2;91;91161;2;1;1;6;AUTOROUTE A6;48,69902415;2,31238604
202400035300;12;5;2024;06:40;1;971;97113;1;1;1;6;RN4-ROND POINT SAINT FELIX;16,20791975; -61,45282030
202400034654;8;11;2024;16:00;1;93;93007;1;9;1;2;AUTOROUTE A3;48,93542559;2,48038210
202400008036;15;9;2024;07:00;1;10;10063;1;1;5;1;D396;48,37559400;4,53608800
202400021346;8;7;2024;11:40;1;55;55008;1;3;1;1;D618;49,26618248;5,66272662
202400045637;10;6;2024;17:45;1;11;11069;1;1;1;2;;43,23163000;2,37431000
202400024991;26;6;2024;20:00;1;07;07330;1;1;1;3;Route de Bourg Saint Andéol;44,40649300;4,42222200
202400015573;21;11;2024;10:50;2;92;92040;2;1;4;2;ARISTIDE BRIAND;48,82138317;2,25349344
202400002565;13;8;2024;08:40;1;55;55410;1;1;1;1;Rue Haute;49,49353900;5,32053700
202400024899;13;11;2024;11:20;1;972;97209;2;3;1;3;REDOUTE (ROUTE DE LA);14,62796000; -61,05709000
202400002570;30;4;2024;13:35;1;64;64273;1;1;1;7;CD 22;43,26559700; -1,22779700
202400019991;7;9;2024;18:50;1;93;93048;2;2;1;3;STALINGRAD AV.;48,87106000;2,43115000
202400042243;16;6;2024;06:15;2;18;18028;1;1;1;7;;47,10896100;2,29630400
202400007674;4;7;2024;12:30;1;971;97101;1;1;1;2;CARAQUE;16,24102000; -61,49571000
202400024038;25;1;2024;12:20;1;35;35206;1;1;1;6;PORTE DE BREQUIGNY;48,07952000; -1,68503000
202400042152;10;12;2024;07:45;3;31;31004;2;1;1;6;Route de Ticaille;43,44174700;1,59966100
202400032169;30;8;2024;08:45;1;75;75115;2;2;8;3;RUE PEGOUD;48,83538600;2,26676000
202400019883;6;9;2024;10:15;1;04;04070;2;9;1;5;BRET (BD MARTIN);44,09317000;6,23553000
202400040303;26;9;2024;15:15;1;81;81299;1;1;1;6;Route de Viterbe;43,66217184;1,93214321
202400000336;18;9;2024;13:50;1;94;94034;2;1;1;4;Avenue de la Division Leclerc;48,75902000;2,32476000
202400020353;6;9;2024;13:25;1;10;10325;1;1;1;6;ROCADE OUEST (RD 610);48,26286508;4,08156037
202400018675;27;5;2024;19:55;2;64;64335;1;9;1;1;D945;43,35464000; -0,44054000
202400045708;20;8;2024;20:45;2;06;06155;2;1;1;6;48 Boulevard du Docteur Jacques Ugo;43,57656930;7,05631630
202400043320;25;2;2024;08:45;1;38;38198;1;2;1;3;D519f;45,33850400;4,95378300
202400034138;28;8;2024;23:45;5;92;92007;2;1;1;6;PASTEUR (AVENUE LOUIS) N° 1 A 39 ET 2 A;48,79794567;2,31746390
202400013041;16;10;2024;15:30;1;92;92026;2;1;1;2;VERDUN (DE 62 A FIN);48,90113294;2,26003647
202400029407;2;3;2024;23:20;5;92;92024;2;2;8;3;DOCTEUR DERVAUX  ( QUAI DU );48,90852293;2,30012298
202400013890;20;4;2024;12:00;1;974;97416;1;1;1;1;RN3 (ANCIENNE ROUTE); -21,30358162;55,49908841
202400031783;17;5;2024;21:45;5;78;78297;2;1;1;6;HAUSSMAN (RUE GEORGES);48,76610600;2,07873900
202400012832;31;5;2024;10:30;1;13;13001;2;1;1;2;JUVENAL MAX (AV);43,52564307;5,43864151
202400048167;21;5;2024;10:45;1;978;97801;2;1;1;7;R DE CONCORDIA;18,06575500; -63,07953200
202400034523;1;10;2024;20:30;5;56;56121;2;2;1;2;Cours Louis de Chazelles;47,75359000; -3,36226000
202400014701;2;8;2024;16:03;1;71;71290;1;1;1;6;Route de Clermain;46,38846700;4,61526600
202400019790;20;12;2024;13:10;1;49;49099;1;1;1;1;SARTHE (RUE DE LA);47,08696000; -0,85086000
202400006757;27;12;2024;23:50;5;44;44162;2;3;1;7;Boulevard Marcel Paul;47,23946221; -1,62791620
202400050218;26;10;2024;19:50;3;44;44081;1;1;1;5;1 la Nouette ;46,90744500; -1,55936100
202400022359;5;9;2024;00:30;5;75;75115;2;4;1;6;BOULEVARD PERIPHERIQUE INTERIEUR SUD;48,82606989;2,29887307
202400003956;27;11;2024;12:40;1;38;38276;2;1;1;6;D 1085;45,56425900;5,30343000
202400036402;8;11;2024;15:00;1;31;31377;1;3;1;2;RD 813 intersection RD 97B;43,41606800;1,69418500
202400044520;25;9;2024;15:45;1;75;75114;2;3;2;6;BOULEVARD DU MONTPARNASSE;48,84053800;2,33371700
202400035993;27;8;2024;23:00;5;92;92036;2;1;1;6;GRESILLONS (QUAI DES);48,92063164;2,32429314
202400020776;11;10;2024;07:30;1;92;92025;2;1;8;1;STALINGRAD (AV DE);48,93205847;2,26628289
202400051832;26;10;2024;07:00;3;94;94044;1;1;2;6;N406;48,75720257;2,47547507
202400048003;26;10;2024;22:45;3;61;61096;1;1;2;1;D848;48,53384200; -0,45996100
202400012209;11;9;2024;23:55;3;22;22360;1;1;1;6;ROND POINT DE BREZILLET;48,49335000; -2,76294000
202400014669;3;8;2024;13:00;1;94;94018;2;2;1;3;Rue Camille Mouquet;48,82376300;2,40749100
202400017209;11;3;2024;17:00;1;45;45147;2;3;1;3;23 Rue des Fosses;47,92507000;1,92212000
202400024798;26;6;2024;11:30;1;33;33318;2;2;1;3;;44,80767000; -0,66203000
202400001277;5;6;2024;18:30;1;50;50541;1;1;1;4;6 Les Pas;48,83690600; -1,48530000
202400013083;16;10;2024;10:35;1;91;91174;1;1;1;3;RN 104;48,61045039;2,44425416
202400033795;14;5;2024;21:45;5;75;75120;2;2;2;3;AVENUE GAMBETTA;48,86653000;2,39989300
202400009460;18;3;2024;10:20;1;31;31100;1;1;1;3;D11;43,31716100;1,61979700
202400036206;20;6;2024;06:00;2;33;33483;2;1;1;1;;44,90848200; -0,39028600
202400038747;4;11;2024;06:20;1;974;97411;2;6;1;3;JAURES (BOULEVARD JEAN); -20,90065000;55,48722000
202400006497;9;2;2024;01:40;3;73;73285;1;1;2;6;D902;45,61740341;6,81195305
202400034047;23;7;2024;08:00;1;03;03292;1;1;1;7;chemin départemental 33, carrefour de la route communale de la savrière;46,41875600;3,11116400
202400050806;28;3;2024;18:45;1;92;92007;2;1;1;6;FONTAINE (RUE DE LA);48,78680000;2,30425000
202400036320;19;6;2024;18:40;1;64;64545;1;1;1;3;CORNICHE (ROUTE DE LA);43,39230615; -1,69582396
202400022431;29;7;2024;10:05;1;29;29232;2;1;1;4;Route de Pont l'Abbe;47,97941133; -4,12250636
202400046780;7;1;2024;15:25;1;2B;2B033;2;6;2;6;11 - RT;42,67109000;9,44289000
202400046083;29;10;2024;18:50;3;76;76447;1;1;2;6;Rue Raoul Dufy;49,55594808;0,16705871
202400000854;12;8;2024;17:20;1;13;13214;1;1;1;2;A507 sens Marseille - Aubagne;43,33439187;5,38303265
202400027639;21;1;2024;15:58;1;72;72290;1;1;2;6;lieu dit tete de loup;48,16543662;0,11095047
202400017161;2;7;2024;09:15;1;90;90011;1;1;1;3;A36;47,57929800;6,85764700
202400038450;30;9;2024;11:30;1;75;75117;2;7;1;3;PLACE DU MARECHAL JUIN;48,88534500;2,29709400
202400041375;12;5;2024;17:50;1;67;67063;1;1;1;2;D57;48,38397900;7,27205300
202400003036;6;12;2024;07:30;3;84;84095;1;1;1;2;Jas de Puyvert;43,75022600;5,33262800
202400023181;5;3;2024;17:50;1;60;60057;2;1;3;6;HECTOR BERLIOZ (RUE);49,41664302;2,07714115
202400004213;28;4;2024;21:30;5;94;94043;2;6;1;2;Avenue de Fontainebleau / Rue Edmond Michelet;48,80950000;2,36245000
202400018103;30;1;2024;10:20;1;65;65042;1;1;1;1;30 Rue des Fréres Ferrère;43,04411500;0,16535300
202400045710;21;9;2024;02:22;4;29;29215;2;1;1;6;Chemin de la Corniche;47,97989700; -4,43470000
202400045622;12;2;2024;18:25;3;35;35195;1;1;1;6;Le Stand;48,30451100; -1,68258700
202400042178;16;6;2024;13:30;1;56;56123;1;1;1;1;la ville clero;47,69235300; -2,33261000
202400052761;1;12;2024;12:30;1;75;75115;2;2;1;3;RUE DE LA CONVENTION;48,84383600;2,28195100
202400040010;24;8;2024;11:50;1;39;39501;2;1;1;6;8 Rue de Dole;47,12681900;5,45455600
202400036281;3;10;2024;08:45;1;72;72241;2;1;1;6;72 Grande Rue;48,04879000;0,40965400
202400003800;7;7;2024;09:00;1;75;75120;2;1;1;6;BOULEVARD MORTIER;48,86996000;2,40878000
202400051177;28;3;2024;14:10;1;83;83144;1;1;1;2;A57;43,13398268;5,98674088
202400017285;19;11;2024;10:55;1;84;84007;2;1;1;6;RÉPUBLIQUE (RUE DE LA);43,94557000;4,80545000
202400017349;30;6;2024;09:30;1;92;92024;2;1;1;4;MARTRE (RUE) DE (111 A 119)   (122 A 144;48,90820725;2,30038190
202400049406;9;2;2024;18:10;2;22;22077;1;3;1;3;Le Guihourde;48,55229300; -2,43289200
202400017533;19;11;2024;19:55;5;38;38344;2;1;1;3;Avenue Gabriel Péri;45,36602900;4,80017100
202400050296;11;7;2024;17:20;1;80;80379;2;1;1;7;Rue des Indes Noires;49,86623000;2,37348000
202400026104;22;5;2024;19:15;1;69;69388;2;3;2;3;Avenue Jean Mermoz;45,73371447;4,87775192
202400049242;2;12;2024;15:15;1;18;18249;1;3;2;7;;47,32098500;2,67260700
202400026147;16;5;2024;09:03;1;77;77251;1;6;1;1;AV PAUL DELOUVRIER;48,62649000;2,55301000
202400046624;29;10;2024;08:30;1;63;63113;2;1;1;3;LAFAYETTE (BD);45,77364000;3,08803000
202400043174;2;4;2024;06:30;1;976;97611;2;1;1;5;kaweni-Mangrove (route de la); -12,77600000;45,22600000
202400045628;14;6;2024;01:25;3;13;13047;1;8;1;7;FOS (ROUTE DE) - RN 569;43,48832000;4,96360000
202400009184;18;10;2024;10:50;1;14;14220;2;2;1;6;89 Avenue de la République;49,35691000;0,07240000
202400021131;28;2;2024;17:40;1;17;17116;1;1;1;7;RD 148;45,42226200; -0,56874100
202400048270;1;12;2024;17:48;3;13;13015;1;1;1;2;A51-Sens Marseille vers Aix en Provence;43,42800000;5,38600000
202400032591;6;11;2024;16:30;1;06;06161;2;1;1;6;2575 Boulevard Nationale 7;43,62700500;7,13250700
202400033053;15;12;2024;00:30;3;95;95678;1;1;8;3;D9;49,08066610;2,25467048
202400042327;8;12;2024;21:20;5;91;91691;2;1;9;6;MARECHAL JUINI(RUE);48,71102700;2,48692900
202400036171;27;9;2024;17:50;1;02;02722;2;2;1;3;16 Rue Debordeaux;49,38462000;3,31947000
202400004145;28;4;2024;08:50;1;54;54367;1;1;1;7;RN52;49,50251000;5,79246000
202400010075;25;11;2024;19:26;3;83;83090;1;1;1;7;A50;43,12580000;5,88005240
202400012262;4;2;2024;09:45;1;42;42092;1;1;1;1;Route des Brossettes;45,49854900;4,38369000
202400016732;30;5;2024;14:15;1;09;09239;1;3;5;3;Col des Hares;42,68318500;2,12463100
202400042210;23;8;2024;10:20;1;60;60553;1;1;1;7;D1017;49,46354700;2,65873100
202400049249;4;12;2024;20:10;3;62;62736;2;1;2;6;Rue Bataille;50,64790994;2,79219648
202400015365;1;7;2024;17:45;1;69;69034;2;1;1;3;Montée de la Boucle;45,78288000;4,83653000
202400041464;26;2;2024;12:49;1;92;92035;2;1;2;3;Général de Gaulle  ( avenue du );48,91052627;2,25481689
202400038939;14;1;2024;16:05;2;44;44037;1;1;2;6;2 Chantegrolle;47,13535190; -1,44173294
202400050064;26;10;2024;16:40;1;92;92048;2;1;1;6;TRIVAUX (AVENUE DE) N° 1;48,80412000;2,23463000
202400014091;9;9;2024;09:05;1;64;64102;2;9;2;7;PONT MAYOU;43,49232099; -1,47408307
202400003427;6;6;2024;16:25;1;44;44103;1;1;1;3;32 Rue de la Chalandière;47,32995600; -2,18227200
202400051505;12;7;2024;15:41;1;973;97307;1;1;1;2;N1;4,89295700; -52,35137700
202400044810;8;1;2024;07:00;5;92;92064;2;1;1;4;MARCEL DASSAULT;48,85621980;2,22318810
202400021053;10;3;2024;22:34;3;86;86153;1;1;1;2;Route Nationale N°147;46,41565200;0,68299500
202400050176;3;12;2024;08:30;1;33;33075;2;1;2;6;;44,88087000; -0,61510000
202400012059;22;4;2024;17:00;1;95;95026;1;1;1;6;GOURDEAUX (RUE DES);49,13074500;2,36079500
202400046140;28;10;2024;19:00;5;67;67482;2;3;1;3;CLEMENCEAU (BOULEVARD);48,59218000;7,75506000
202400000374;20;9;2024;01:15;3;01;01179;2;1;1;1;Route de Pont de Veyle;46,26274300;4,85694200
202400033274;18;5;2024;05:11;2;95;95116;1;1;5;1;D924;49,15997996;2,31983369
202400052364;24;10;2024;17:40;1;29;29019;2;3;1;3;boulevard de Plymouth;48,38666000; -4,52847000
202400014530;14;12;2024;12:50;1;988;98822;1;1;3;6;Ina (Tribu); -20,93805400;165,36011700
202400037811;5;4;2024;18:25;1;974;97411;2;3;1;3;JOFFRE (BOULEVARD); -20,87501000;55,45399000
202400044449;25;9;2024;22:39;4;37;37214;2;1;3;2;VOISIN (BOULEVARD ANDRE-GEORGES);47,42751000;0,65853000
202400023691;13;4;2024;10:14;1;18;18033;2;1;1;7;2 Rue de Gionne;47,07271000;2,40713000
202400050931;12;7;2024;11:15;1;75;75119;2;3;2;7;QUAI DE LA SEINE;48,88883150;2,37888068
202400002183;29;11;2024;10:00;1;66;66136;2;2;7;6;Avenue Docteur Jean-Louis Torreilles;42,69413000;2,87225000
202400040178;25;8;2024;08:58;1;78;78133;1;1;1;6;A13;48,89024900;2,00984200
202400024780;25;6;2024;13:20;1;59;59178;2;1;1;3;TOURNAI (ROUTE DE);50,40723680;3,12740688
202400021392;9;3;2024;02:00;5;75;75119;2;7;1;3;PLACE AUGUSTE BARON;48,90045000;2,38687400
202400017378;30;6;2024;23:15;5;11;11148;2;1;1;6;1 Avenue de Carcassonne;43,16973300;2,68589300
202400030468;5;10;2024;14:35;1;75;75117;2;1;1;6;RUE POUCHET;48,89225600;2,31908200
202400013178;13;3;2024;16:57;1;31;31555;2;1;1;6;RUE JULES AMILHAU;43,58206053;1,41487867
202400042765;11;1;2024;20:30;5;75;75115;2;3;1;6;RUE DE LA CONVENTION;48,84067500;2,28885700
202400034691;20;6;2024;19:05;1;90;90021;1;1;1;1;D29;47,58548200;6,95783800
202400011790;23;11;2024;04:30;5;84;84035;2;1;1;6;JAUFFRET (AVENUE ALPHONSE);43,83315000;5,02773000
202400004801;27;12;2024;19:59;3;32;32013;1;1;5;5;AGEN (ROUTE D');43,65683998;0,59712946
202400031742;19;1;2024;02:50;5;75;75118;2;2;1;1;RUE DU MONT CENIS;48,89252100;2,34431000
202400034045;19;7;2024;04:30;3;84;84050;1;1;1;7;D103;43,87358100;5,19664000
202400007279;18;10;2024;17:48;1;91;91228;2;3;2;1;CHEMIN DE FER (RUE DU);48,63545000;2,45079000
202400019793;22;12;2024;21:20;3;35;35334;1;1;2;6;ROCADE 16-17;48,14494745; -1,58997595
202400025768;3;9;2024;19:40;1;83;83137;2;1;1;7;JOFFRE (BD MARECHAL);43,12384000;5,95293000
202400005677;8;7;2024;05:35;2;28;28085;1;1;1;6;A11 PK 056+500 vers PARIS;48,43802700;1,52435300
202400028222;27;7;2024;16:10;1;73;73290;1;1;1;7;D1006;45,22854100;6,96218800
202400038118;1;10;2024;15:40;1;63;63372;1;1;2;1;pk 16 D224;45,90500077;3,29945064
202400020869;10;10;2024;09:17;1;78;78498;1;1;1;5;RD30;48,89511200;1,99366000
202400003752;21;3;2024;17:00;1;13;13028;2;1;1;1;Puits de brunet (Chemin);43,18648000;5,60002000
202400017517;20;7;2024;17:15;1;37;37101;1;2;1;3;D29;47,67454800;0,63340900
202400041732;24;8;2024;11:03;1;75;75109;2;3;1;6;RUE DU FAUBOURG MONTMARTRE;48,87269000;2,34317000
202400014033;20;12;2024;10:30;1;34;34317;2;1;1;6;29 Route de Saint Maurice;43,79078300;3,45943300
202400014468;26;12;2024;13:15;1;61;61092;1;1;8;1;D926;48,75495000;0,72088600
202400035558;15;5;2024;14:50;1;92;92032;2;1;1;7;VAL CONTENT (RUE DU);48,79238808;2,28293431
202400036768;6;11;2024;18:34;5;92;92012;2;6;1;3;JEAN BAPTISTE CLEMENT (AVENUE) 1/47 - 2/;48,84790750;2,24182203
202400038237;1;10;2024;08:00;1;94;94016;1;1;1;4;A6B;48,79212029;2,34415015
202400024142;24;1;2024;15:45;1;75;75110;2;3;1;3;BOULEVARD DE BONNE NOUVELLE;48,87035600;2,35143700
202400027230;6;3;2024;16:10;1;83;83144;1;1;1;3;A57;43,13525855;5,99079429
202400019459;11;3;2024;02:24;3;91;91521;1;1;1;7;RN 449;48,63201000;2,40076000
202400031065;14;12;2024;15:30;1;2A;2A004;2;6;8;2;STEPHANOPOLI NICEPHORE  DE COMENE BD;41,90877000;8,71145000
202400000660;19;2;2024;06:06;5;37;37261;2;6;2;7;ROND POINT EMMAUS;47,43021000;0,70530000
202400031070;15;12;2024;04:40;5;91;91286;2;1;1;6;ROUTE NATIONALE 7;48,66500900;2,39800000
202400005149;3;6;2024;11:30;1;75;75118;2;1;1;2;BD PERIPHERIQUE EXTERIEUR;48,90094200;2,35755300
202400007754;5;7;2024;13:15;1;75;75114;2;3;1;6;RUE DU GENERAL HUMBERT;48,82686800;2,30674700
202400034345;3;10;2024;18:50;2;84;84039;1;3;1;1;D950;44,09894300;4,90267300
202400001091;11;2;2024;13:05;1;54;54382;1;1;1;6;RD618;49,54661000;5,79952000
202400023255;16;11;2024;08:30;1;34;34069;1;1;1;6;départementale 14;43,38114800;3,12124400
202400027720;23;1;2024;09:45;1;78;78545;1;1;8;4;A12 Y;48,81035000;2,05563400
202400011399;2;7;2024;13:30;1;92;92050;2;9;1;3;GUILLERAIES AVENUE DES;48,89434630;2,18481839
202400014105;28;12;2024;20:50;5;2A;2A247;2;6;1;3;#Avenue de Bastia#;41,60285334;9,27668810
202400003468;22;10;2024;18:40;1;22;22326;1;1;1;6;L'Hotier;48,44404500; -2,41039400
202400039482;20;7;2024;00:13;3;68;68188;1;1;1;7;D430;47,93717600;7,06330800
202400006167;16;9;2024;18:30;1;69;69047;1;2;1;3;Montée du Chevronet;45,90213941;4,67639974
202400023311;8;3;2024;12:25;1;92;92035;2;2;1;3;Verdun 1916 ( avenue de );48,90581796;2,23598984
202400045738;27;9;2024;16:30;1;05;05017;1;3;1;1;route nationale 94;44,56112800;6,21120200
202400042378;2;11;2024;19:05;5;51;51454;2;3;1;6;VAILLANT COUTURIER (RUE PAUL) N°1 A 103;49,26620000;4,02498000
202400036124;2;10;2024;13:20;1;37;37214;2;1;8;6;PRENEY (RUE DE);47,41831000;0,65157000
202400022603;24;5;2024;17:00;1;94;94068;2;3;1;6;Rue du Pont de Créteil / Rue du Chemin Vert;48,80079201;2,47179615
202400004208;15;9;2024;22:25;3;93;93007;2;1;1;6;"""PAUL VAILLANT COUTURIER (AVENUE """"DU 13";48,92615000;2,46747000
202400052617;3;5;2024;13:00;1;92;92049;2;1;1;1;MARNE AVENUE DE LA;48,81480314;2,30584610
202400015125;13;3;2024;23:40;5;94;94078;2;3;1;3;Avenue du 8 Mai 1945 / Pont de Villeneuve le Roi;48,72760000;2,44544000
202400034195;20;7;2024;19:05;1;59;59244;2;1;1;3;ROUTE NATIONALE;50,16000000;3,16000000
202400049405;11;6;2024;19:05;1;92;92026;2;2;1;6;GAMBETTA;48,89279917;2,24525928
202400043971;14;6;2024;01:00;3;75;75112;2;3;2;6;BOULEVARD DE REUILLY;48,83958008;2,39753544
202400020175;6;9;2024;15:45;1;77;77083;1;1;1;6;A4.W;48,83345700;2,59320200
202400010312;22;4;2024;12:05;1;34;34301;2;1;1;6;QUILLES (CHEMIN DES);43,39413000;3,66493000
202400010823;30;12;2024;06:25;1;974;97411;2;1;1;6;JAURES (BLD 2 JEAN); -20,90004000;55,48231000
202400041532;19;7;2024;15:00;1;24;24331;1;1;1;6;1772 Route de Cyrano;44,79477200;0,43123500
202400045907;25;9;2024;16:30;1;83;83137;1;1;1;4;A50 SORTIE TUNNEL TUBE SUD;43,12783311;5,92513960
202400032065;22;7;2024;17:40;1;59;59122;2;1;1;3;SAINT LADRE (RUE);50,15924000;3,25213000
202400037457;6;4;2024;21:05;5;94;94077;2;1;8;2;Pont de Villeneuve-le-Roi;48,72817500;2,44370400
202400040335;28;9;2024;12:35;1;76;76619;1;2;1;3;Route du Viaduc;49,99317400;1,35432200
202400036838;2;11;2024;17:00;1;64;64067;1;1;1;1;D938;43,25782300; -0,28811200
202400003266;6;6;2024;19:15;1;75;75119;2;1;1;6;RUE ANDRE DANJON;48,88582100;2,38462000
202400004414;11;8;2024;16:30;1;94;94021;1;1;1;2;A106;48,76360182;2,34384403
202400054341;30;11;2024;01:55;5;75;75116;2;7;1;2;AVENUE DE VERSAILLES;48,83809800;2,25775800
202400011894;22;4;2024;15:40;1;69;69383;2;3;2;3;Route de Genas;45,75452244;4,88131939
202400020738;11;10;2024;13:15;1;17;17415;2;3;1;3;ARC DE TRIOMPHE RUE DE L' 2-68 1-57;45,74551000; -0,62517000
202400034778;13;12;2024;14:40;1;91;91027;2;1;1;2;RUE EDOUARD VAILLANT;48,70972000;2,39998000
202400039151;13;1;2024;21:10;3;76;76367;1;1;1;6;D121;49,49020400;1,09314000
202400000115;20;3;2024;22:35;5;95;95176;2;1;1;7;15 GEORGES MELIES (RUE);48,95155000;2,19613300
202400044385;26;9;2024;07:35;3;63;63032;2;3;2;3;AUBIERE (ROUTE D');45,74870000;3,09474000
202400024207;20;1;2024;11:10;1;11;11164;1;1;1;3;D607;43,28261800;2,87625600
202400020039;28;1;2024;15:30;1;63;63267;1;1;1;7;D64;45,91123704;3,64526153
202400042863;2;4;2024;23:17;5;75;75112;2;1;2;6;RUE DE BERCY;48,84504700;2,37163600
202400011743;23;4;2024;05:00;5;93;93046;2;1;1;6;Avenue Aristide Briand;48,91348900;2,52455900
202400040837;10;1;2024;14:05;1;58;58194;2;1;1;7;SAULAIES (ROUTE);46,96791000;3,12501000
202400006182;22;4;2024;16:50;1;80;80021;2;1;1;3;Port d'Amont;49,89495000;2,30829000
202400019842;28;1;2024;02:45;5;971;97113;1;1;1;3;RN4 - SECTION RIVIERA;16,21806000; -61,49880000