Num_Acc;jour;mois;an;hrmn;lum;dep;com;agg;int;atm;col;adr;lat;long
202400009952;14;9;2024;11:05;1;30;30151;1;3;6;3;Départementale D406;44,15011900;4,36869600
202400006374;6;8;2024;17:05;1;87;87085;2;1;1;6;COMBES (RUE DES);45,83228000;1,25855000
202400000726;30;4;2024;10:10;1;59;59350;2;1;1;6;Rue de la Halle;50,64480000;3,06044000
202400052059;24;10;2024;14:30;1;76;76351;2;4;1;7;AMERIGO VESPUCCI ( RUE );49,48469000;0,14515000
202400003420;23;10;2024;17:25;2;83;83073;1;1;1;7;Dn7;43,39578700;6,29164700
202400028149;29;8;2024;17:15;1;33;33506;2;1;1;6;;44,69397700; -0,08879700
202400024664;7;8;2024;15:20;1;74;74305;2;1;1;6;DAVID (RUE FERNAND);46,20908000;6,25456000
202400008961;3;6;2024;13:05;1;13;13117;1;3;1;3;LONDRES (AVENUE DE);43,42723000;5,23544000
202400031304;1;3;2024;23:22;3;65;65440;2;9;8;3;ALSACE LORRAINE (AVENUE);43,25351061;0,07248711
202400054367;10;7;2024;01:25;5;75;75119;2;2;2;6;BOULEVARD DE LA VILLETTE;48,88433400;2,36686500
202400032436;3;10;2024;20:50;5;93;93033;2;1;1;1;CHAMPS (AVENUE);48,86014000;2,58038000
202400033642;5;4;2024;16:10;1;56;56098;2;8;2;7;Avenue Victor Schoelcher;47,75122000; -3,33025000
202400022494;25;5;2024;04:25;5;78;78321;1;1;1;6;RN12 INT;48,79661500;1,90753800
202400015487;1;7;2024;21:19;2;94;94078;2;2;1;5;Avenue Carnot;48,73304000;2,45081000
202400042510;27;9;2024;21:38;5;73;73011;2;1;8;6;HOTEL DE VILLE (COURS DE);45,67542000;6,39297000
202400015388;30;6;2024;16:00;1;80;80021;2;1;1;6;Rue de l'Abbé Hénocque;49,90983000;2,29387000
202400015542;21;11;2024;10:00;1;15;15014;2;1;3;3;RD 120;44,91607000;2,42967000
202400042635;7;12;2024;01:15;3;27;27196;1;6;2;3;D77;49,29734400;1,17521700
202400007380;10;3;2024;13:50;1;04;04091;1;1;4;5;A51 PK 092.350;43,98550500;5,91262900
202400030781;22;6;2024;20:05;1;75;75115;2;2;1;6;BOULEVARD PASTEUR;48,84299700;2,31279600
202400034050;28;8;2024;12:15;1;41;41212;2;3;1;3;NATIONALE (ROUTE);47,56601000;1,36621000
202400052708;2;1;2024;17:20;4;06;06069;2;1;1;3;Route de Cannes;43,63635000;6,95137000
202400035346;15;1;2024;06:20;2;971;97113;1;1;2;7;SECTION GRANDE RAVINE;16,24756000; -61,45942000
202400021007;28;6;2024;14:30;1;06;06069;2;3;1;3;93 Boulevard Emmanuel Rouquier;43,63638100;6,94072500
202400000688;29;4;2024;10:55;1;87;87085;2;1;1;7;DUSSOUBS (PLACE DENIS);45,83295000;1,25582000
202400021838;6;9;2024;17:00;1;68;68338;1;2;7;3;Route des Trois Epis;48,08381300;7,25835800
202400001865;8;7;2024;17:15;1;10;10387;2;1;7;6;Rue de la Marne;48,27965000;4,06962000
202400026434;24;7;2024;21:20;5;971;97113;1;4;1;1;SECTION LEROUX;16,23438000; -61,46771000
202400006889;7;2;2024;12:45;1;987;98745;1;1;2;6;RT 143; -16,63605600; -151,46748900
202400013638;22;11;2024;07:50;1;15;15014;1;1;1;6;RD 117;44,92418049;2,47152637
202400029788;17;1;2024;11:00;1;72;72054;2;1;2;6;24 Rue Jacques Guède;48,02383665;0,33367217
202400053466;13;2;2024;09:50;1;26;26058;2;3;1;3;Rue Hubert Chapon;44,94176700;4,90352869
202400030941;9;11;2024;09:30;1;84;84007;2;1;1;6;JARDINS NEUFS (CHEMIN DES);43,95570000;4,83099000
202400029038;15;12;2024;01:13;3;13;13043;1;1;1;2;A55-Sens Marseille vers Martigues;43,39129821;5,26458933
202400013326;4;7;2024;16:40;1;69;69100;2;1;1;7;Route de Brignais;45,67279800;4,79624000
202400024725;8;10;2024;06:05;3;37;37195;2;1;2;6;PROUDHON (AVENUE);47,38974664;0,64776617
202400047861;9;6;2024;06:30;1;971;97129;1;1;1;7;Morne Rouge;16,30362000; -61,65728900
202400013619;22;11;2024;01:45;5;33;33063;2;2;2;2;;44,82792000; -0,59334000
202400001559;23;3;2024;07:00;2;94;94068;2;1;1;6;Avenue de l’Alma;48,78553000;2,49526000
202400047381;6;1;2024;09:30;1;87;87038;1;1;2;6;Rue Saint-eloi;45,90817800;1,26490300
202400019037;28;6;2024;13:51;1;2A;2A004;2;3;1;3;NAPOLEON COURS AVANT BEVERINI;41,92583000;8,73823000
202400036242;16;6;2024;17:40;1;01;01275;1;1;1;2;A46N 25.180 A 25.680;45,80825500;4,91925500
202400049821;10;6;2024;17:15;1;77;77495;1;1;1;2;A5B;48,57773900;2,63816700
202400034941;13;12;2024;16:00;1;65;65131;1;4;1;1;D632;43,27639100;0,18943600
202400051842;2;5;2024;05:35;5;14;14118;2;3;2;7;Rue Alfred Kastler;49,19992600; -0,39302800
202400029886;20;5;2024;06:15;2;62;62306;1;1;1;7;D917;50,17711800;2,82215600
202400023873;14;4;2024;22:10;3;46;46214;1;1;1;6;Route des Landes;44,48716100;1,31422900
202400052465;14;2;2024;17:15;1;92;92051;2;1;1;1;CHARCOT (RUE);48,88434949;2,25831699
202400015405;27;6;2024;10:10;1;69;69286;2;1;1;6;Rue du Capitaine Julien;45,82295675;4,88995922
202400043515;21;8;2024;17:50;1;44;44131;1;1;7;6;;47,09949219; -1,99215500
202400033082;3;3;2024;09:40;1;66;66028;2;1;1;3;Avenue André Ampère;42,68840700;2,91993400
202400006809;6;12;2024;14:00;1;74;74124;1;1;1;6;Route de saint-julien;46,12891300;6,07940900
202400034922;13;12;2024;14:10;1;94;94073;2;9;1;6;Avenue René Panhard;48,76302000;2,40111000
202400027603;12;4;2024;18:00;1;75;75116;2;7;1;2;AVENUE DE VERSAILLES;48,84729800;2,27359200
202400030300;31;8;2024;15:00;1;75;75113;2;3;1;6;BOULEVARD MASSENA;48,82112100;2,36888100
202400046495;29;10;2024;09:45;1;92;92036;1;1;1;6;RN315 W;48,91987444;2,30667989
202400014767;29;5;2024;10:10;1;75;75102;2;3;2;7;BOULEVARD DE SEBASTOPOL;48,86706400;2,35295600
202400022916;27;6;2024;08:20;1;94;94078;2;9;1;6;Rue Gustave Flaubert;48,74028000;2,46700000
202400003662;21;3;2024;10:35;1;78;78172;2;1;1;6;AMBASSADEUR (RUE DE L');49,00711300;2,11559700
202400035096;15;5;2024;16:40;1;04;04024;1;1;3;6;D900;44,19536700;6,36789700
202400035625;16;5;2024;16:25;1;29;29160;2;1;1;6;rue jean breton;48,50546400; -4,41962000
202400022021;31;7;2024;08:40;1;34;34008;1;1;1;7;Route de Gatinie;43,58115300;3,07360800
202400016471;2;8;2024;13:00;1;71;71118;2;9;1;3;PONT DE PIERRE (RUE DU);46,79247000;4,82858000
202400002966;2;11;2024;20:15;3;14;14227;1;1;1;5;Route de Lisieux;49,27343300; -0,02215500
202400025733;11;1;2024;13:05;1;89;89387;2;3;1;1;BELLOCIER (RUE);48,20150000;3,26930000
202400036867;15;10;2024;17:30;1;75;75108;2;4;1;6;7 Boulevard Malesherbes;48,87088200;2,32288200
202400021750;15;4;2024;14:00;1;971;97101;2;4;1;3;ACHILLE RENE BOISNEUF (RUE);16,27060514; -61,50548011
202400053025;1;1;2024;17:52;3;12;12270;1;1;2;7;ex RN88 Saint Amans de Varès;44,35116600;2,94198600
202400024758;12;6;2024;12:28;1;91;91687;2;2;1;6;GENERAL DE GAULLE (AVENUE DU);48,68153000;2,37884000
202400014528;28;1;2024;10:20;1;10;10387;2;2;1;2;Mail des Charmilles;48,29668000;4,08531000
202400042422;2;11;2024;18:40;5;75;75111;2;1;1;6;RUE JEAN PIERRE TIMBAUD;48,86642400;2,37255400
202400031215;2;3;2024;18:45;2;14;14716;1;1;1;3;Route de l'Aurette;49,20214900; -0,72089500
202400044652;29;10;2024;14:00;1;38;38150;1;6;1;3;D11k;45,21025200;5,83460900
202400012158;20;4;2024;11:30;1;971;97120;1;1;1;6;HANNE (BOULEVARD);16,24067000; -61,53356000
202400041826;17;6;2024;17:00;1;60;60700;2;1;1;4;D1001;49,38837600;2,14437800
202400011355;16;3;2024;01:30;5;75;75116;2;2;1;3;RUE GALILEE;48,86784200;2,29187900
202400033831;23;7;2024;12:05;1;93;93027;1;1;1;4;AUTOROUTE A86;48,92583836;2,39888728
202400046412;25;9;2024;15:30;1;92;92007;2;3;2;3;DE GAULLE (AVENUE CHARLES);48,79770302;2,29686767
202400032958;14;12;2024;14:27;1;25;25462;2;6;2;3;VUILLECIN (RUE DE);46,91790000;6,34363000
202400021172;11;3;2024;16:41;3;2A;2A041;1;1;2;7;T40;41,45443500;9,11092800
202400053192;22;1;2024;07:20;2;28;28085;2;1;1;6;SOURS (RUE DE);48,43967270;1,51150920
202400051767;13;7;2024;05:28;2;62;62845;1;1;1;1;A16;50,63270100;1,66508800
202400003174;8;2;2024;07:55;2;27;27229;2;9;2;6;QUATORZE JUILLET (BOULEVARD);49,01007000;1,16745000
202400000278;19;9;2024;15:15;1;25;25056;2;3;1;4;EDISON RUE THOMAS;47,23185000;5,97057000
202400033180;9;4;2024;09:30;1;75;75104;2;1;1;7;VOIE GEORGES POMPIDOU;48,85112000;2,36112000
202400011533;14;3;2024;18:47;2;88;88160;2;1;1;3;POISSOMPRE (FG DE);48,18160000;6,46890000
202400026314;17;5;2024;08:50;1;47;47084;1;1;1;6;lieu-dit sept homes;44,63355900;0,55987400
202400047520;20;8;2024;18:30;3;971;97115;2;1;1;3;Bréfort;16,26430900; -61,64298400
202400023218;9;3;2024;00:25;3;17;17028;2;1;1;2;Avenue Simone Veil;46,14328000; -1,12350000
202400015651;21;11;2024;11:35;1;27;27279;2;9;4;6;Route de Fourges;49,09661800;1,60977600
202400049932;22;9;2024;04:15;5;59;59462;1;1;1;6;AUTOROUTE A1;50,51848000;3,03747000
202400015158;14;3;2024;11:15;1;92;92002;2;1;1;6;PROVIDENCE (AVENUE DE LA);48,75636644;2,30396605
202400046072;30;10;2024;09:07;1;78;78123;2;1;8;3;EUROPE (RN 190) AVENUE DE L';48,93785000;2,03695000
202400019128;29;6;2024;03:27;5;33;33063;2;9;8;7;;44,82117000; -0,58266000
202400051497;21;4;2024;12:15;1;30;30068;1;6;1;2;Le Pont Troué (Café);44,01957700;4,10219700
202400031485;2;3;2024;02:05;5;94;94068;2;6;2;6;Avenue Foch / Avenue Joffre;48,80238365;2,49192533
202400032784;30;5;2024;15:30;1;974;97405;1;9;3;3;Rue Augustin Mézino; -21,36388600;55,53986900
202400011567;4;7;2024;08:40;1;92;92048;1;1;1;3;N118;48,80093966;2,21554546
202400016197;31;1;2024;08:05;2;77;77335;1;1;1;3;RN3 (ROUTE NATIONALE);48,95821000;2,84223000
202400026782;13;11;2024;09:10;1;63;63113;2;2;1;6;rue des Liondards / av Léon Blum ;45,76666000;3,09597000
202400015538;21;11;2024;08:23;4;29;29232;2;1;3;6;Chemin des Justices;47,99173000; -4,11886000
202400002339;12;8;2024;12:10;1;75;75118;2;7;7;3;PLACE ALBERT KAHN;48,89597000;2,34601800
202400002299;27;2;2024;21:00;5;95;95218;2;1;1;6;ROGER SALENGRO (AVENUE);49,01767600;2,11205300
202400028590;1;10;2024;09:00;1;18;18059;1;1;3;7;;46,64463400;2,27418600
202400017004;14;10;2024;08:00;2;44;44047;1;9;2;3;Route de Saint Etienne de Montluc;47,24251000; -1,67002900
202400047703;25;11;2024;16:20;1;05;05061;2;1;8;2;JEAN JAURES ( AVENUE );44,55118830;6,07017964
202400003520;22;3;2024;00:10;5;92;92036;2;3;1;3;SORTIE A 86;48,93818781;2,30049200
202400048066;11;6;2024;12:28;1;973;97302;2;1;2;6;REPUBLIQUE (BD DE LA);4,93767000; -52,32466000
202400029529;11;4;2024;10:40;1;75;75110;2;7;1;6;PLACE DE STALINGRAD;48,88383500;2,36859100
202400024610;9;10;2024;17:55;1;22;22206;2;3;1;3;Rue Notre-dame;48,54046300; -2,97302500
202400025342;19;12;2024;21:30;5;75;75117;2;2;1;3;RUE DE COURCELLES;48,87926700;2,30306400
202400019648;17;4;2024;08:50;1;92;92064;2;1;7;6;MARECHAL JUIN;48,83800427;2,22152925
202400049793;11;6;2024;10:30;1;93;93007;1;1;1;3;A3;48,93160457;2,48092891
202400041541;26;2;2024;17:45;1;86;86139;1;1;2;5;D150;46,41921400;0,10144900
202400019218;28;6;2024;17:30;1;94;94011;2;1;1;6;Avenue de Paris;48,78070380;2,47521262
202400039276;5;4;2024;15:50;1;93;93064;2;5;1;3;Boulevard Gabriel Péri / Avenue du Général de Gaulle;48,87749607;2,47910857
202400036434;8;11;2024;08:30;1;31;31254;2;1;1;6;D16;43,53069100;1,53532900
202400041086;4;4;2024;12:30;1;75;75117;2;2;8;6;RUE GUY MOQUET;48,89175800;2,32124800
202400009539;5;7;2024;09:40;1;17;17146;1;3;1;2;D238e1;45,90549000; -0,94775900
202400029774;18;5;2024;22:05;5;75;75104;2;2;1;3;BOULEVARD DU PALAIS;48,85604000;2,34641000
202400000594;13;8;2024;18:20;1;82;82033;2;1;1;6;Rue Baptiste Marcet;44,05110000;1,09813000
202400001722;22;3;2024;15:20;1;77;77132;2;1;1;3;AV ROBERT SCHUMAN;48,86883100;2,79251300
202400034687;7;11;2024;17:30;1;973;97302;2;1;1;6;RABAN (ROUTE DE);4,92429000; -52,31242000
202400027343;4;3;2024;16:42;1;68;68066;2;1;8;6;TURCKHEIM (RUE DE);48,07889900;7,34072900
202400018433;8;9;2024;12:30;1;78;78043;1;1;1;2;A13W;48,84169400;2,09472600
202400050105;2;12;2024;18:30;5;51;51230;2;1;2;3;MOTTE (BOULEVARD DE LA);49,04598000;3,95767000
202400045429;14;7;2024;23:42;5;2B;2B033;2;1;1;1;GAUDIN - BLD AUGUSTE;42,69497000;9,44707000
202400002001;30;11;2024;23:44;3;25;25074;1;1;1;3;départementale 41;47,18298200;6,70121000
202400001577;23;3;2024;11:35;1;92;92020;2;2;1;3;TIMBAUD RUE JEAN-PIERRE N° PAIRS;48,80253000;2,28616000
202400024005;14;4;2024;17:30;1;07;07077;1;1;1;1;D224;44,65518255;4,52381935
202400029994;19;1;2024;12:50;1;74;74305;2;2;1;5;VOIRONS (RUE DES);46,20231000;6,25867000
202400022911;15;11;2024;20:52;5;75;75119;2;1;1;3;BD PERIPHERIQUE EXTERIEUR;48,89006900;2,39627400
202400037198;7;4;2024;00:30;5;67;67482;2;1;1;6;FRANÇOIS MITTERRAND (AVENUE);48,58729000;7,69724000
202400038191;20;8;2024;17:40;1;11;11003;1;3;1;6;D626;43,05003900;2,14480200
202400034111;29;8;2024;13:18;1;75;75110;2;1;1;6;RUE LOUIS BLANC;48,88054400;2,36618000
202400049599;16;2;2024;20:00;5;95;95313;2;1;1;3;D67E;49,10533210;2,21747590
202400004087;27;4;2024;18:30;1;81;81060;2;2;1;3;RODEZ  (AVENUE DE);44,05353000;2,15964000
202400045022;8;5;2024;18:30;1;72;72181;1;1;1;5;LIBERTE (AV DE LA);47,96307000;0,22364000
202400016228;26;12;2024;00:15;5;61;61001;2;1;8;6;23 Boulevard de Strasbourg;48,43654300;0,08934900
202400019046;19;11;2024;18:40;3;43;43078;1;1;8;7;Chemin des Estelles;45,01813000;3,90986000
202400025171;15;11;2024;12:30;1;31;31506;2;1;1;6;Avenue de Revel;43,54985800;1,53551600
202400044469;26;9;2024;16:15;1;25;25056;2;1;2;3;GRAY ROUTE DE;47,24812000;5,97888000
202400053594;7;6;2024;16:45;1;13;13208;2;1;1;3;LOUIS REGE (RUE);43,28108903;5,38967081
202400028348;24;7;2024;14:00;1;84;84007;2;9;1;3;MORIERES (Route de );43,95140000;4,82733000
202400030619;22;6;2024;16:20;1;972;97230;2;1;1;3;Route nationale 1;14,73029000; -60,96491600
202400023047;8;3;2024;21:15;3;08;08146;2;2;1;6;2 Rue du Duc d’Orange;49,65820400;4,33563000
202400037625;20;2;2024;11:35;1;59;59350;2;1;1;2;Rue du Faubourg des Postes;50,61500000;3,04840000
202400027926;2;9;2024;09:10;1;51;51454;2;1;1;6;VENISE (RUE);49,24660000;4,03190000
202400029617;21;1;2024;02:05;3;25;25388;2;1;1;6;FOCH (AVENUE DU MARECHAL);47,51571100;6,79554200
202400039438;6;4;2024;14:10;1;09;09239;1;1;1;6;Le Capelier;42,69423300;2,14025300
202400029131;14;12;2024;16:45;1;83;83144;2;4;1;1;PICOT (CHEMIN DU COLONEL);43,14273000;6,00775000
202400030766;22;6;2024;05:30;2;13;13203;2;3;1;1;GÉNÉRAL LECLERC (RUE);43,30435000;5,37598000
202400005027;19;7;2024;13:14;1;63;63113;2;1;1;2;viaduc Saint-Jacques;45,76680000;3,08930000
202400026420;26;7;2024;19:50;5;973;97302;2;1;3;3;MADELEINE (ROUTE DE LA);4,92363528; -52,32401991
202400002102;16;9;2024;23:40;5;95;95280;2;1;1;5;D47;49,01647898;2,46902793
202400006794;9;8;2024;16:30;1;09;09146;1;1;1;1;D14;43,20780300;1,49787400
202400008566;8;8;2024;06:20;2;42;42323;2;8;1;6;Avenue Henri Planchet;45,56597900;4,29299400
202400012427;5;8;2024;04:30;5;13;13215;2;6;1;3;BOURRELY (CHEMIN DES);43,38065000;5,36263000
202400026825;26;6;2024;13:59;1;60;60308;1;1;1;1;D1017;49,48546800;2,66914100
202400039683;28;2;2024;12:10;1;67;67434;2;4;1;1;4 Rue Vincent d'Indy;48,93593400;7,08863900
202400006426;26;4;2024;15:39;1;63;63236;1;1;2;7;D130;45,58777867;2,77499324
202400039989;25;8;2024;23:20;3;86;86068;1;1;1;6;La Brousse Bazin;46,21819000;0,19637400
202400046200;25;9;2024;16:50;1;54;54547;2;6;1;3;Rue de Malines;48,66307600;6,17244300
202400024914;14;11;2024;08:40;1;95;95306;2;1;8;6;VAL (RUE DU);48,98972000;2,16375000
202400021177;29;6;2024;09:25;1;51;51002;2;1;1;6;110 Rue Julien Ducos;49,01091500;3,86625400
202400032412;4;10;2024;07:52;1;06;06083;2;2;1;3;21 Avenue Florette;43,76713300;7,48570500
202400005370;19;10;2024;18:10;2;95;95277;2;1;2;1;GONESSE A VILLEPINTE (CHEMIN DE);48,98102910;2,48035848
202400029214;1;3;2024;05:30;2;69;69387;2;2;1;3;Rue Chevreul;45,74918000;4,83842000
202400005762;7;7;2024;02:50;3;91;91347;1;1;1;3;RN 104;48,62216000;2,28501000
202400033674;1;3;2024;12:45;1;40;40097;1;1;1;7;2090 Route de Geaune;43,68017089; -0,37676656
202400023414;7;3;2024;12:50;1;91;91027;2;1;1;1;AV DE MORANGIS;48,70588000;2,36876000
202400028159;3;9;2024;19:10;1;63;63455;2;4;2;1;grande rue;45,66678700;3,18143500
202400046086;15;8;2024;15:25;1;29;29103;2;6;2;7;Pont de l'Europe;48,44702425; -4,26270541
202400017484;29;6;2024;14:50;1;24;24356;1;1;1;1;D32;45,02505712;0,97968138
202400005397;21;10;2024;02:10;3;35;35238;2;1;2;6;HOUX (DU);48,13259000; -1,66739000
202400041415;18;7;2024;19:02;1;61;61040;1;3;1;3;RD118;48,70358600; -0,46168800
202400020716;8;10;2024;16:30;1;42;42044;1;1;1;7;Rue James Jackson;45,39889000;4,34119000
202400036312;26;9;2024;13:50;1;08;08170;1;2;2;3;D6;49,79110000;4,96094900
202400003096;9;2;2024;19:30;5;54;54395;2;1;2;6;Rue de Badonviller;48,68997000;6,14331000
202400015256;30;6;2024;12:15;1;44;44154;2;1;1;3;75 Avenue du 11 Novembre 1918;47,22395500; -2,15711300
202400050691;15;2;2024;15:45;1;64;64445;2;1;1;3;LOUIS SALLENAVE;43,31730000; -0,36032000
202400044039;25;9;2024;19:30;2;63;63170;1;1;1;6;Ballot;45,84300523;2,71127472
202400045808;22;8;2024;00:30;3;988;98810;1;1;1;6;Lieu-dit Troulala; -20,64774400;164,36012500
202400004789;10;8;2024;21:40;5;33;33300;1;2;1;5;;45,24871400; -1,00279500
202400051109;29;8;2024;15:20;1;38;38421;2;1;1;2;Avenue de la commune de Paris;45,18182000;5,76815000
202400039371;12;5;2024;20:15;1;69;69266;2;1;1;6;Route de Genas;45,75494940;4,87692964
202400010222;10;4;2024;17:50;1;78;78545;1;1;1;6;CD 7;48,81476000;2,07838000
202400043332;9;5;2024;18:00;1;29;29232;2;1;1;6;Rue du Tregor;47,98069000; -4,10600400
202400022705;11;10;2024;15:53;1;46;46237;1;1;1;1;Route de Puy Blanc;44,63214600;1,93255300
202400004884;8;2;2024;06:20;5;69;69266;2;2;1;2;Rue Antoine Bernoux;45,77106000;4,88756000
202400019569;17;4;2024;09:10;1;49;49267;1;1;1;2;A87N;47,47561000; -0,50384000
202400025312;12;12;2024;21:39;5;14;14118;2;1;1;6;69 VAUGUEUX ;49,18629000; -0,36015000
202400048803;4;5;2024;19:20;1;92;92036;1;1;1;2;A86;48,93368348;2,27544143
202400047216;6;1;2024;07:50;2;08;08105;2;9;1;6;30 Rue de Flandre;49,77446000;4,71717000
202400022611;24;5;2024;12:40;1;94;94017;2;1;1;6;Rue du Marché;48,81184000;2,50942000
202400020358;31;7;2024;16:20;1;974;97420;1;1;1;2;Route Nationale 2; -20,90115400;55,59082000
202400047458;16;2;2024;21:30;3;13;13085;1;1;1;5;A50-Sens Toulon vers Aubagne;43,24813000;5,59618000
202400014596;26;12;2024;23:12;3;974;97411;1;9;1;7;MONTAGNE (ROUTE DE LA); -20,88585000;55,43899000
202400033588;7;4;2024;11:00;1;77;77447;2;9;1;7;C.D 50;48,53834000;2,54829000
202400010543;6;8;2024;11:50;1;94;94076;2;1;1;3;117 Boulevard Maxime Gorki;48,79220300;2,36959000
202400029079;5;3;2024;18:50;3;80;80361;1;1;1;7;D29;49,92661000;1,79450500
202400042370;8;12;2024;04:20;5;69;69266;2;6;3;3;Allée du Frère Benoit;45,78705000;4,88640000
202400039991;18;7;2024;15:00;1;06;06030;2;3;1;3;6 Avenue de Lyon;43,56498200;7,01924000
202400006979;4;6;2024;12:35;1;76;76540;2;2;1;3;Rue Alsace Lorraine;49,43850000;1,09997000
202400037226;14;5;2024;17:50;1;93;93073;2;2;2;3;Avenue Henri Barbusse / Rue Ronsard;48,96007000;2,57154000
202400048734;3;5;2024;20:40;3;06;06152;1;1;1;6;5157 Route du Parc;43,60948200;7,05224600
202400038832;1;11;2024;08:55;1;49;49099;1;1;5;1;RD 157;46,98538000; -0,85591000
202400000007;24;3;2024;02:45;5;13;13201;2;1;1;3;HUILES (PLACE AUX);43,29253000;5,37197000
202400010425;3;2;2024;16:45;1;973;97302;2;1;1;7;MONTABO (ROUTE DE) 1;4,94213000; -52,30459000
202400025435;16;12;2024;19:55;5;80;80253;2;1;8;7;7 Route Nationale - Hameau de Haute Visée;50,18126100;2,33252400
202400036084;20;7;2024;19:45;1;13;13102;2;6;1;1;8 MAI 1945 (AV DU );43,41820000;5,22897000
202400041515;19;7;2024;07:00;1;23;23013;1;1;1;6;2 Rue du Moulin Pointu;46,02446400;2,50310500
202400006073;28;4;2024;08:20;1;59;59044;1;1;6;6;50 Rue de Lille;50,60931700;3,23286100
202400040262;16;6;2024;00:25;5;75;75117;2;1;1;2;BD PERIPHERIQUE INTERIEUR;48,89556200;2,30769100
202400003299;6;6;2024;19:20;1;94;94078;2;3;1;2;Avenue de Choisy / Rue Madeleine;48,74836001;2,43544956
202400044732;10;1;2024;01:30;3;22;22187;2;1;1;6;SURCOUF (RUE);48,53817000; -2,72283000
202400022039;30;7;2024;21:45;5;38;38269;1;3;1;1;Chemin de Pré Neuf;44,93312600;5,78588000
202400028787;12;11;2024;09:40;1;93;93005;2;1;2;4;JEAN MONET (CARREFOUR);48,95410393;2,50937412
202400010601;4;2;2024;18:30;3;72;72161;1;4;1;1;Intersection D304 et D64 Bis C;47,74004500;0,57180400
202400049657;12;6;2024;17:20;1;52;52353;1;1;1;7;D1;48,00850100;5,33107300
202400007651;5;7;2024;20:30;1;93;93048;1;1;1;2;A86;48,86636948;2,48142569
202400037022;23;2;2024;13:10;1;69;69389;2;2;1;3;9 Rue Marietton;45,77505000;4,80719000
202400028178;20;5;2024;17:10;1;35;35238;2;1;1;6;PORTE DE LORIENT;48,11283497; -1,71879441
202400027689;10;8;2024;13:30;1;44;44109;2;1;1;7;Place de la Duchesse Anne;47,21673514; -1,54709702
202400000940;7;2;2024;15:12;1;87;87085;2;1;5;7;FITZ JAMES (RUE);45,83245000;1,25923000
202400036950;10;12;2024;16:30;2;64;64445;2;1;1;2;GENERAL LECLERC DU;43,30457635; -0,34264013
202400049852;16;2;2024;18:50;3;30;30088;1;1;1;5;RD 999;43,85993700;4,13049500
202400008179;24;4;2024;09:30;1;93;93078;2;6;1;2;Avenue Georges Clémenceau / Boulevard Robert Ballanger;48,96205588;2,55487919
202400009695;23;4;2024;16:18;1;93;93029;2;2;1;3;Rue Sadi Carnot / Rue Anatole France;48,92346400;2,44578500
202400032713;20;6;2024;13:10;1;94;94052;2;1;1;3;Avenue Kléber;48,83302900;2,49402000
202400016312;2;8;2024;12:20;1;69;69199;1;1;1;3;Boulevard Périphérique Laurent Bonnevay;45,71559000;4,84368000
202400009315;18;3;2024;10:30;1;69;69388;2;3;8;3;Route de Vienne;45,73615317;4,85302167
202400024976;10;11;2024;16:45;1;49;49099;2;3;8;6;COUBERTIN (BOULEVARD PIERRE DE);47,04802000; -0,87460000
202400031493;11;4;2024;11:57;1;74;74010;2;1;1;6;Route d'albertville;45,88343100;6,14203300
202400038536;23;9;2024;13:53;1;29;29068;1;1;3;6;Route de Saint Thegonnec;48,52056300; -3,99878700
202400032303;5;10;2024;19:45;2;85;85016;2;3;1;3;RD50;46,68125800; -1,61800500
202400021661;16;4;2024;09:36;1;33;33039;1;1;1;2;;44,79632000; -0,53862000
202400042573;25;11;2024;04:30;5;07;07010;2;6;1;3;Allée de Beauregard;45,25187700;4,66166600
202400028570;6;10;2024;20:55;5;82;82142;2;3;1;3;53 Rue Bernard Peyrille;43,81529100;1,31370600
202400048789;5;1;2024;22:50;5;75;75111;2;1;1;6;BOULEVARD RICHARD LENOIR;48,85450400;2,37004000
202400014020;29;12;2024;00:30;3;80;80341;1;1;1;7;D141;49,91309100;2,10291600
202400040395;17;6;2024;11:10;1;24;24523;1;2;1;3;Route de la Gardonnette;44,81119965;0,32439172
202400035277;16;1;2024;14:30;1;33;33249;1;1;2;6;;44,88493100; -0,51103500
202400050830;26;10;2024;11:04;1;11;11262;2;6;3;6;;43,18040700;3,01417800
202400000737;29;4;2024;18:20;1;50;50129;2;3;1;3;MOULIN (RUE JEAN);49,63413000; -1,59571000
202400024423;22;5;2024;14:47;1;69;69271;2;1;1;2;Route de Lyon;45,73870000;4,96473000
202400025751;24;1;2024;07:35;2;76;76351;2;2;1;3;IRENE JOLIOT CURIE (RUE);49,51267000;0,10416000
202400025566;29;5;2024;22:23;3;91;91103;1;1;2;7;RN 104;48,62417000;2,29925000
202400047945;5;12;2024;07:20;2;11;11203;1;1;1;2;D6113 PK 18+000;43,20568400;2,79118200
202400013063;17;10;2024;12:50;1;87;87037;1;1;2;6;lartimache;45,65268100;0,82917800
202400043610;14;6;2024;15:05;1;93;93007;1;1;1;4;A1;48,94674096;2,44241883