Num_Acc;jour;mois;an;hrmn;lum;dep;com;agg;int;atm;col;adr;lat;long
202400002779;11;8;2024;06:20;3;987;98729;1;1;1;1;Haapiti; -17,52765400; -149,90564700
202400006050;26;11;2024;07:50;2;63;63103;1;3;1;3;RD 227/ rue de la Croix de fer;45,90915000;3,08503000
202400014803;29;5;2024;14:10;1;38;38422;1;1;1;3;Route de Chamrousse;45,15415500;5,87994900
202400040682;9;12;2024;17:45;5;93;93050;2;1;2;6;LEON BLUM (AVENUE);48,86751000;2,53297000
202400008669;6;2;2024;15:30;1;40;40044;1;1;1;1;d817;43,55411600; -1,30346800
202400008172;6;8;2024;13:10;1;973;97302;2;1;1;7;TIGRE (ROUTE DU);4,91757089; -52,31306791
202400050742;28;3;2024;12:45;1;93;93007;2;2;1;3;Avenue Marcel Alizard / Avenue Georges Guynemer;48,94545000;2,44566000
202400021868;27;1;2024;18:55;3;29;29202;1;1;5;7;D785;48,43262607; -3,88595488
202400012914;29;5;2024;16:49;1;13;13007;1;1;1;3;Route de la Sainte Baume;43,34293900;5,65661800
202400053233;1;5;2024;17:55;1;80;80021;2;1;1;6;RENE GOBLET (PLACE);49,89141000;2,30222000
202400016511;1;8;2024;12:00;1;35;35238;2;6;1;3;BIGNON (DU);48,09707000; -1,62981000
202400020090;16;4;2024;04:10;5;94;94076;2;2;2;7;Avenue de Stalingrad / Boulevard Maxime Gorki;48,78607000;2,36686000
202400003542;21;3;2024;14:00;1;42;42234;1;3;1;3;Route de Fontanès;45,52781700;4,38410300
202400006708;9;8;2024;17:00;1;14;14740;1;1;1;7;Route de Saint Jean;49,00684100;0,43300500
202400013421;3;7;2024;08:55;1;13;13212;2;1;1;4;A507 sens Marseille - Aubagne;43,29737000;5,42476000
202400006341;8;8;2024;19:30;3;972;97213;1;1;1;5;AUTOROUTE A1;14,61781100; -61,01873100
202400048458;28;10;2024;12:40;1;79;79191;2;3;1;3;;46,33003000; -0,44182000
202400013696;21;4;2024;19:50;1;92;92051;2;1;1;3;GENERAL KOENIG (BOULEVARD DU);48,88005000;2,25084000
202400013031;16;10;2024;16:30;1;94;94017;2;2;1;1;Avenue Marx Dormoy;48,80630607;2,53005803
202400041189;11;5;2024;05:10;5;25;25056;2;3;1;3;KENNEDY  BOULEVARD J.F.;47,23446900;5,98431900
202400051350;11;6;2024;08:20;1;03;03311;1;1;3;7;Chemin des Carriaux;46,13020800;3,09616900
202400026177;4;9;2024;18:55;2;58;58247;1;9;1;5;Cougny;47,00330500;3,35415100
202400044197;2;11;2024;15:25;1;17;17116;1;1;1;3;A10;45,41785300; -0,60301400
202400020913;28;6;2024;01:00;5;78;78172;1;3;1;3;RN 184;49,00221500;2,08150000
202400053547;23;10;2024;17:49;1;87;87085;2;2;1;3;SABLARD (AVENUE DE);45,82842000;1,28287000
202400017164;12;3;2024;05:50;5;83;83118;2;1;1;1;AVENUE THEODORE  RIVIERE;43,44008626;6,77568251
202400050237;17;8;2024;20:50;5;75;75116;2;1;2;3;ALLEE DE LA REINE MARGUERITE;48,85431065;2,24203992
202400050807;4;1;2024;09:40;1;95;95018;1;1;1;2;A15;48,95621389;2,27718895
202400035022;1;3;2024;17:30;1;33;33248;1;1;2;4;;45,09136600; -0,79828900
202400027601;23;1;2024;18:35;3;95;95487;1;1;1;6;D301;49,14855336;2,24857092
202400049933;11;2;2024;15:45;1;34;34017;1;3;1;7;D161e3;43,47685600;3,45665900
202400035883;26;8;2024;18:00;1;64;64122;2;1;1;7;CASCAIS (BD DE);43,47669000; -1,54935000
202400021236;28;2;2024;14:23;1;987;98735;2;1;1;6;REMPARTS (RUE BLOC STATION TOTAL PAPEAVA; -17,53310000; -149,56754000
202400001564;23;3;2024;12:45;1;93;93071;2;1;1;6;Boulevard Stalingrad;48,93374800;2,52809500
202400053164;11;7;2024;08:20;1;82;82117;1;1;1;6;Le Bois de Celle;44,33607800;0,96549900
202400020368;27;5;2024;13:50;1;94;94073;1;1;1;4;A86;48,76210053;2,38167667
202400048719;29;3;2024;11:00;1;69;69382;2;1;1;6;4 Place des Jacobins;45,76026000;4,83334000
202400012831;31;5;2024;11:05;1;13;13207;2;2;1;3;CÉSAR ALEMAN (RUE);43,29024000;5,35749000
202400018082;30;1;2024;20:15;3;66;66227;1;1;1;1;D39;42,63709881;2,91524738
202400022775;9;10;2024;22:40;5;95;95277;2;1;3;6;D84;48,98472039;2,46298441
202400034400;4;10;2024;15:15;1;13;13027;1;1;1;3;Chemin du Grand Quartier;43,89387200;4,84324300
202400014544;1;2;2024;08:05;1;75;75113;2;1;2;2;PORTE D IVRY;48,81999200;2,37413900
202400003646;21;3;2024;23:30;5;95;95219;2;3;1;2;MARECHAL FOCH (RUE DU);48,99257571;2,26060599
202400031271;9;4;2024;22:00;3;44;44184;1;1;1;2;Route du Point du Jour;47,29281000; -2,27142000
202400046037;6;12;2024;09:45;1;10;10357;2;1;1;6;GENERAL DE GAULLE (RUE DU);48,29762000;4,13228000
202400010241;7;8;2024;17:19;1;26;26191;1;4;1;2;Route de Dieulefit;44,54771100;4,82124400
202400003223;5;6;2024;12:15;1;23;23096;2;3;1;6;PASTEUR (AVENUE);46,17096200;1,87783400
202400014738;30;5;2024;08:00;1;17;17306;2;1;1;3;FRONT DE MER (PROMENADE DE);45,62394000; -1,02680000
202400039355;6;4;2024;09:30;1;59;59015;2;1;1;6;Arleux;50,26884600;3,12331400
202400051622;27;3;2024;13:50;1;64;64445;2;1;1;2;CAMI SALIE DU;43,33243000; -0,36677000
202400007933;15;9;2024;04:00;5;09;09141;2;1;1;7;Route de Luchon;42,93653800;0,96350300
202400040488;3;11;2024;04:05;5;75;75108;2;2;1;3;PONT ALEXANDRE III;48,86457200;2,31365400
202400048656;31;3;2024;12:55;1;34;34039;1;6;1;2;D613;43,44899300;3,64535800
202400011210;7;10;2024;20:50;5;44;44162;2;1;1;7;155 Boulevard Salvador Allende;47,21998346; -1,62557686
202400047277;6;5;2024;16:45;1;95;95280;2;1;1;2;GARE (AVENUE DE LA);49,02316000;2,46535000
202400030877;17;12;2024;10:40;1;83;83137;1;1;1;5;A50 TUNNEL TUBE SUD;43,12721801;5,92314623
202400052940;24;10;2024;17:45;1;76;76188;2;9;1;7;Route de la Sabliere;49,63293400;1,22258800
202400025117;13;11;2024;17:45;2;92;92004;2;1;1;6;VOLTAIRE ( BD );48,91649000;2,28934000
202400010563;6;8;2024;17:15;1;93;93027;2;1;1;3;Boulevard Pasteur;48,92230000;2,38355000
202400013525;2;7;2024;13:10;1;34;34301;2;9;1;3;FOOTBALL (RUE DU);43,41379000;3,67198000
202400024357;23;5;2024;16:50;2;974;97411;2;1;1;2;LANCASTEL (BOULEVARD); -20,87946000;55,45945000
202400003639;21;3;2024;09:15;1;69;69387;2;3;1;2;Avenue Debourg;45,73150189;4,82988314
202400006527;9;8;2024;21:50;5;13;13204;2;1;1;1;ALEX. FLEMING (BOULEVARD);43,31577000;5,40109000
202400032525;22;6;2024;02:30;3;2B;2B148;1;1;1;2;T11;42,52852700;9,45501200
202400045835;15;7;2024;00:01;5;93;93059;2;2;1;3;Boulevard Jean Mermoz / Rue Guéroux;48,96380000;2,36070000
202400050847;12;8;2024;21:50;3;42;42225;1;1;1;3;A47;45,51871000;4,59117000
202400022477;25;5;2024;19:10;1;67;67303;1;1;7;7;RD 250;48,90959000;7,74109700
202400024448;27;7;2024;05:15;5;69;69388;2;1;1;6;Boulevard des Etats-Unis;45,73363103;4,86412435
202400052380;20;9;2024;17:45;1;93;93027;1;1;1;4;AUTOROUTE A1;48,93830015;2,41440499
202400031199;2;3;2024;23:45;5;93;93008;2;5;2;3;Avenue Paul Vaillant - Couturier / Rue Honore d'Estienne d'Orves;48,90720000;2,45679000
202400049315;23;9;2024;14:25;1;92;92035;2;1;2;3;République ( boulevard de la );48,90601112;2,25125849
202400003004;9;2;2024;12:40;1;973;97302;2;1;1;3;BADUEL (ROUTE DE);4,92828491; -52,29318649
202400048141;19;9;2024;14:45;1;65;65226;1;1;1;2;a64;43,22151800; -0,00326200
202400010500;4;2;2024;11:00;1;13;13005;2;1;1;3;NATIONALE 8;43,28570000;5,55480000
202400017287;12;3;2024;11:55;1;92;92040;2;2;2;1;PAUL-VAILLANT COUTURIER (PLACE);48,82693461;2,27925682
202400034644;20;6;2024;18:30;1;92;92002;2;1;1;6;LAVOISIER (AVENUE);48,74863538;2,31272525
202400027823;21;5;2024;20:05;1;75;75109;2;2;1;6;RUE LAFFITTE;48,87153800;2,33718600
202400032595;21;6;2024;23:00;5;71;71270;2;3;1;1;BIGONNET (RUE);46,30044195;4,82429489
202400053198;1;5;2024;21:25;3;89;89387;2;1;3;7;GENERAL DE GAULLE (RUE DU);48,19436000;3,28353000
202400048578;7;1;2024;15:00;1;32;32410;2;1;8;7;26 Rue de la République;43,49235100;0,93061900
202400047561;21;8;2024;09:25;1;38;38349;2;2;2;3;Rue de la Planche;45,30793000;4,80168000
202400017778;9;9;2024;10:45;1;94;94034;1;1;2;5;A86;48,76061147;2,31935953
202400047913;24;9;2024;18:50;1;92;92064;2;1;2;3;DAILLY;48,84429000;2,22041000
202400050632;3;5;2024;14:10;1;13;13208;2;1;1;4;MENDES FRANCE (AVENUE);43,25529491;5,37632206
202400052936;13;2;2024;21:20;5;83;83137;2;1;1;6;RAYNOUARD (BD);43,12499000;5,94116000
202400006949;4;6;2024;06:45;1;95;95427;2;3;1;3;POIRIERS (RUE DES);48,96741616;2,33885050
202400019275;20;11;2024;14:15;1;60;60079;1;3;1;3;D922;49,14767100;2,87183000
202400013650;21;4;2024;19:15;1;13;13117;2;3;1;1;MARSEILLE ( AVENUE DE );43,45026000;5,25257000
202400039584;26;8;2024;10:00;1;29;29145;1;1;1;3;D7;48,08128186; -4,42776130
202400012359;4;2;2024;00:50;4;85;85302;1;1;1;7;D6;46,95034500; -1,00251000
202400046269;30;10;2024;10:38;1;75;75111;2;3;1;3;BOULEVARD VOLTAIRE;48,85536800;2,38433800
202400044801;8;1;2024;23:45;5;93;93046;2;2;4;3;Avenue Charles de Gaulle / Avenue du President John Fitzgerald Kennedy ;48,91651489;2,53155068
202400000005;25;3;2024;19:35;5;13;13106;1;3;2;5;BEDOULE (CHEMIN DE LA);43,39000000;5,35000000
202400042603;9;12;2024;19:50;3;988;98817;1;3;1;7;RPS1/Rue de La Thi; -22,23034700;166,55025600
202400035654;8;4;2024;05:10;3;26;26247;1;1;1;1;route nationale 7;45,16209009;4,82899867
202400042371;27;9;2024;16:50;1;59;59256;2;1;2;6;Rue Calmette Guerin;50,55814700;3,13635000
202400047044;13;7;2024;11:00;1;48;48166;1;1;1;6;D983;44,26053800;3,62214100
202400000928;10;7;2024;20:10;1;92;92012;2;1;1;3;JEAN JAURES (BOULEVARD) 217/FIN - 210/FI;48,82981565;2,24567413
202400008649;20;7;2024;10:05;1;73;73008;2;6;1;3;D1201 Bd Jean Charcot;45,69429265;5,89993894
202400015748;19;4;2024;21:15;5;69;69034;2;1;1;3;23 Montée des Forts;45,79432000;4,83166000
202400018578;1;8;2024;14:43;1;44;44020;2;6;1;3;Rue de la Croix Jeannette;47,17268968; -1,62177551
202400013338;14;3;2024;09:00;1;33;33550;1;1;1;2;;44,78490000; -0,54212000
202400040983;12;1;2024;16:25;1;35;35066;1;1;8;1;Route départementale 44;48,04816500; -1,71233800
202400031110;5;3;2024;01:20;3;976;97608;2;1;1;7;Route de Moya; -12,78332300;45,28091300
202400001600;24;3;2024;15:15;1;974;97414;2;1;1;6;55 Rue Pente des Vacoas; -21,26682100;55,43893900
202400016032;27;12;2024;16:10;1;90;90053;2;1;1;6;32 Rue General Leclerc;47,53853900;6,97171600
202400004504;27;4;2024;11:40;1;33;33119;2;1;1;2;;44,85522864; -0,53160042
202400019367;30;6;2024;14:15;1;04;04135;1;1;1;6;D952;43,84611900;6,20322000
202400033904;21;7;2024;20:30;1;78;78172;2;9;1;1;AMBASSADEUR (RUE DE L');49,00814000;2,11463000
202400022304;5;9;2024;11:15;1;18;18033;2;2;1;1;47 Rue des Fonds Gaidons;47,07964000;2,42430000
202400043474;16;7;2024;16:40;1;972;97213;1;1;1;2;AUTOROUTE A1;14,61764000; -61,02512000
202400043475;9;5;2024;18:30;1;51;51287;2;1;1;2;Route de Fismes;49,08539100;3,94184400
202400050408;22;9;2024;10:43;1;92;92035;2;1;2;7;Général Leclerc ( avenue du );48,91295000;2,25127000
202400044497;7;12;2024;01:00;5;77;77372;1;1;2;6;A104;48,87691897;2,66878603
202400029439;11;4;2024;13:45;1;51;51454;2;1;1;7;HALBWACHS (RUE MAURICE);49,26915000;4,00161000
202400032570;21;6;2024;10:00;1;80;80021;2;1;1;3;Rue Jean Moulin;49,88180000;2,27887000
202400023921;13;4;2024;18:00;1;26;26146;1;3;1;3;D541;44,42261900;4,87748400
202400044525;6;12;2024;08:50;1;971;97113;2;1;1;6;RN4-ROND POINT SAINT FELIX;16,21334000; -61,42787000
202400048529;28;10;2024;21:45;5;13;13056;2;3;1;3;TURCAN FRANCIS;43,41219000;5,04691000
202400047921;12;6;2024;17:58;1;35;35360;1;1;1;3;les chauffetieres;48,14043200; -1,20720900
202400001499;23;10;2024;17:50;1;92;92002;2;1;1;1;ALPES (SQUARE DES);48,73742418;2,28749325
202400025543;18;12;2024;14:45;1;13;13213;1;1;1;3;A507 sens Marseille - Aubagne;43,32996000;5,40682000
202400017524;21;11;2024;16:45;1;84;84078;1;1;2;2;A7;44,24920300;4,71016300
202400027407;22;1;2024;07:30;5;57;57672;2;1;3;6;GUISE (AVENUE DE) - IMPAIR;49,36593000;6,16677000
202400028588;6;10;2024;23:58;5;06;06079;1;1;1;1;Boulevard du Bon Puits;43,52198900;6,93589400
202400034874;6;11;2024;07:15;2;93;93008;2;9;1;5;STALINGRAD (RUE DE) A10;48,91606523;2,42442097
202400035674;7;4;2024;18:29;1;56;56227;1;3;1;3;Rue François Orain;48,01949500; -2,47243500
202400004574;5;8;2024;21:05;1;37;37261;2;1;1;7;BREL (RUE JACQUES);47,43346000;0,69906000
202400041328;11;5;2024;19:56;1;93;93066;2;2;1;2;Avenue de Stalingrad / Avenue Roger Sémat;48,94433400;2,35710500
202400034292;13;9;2024;02:15;5;15;15014;2;1;1;6;4 bis Avenue de la République;44,92792800;2,44183900
202400013858;11;9;2024;15:55;1;39;39014;1;4;2;5;;47,13859200;5,50895700
202400007617;19;3;2024;16:45;1;80;80215;2;1;7;1;Devant le 2 route d'Abbeville;50,14078800;2,00184000
202400001508;23;10;2024;19:15;3;68;68315;1;1;1;1;Route de Raedersheim;47,88267200;7,25678100
202400032011;31;8;2024;21:45;3;69;69091;1;1;1;4;Autoroute 47 ;45,58706865;4,75638419
202400035318;16;1;2024;14:50;1;69;69383;2;3;1;1;Cours Gambetta;45,75540132;4,84280399
202400040905;13;1;2024;08:25;2;86;86165;2;1;8;1;Route de Lussac;46,41762300;0,84621400
202400010200;7;8;2024;12:45;1;65;65235;1;1;1;6;N21;43,19853740;0,00659079
202400040557;3;11;2024;13:40;1;18;18046;1;1;1;7;;46,76805000;2,32540000
202400017354;30;6;2024;11:45;1;92;92012;2;2;1;3;BELLEVUE (RUE DE) 1/71BIS - 2/72;48,84052343;2,23022801
202400044009;28;9;2024;18:48;1;76;76624;2;1;1;7;2 Rue des Sorbiers;49,87426900;1,21045800
202400031387;10;4;2024;09:20;1;75;75119;2;1;1;6;RUE DE BELLEVILLE;48,87587200;2,40166400
202400018518;2;8;2024;16:00;1;87;87203;1;1;1;4;Autoroute A20 PK205+780;45,66727177;1,38725905
202400012253;1;2;2024;08:45;1;61;61066;1;1;5;6;N12 PK 37+740;48,51065500;0,40550700
202400036032;20;7;2024;19:25;1;84;84087;1;6;1;3;ALLEMAGNE (RUE D');44,11871000;4,83747000
202400031688;19;1;2024;20:10;5;29;29232;2;1;1;7;Rue de la Tour d'Auvergne;47,99258000; -4,08938000
202400015552;21;11;2024;11:30;1;75;75116;2;2;4;6;BOULEVARD EXELMANS;48,84086700;2,26529700
202400039467;20;2;2024;13:40;1;13;13005;2;9;1;2;CAMP DE SARLIER ROUTE DE GEMENOS;43,29826000;5,59787000
202400004266;16;9;2024;20:00;2;29;29241;1;1;1;1;Lieu Dit Kervatal;47,98397600; -3,80205800
202400043147;8;1;2024;21:50;3;78;78158;1;1;4;2;A13;48,84106300;2,10689600
202400045957;22;8;2024;07:20;1;10;10371;1;1;1;1;D72;48,16530700;3,97243400
202400036823;12;12;2024;18:00;5;59;59039;1;1;1;1;Route du Cateau;50,16440000;3,27945800
202400052898;9;6;2024;18:11;1;95;95488;1;1;1;2;A15;49,01046130;2,15450385
202400014077;9;9;2024;09:30;1;72;72181;2;1;1;6;MAILLETS (RUE DES) IMP 37 A 159;48,01549000;0,21298000
202400030440;5;10;2024;13:00;1;63;63113;2;3;1;4;COTE BLATIN (BD);45,76817000;3,08863000
202400049598;13;7;2024;10:00;1;75;75109;2;2;8;6;RUE AUBER;48,87175500;2,33056100
202400041534;24;8;2024;02:10;3;63;63300;1;1;1;6;RD 2009;45,91786000;3,13507000
202400006435;27;4;2024;15:20;1;14;14174;1;1;2;1;Route de la Roche Baligot;48,86945100; -0,58967100
202400016769;27;5;2024;11:25;1;987;98735;1;9;1;3;CHESSE ( RUE); -17,53360000; -149,55881000
202400022591;24;5;2024;10:15;1;75;75119;2;1;1;7;PLACE DE LA BATAILLE DE STALINGRAD;48,88321300;2,36924200
202400048042;21;9;2024;16:20;1;25;25036;2;1;1;1;Rue du Halage;47,19835200;5,96004000
202400028599;6;10;2024;22:20;3;37;37167;1;1;2;6;Route Départementale 68;47,57037510;0,57119161
202400035579;6;4;2024;08:58;1;92;92073;2;2;1;3;SELLIER (BOULEVARD HENRI);48,86720453;2,22141802
202400045790;12;6;2024;22:20;5;93;93005;2;2;2;3;Rue de Sevran / Rue Jules Princet;48,94025100;2,50219700
202400016697;29;5;2024;09:05;1;92;92020;2;1;2;3;EXUPERY AVENUE SAINT;48,80843174;2,29834253
202400026049;25;1;2024;20:30;5;30;30212;2;1;1;7;D6101;43,94035900;4,57371400
202400050262;17;8;2024;17:25;1;75;75110;2;3;3;3;RUE LA FAYETTE;48,87795000;2,35158400
202400040605;27;9;2024;12:15;1;51;51454;2;1;1;7;VAL DE VESLE (BOULEVARD);49,23007000;4,06046000
202400013271;15;3;2024;17:00;1;31;31502;1;1;1;1;D5;43,19475800;0,73005400
202400031243;3;3;2024;19:05;4;64;64430;2;1;2;3;816 Avenue Adrien Planté;43,48120600; -0,75110600
202400029854;19;1;2024;18:25;2;34;34057;2;3;1;3;Avenue Marcel Dassault;43,62443800;3,91538900
202400044071;6;12;2024;21:20;5;72;72181;2;1;1;1;PASTEUR (RUE);48,00109000;0,19126000
202400023789;26;1;2024;15:45;1;13;13211;2;1;1;2;A50-Sens Marseille vers Aubagne;43,28694543;5,43567763
202400008518;8;8;2024;18:10;1;85;85223;1;1;1;5;RD 948;46,58001000; -1,10940000
202400044125;23;8;2024;11:05;1;36;36088;2;2;1;3;Rue des Alouettes;46,94455100;1,98419400
202400011994;15;11;2024;01:10;3;08;08255;2;1;1;6;;49,61678600;5,22716400
202400037898;25;8;2024;14:25;1;38;38562;1;3;1;3;N85;45,07672400;5,76626100
202400045589;20;2;2024;19:00;5;92;92064;2;1;1;2;MARCEL DASSAULT;48,85682111;2,22335529
202400005115;5;6;2024;13:20;1;36;36044;2;2;1;5;Avenue Charles de Gaulle 1890-1970;46,80808000;1,69205000
202400004880;28;11;2024;21:49;3;91;91174;1;1;1;6;RN 104;48,62410000;2,46890000
202400006690;29;10;2024;18:00;5;73;73228;1;3;1;7;D7 / Route de lelia;45,53408051;5,89322448
202400040686;9;12;2024;17:30;5;93;93064;2;1;2;6;QUATRIEME ZOUAVES (RUE DU);48,87273279;2,47742738
202400002899;10;2;2024;20:20;5;92;92012;2;1;2;3;GEORGES GORSE (QUAI);48,82488913;2,23508584
202400038121;25;8;2024;21:42;1;75;75108;2;2;1;6;AVENUE DES CHAMPS ELYSEES;48,87195500;2,30037500
202400041337;26;2;2024;09:00;1;92;92036;1;1;2;2;AUTOROUTE A86;48,93811425;2,29894280
202400029187;16;12;2024;22:15;5;44;44109;2;2;1;3;19 Rue Eugène Thomas;47,26140000; -1,57095000
202400011646;25;11;2024;07:50;2;83;83049;1;1;1;3;D43;43,24952801;6,07807875
202400031643;18;1;2024;12:20;1;56;56121;2;3;7;3;FRANCHET- D'ESPEREY ( BD );47,75358100; -3,36589800
202400003698;21;3;2024;17:48;1;56;56260;2;1;1;2;Boulevard de Pontivy;47,68173000; -2,76870000
202400053819;10;7;2024;12:25;1;2A;2A004;2;1;1;3;stradda di balio;41,95262000;8,78455000
202400029899;18;5;2024;19:30;2;2B;2B305;2;1;1;5;Grisgione;42,73012600;9,45932500
202400010956;31;5;2024;12:25;1;62;62826;2;3;2;3;Avenue de Picardie;50,51232276;1,61593705
202400042953;9;5;2024;23:10;5;43;43089;2;1;1;6;43 Avenue de la Mairie;45,04534224;3,86896208
202400054150;29;11;2024;17:00;2;33;33318;2;1;1;6;;44,79550000; -0,66780000
202400013399;4;7;2024;11:40;1;26;26362;1;1;1;2;A7 PK71.500 sens sud-nord;44,92677700;4,88055800
202400044578;5;12;2024;15:40;1;76;76212;2;1;2;3;Boulevard de la Paix;49,44053000;1,15083000
202400054081;27;1;2024;03:55;5;2A;2A004;2;3;1;3;#181 Residence les Dauphins#;41,93374605;8,75379682
202400008963;3;6;2024;12:00;1;13;13208;2;1;1;3;PRADO (AVENUE DU);43,26875575;5,38547695
202400003805;21;3;2024;08:30;1;93;93007;2;2;1;3;Avenue de Bel-abbès / Avenue Edouard Lucy;48,92803400;2,47968700
202400001662;23;3;2024;14:20;1;69;69254;1;1;1;6;Route D'Amplepuis;45,95060500;4,42369200
202400042040;14;6;2024;17:00;1;25;25204;1;6;1;5;R-N 57.;46,92473000;6,33819000
202400025211;7;3;2024;18:45;5;93;93057;2;3;1;1;Avenue Jean Jaurès / Allée Jean-baptiste Clément;48,90598100;2,50030200
202400037093;26;2;2024;19:50;5;91;91103;2;1;2;4;LEON BLUM (RUE);48,62014000;2,30074000
202400017558;14;11;2024;18:15;5;95;95585;2;2;8;1;D125;48,98046584;2,38813048
202400032031;31;8;2024;19:00;1;91;91136;1;1;1;7;RN20;48,70810000;2,28789000
202400030451;4;10;2024;17:15;1;34;34172;2;1;1;3;LAVERUNE (ROUTE DE;43,59688000;3,83831000
202400040624;3;11;2024;13:10;1;973;97302;2;2;1;3;11 NOVEMBRE;4,93497000; -52,32952000
202400040925;12;1;2024;21:00;3;03;03019;1;1;1;6;Lieu Dit les Communes;46,59994500;3,64932800
202400036218;2;10;2024;10:30;1;92;92063;2;1;2;3;HOURLIER (RUE LEON);48,86317780;2,17538220
202400008405;7;8;2024;14:05;1;26;26058;2;1;1;3;Avenue de Lyon;44,95530000;4,89038000
202400026790;10;11;2024;00:30;5;60;60159;2;6;1;6;Avenue Napoléon;49,40564000;2,83783000
202400015600;21;11;2024;16:10;2;29;29072;2;3;7;3;Avenue de la République;47,80608457; -4,27934788
202400032014;21;7;2024;09:40;1;80;80021;2;1;1;7;Rue Robert le Coq;49,89835000;2,26554000
202400007654;6;7;2024;06:25;1;94;94028;1;1;1;6;A86;48,80301088;2,44831306
202400008884;20;12;2024;11:30;1;38;38175;2;1;1;6;Rue Joliot Curie;45,27223600;5,92105700
202400027581;23;1;2024;09:05;1;93;93001;2;2;1;6;Avenue de la République / Rue Henri Barbusse;48,90611802;2,38958162
202400029322;4;3;2024;09:15;1;26;26313;2;1;1;2;N7;44,95776000;4,92887000
202400034385;3;10;2024;00:30;3;45;45035;1;1;1;7;Rue des Sablons;48,04937000;2,34144000
202400042492;7;12;2024;23:25;5;93;93008;2;3;2;7;SEMARD (RUE PIERRE);48,91290676;2,44629550
202400027363;12;4;2024;05:00;5;84;84092;2;2;1;3;CROIX VERTE (av de la));43,95482000;4,83819000
202400015852;24;12;2024;17:45;1;13;13108;1;2;1;3;CAYADES (ROUTE DES);43,80514000;4,71275000
202400012475;1;2;2024;08:15;2;76;76351;2;1;2;6;FRISSARD (QUAI);49,49001000;0,12614000
202400050059;16;2;2024;08:50;1;93;93006;1;1;1;3;AUTOROUTE A3;48,86690246;2,42530059
202400034884;13;12;2024;02:17;3;11;11262;2;1;2;6;;43,17066000;2,97890000
202400002575;12;8;2024;14:45;1;17;17093;2;1;1;6;8 Rue Marechal Foch;45,88525500; -1,19601300
202400002997;10;2;2024;10:00;1;95;95241;1;1;2;6;N104;49,04663178;2,45596073
202400041378;26;2;2024;16:20;1;75;75115;2;6;2;6;PLACE CAMBRONNE;48,84790600;2,30137200
202400026358;23;5;2024;16:36;1;27;27226;2;4;1;6;Rue des Marronniers;49,31265200;1,61121360
202400053109;2;7;2024;09:13;1;56;56067;2;6;1;6;Giratoire de la place de la mairie;47,75793900; -2,84345800
202400022034;16;4;2024;01:00;3;95;95205;1;1;1;1;BOUQUEVAL (ROUTE DE);49,02310031;2,39103913
202400016919;13;10;2024;03:56;5;44;44143;2;1;1;1;5 Avenue Louise Michel;47,18801000; -1,54783000
202400053341;4;5;2024;15:40;1;32;32013;2;1;1;7;FERMAT (RUE);43,65082000;0,58484000
202400013099;24;5;2024;17:15;1;93;93066;2;1;1;3;BRICHE NR 2 A 38;48,94605000;2,34303000
202400031830;8;4;2024;17:40;1;56;56121;2;1;1;6;FAURE (RUE  GABRIEL );47,76567000; -3,37253000
202400012956;15;10;2024;17:15;1;64;64102;2;1;8;1;MAI 1945 (AVENUE DU 8);43,46911000; -1,48998000
202400048099;24;9;2024;18:00;1;07;07010;1;1;2;1;D878;45,22788000;4,67530500
202400043686;22;2;2024;18:57;3;78;78431;1;1;3;4;A13;48,94336000;1,95078300
202400037034;22;2;2024;16:53;1;2B;2B037;2;1;1;3;TOUTES RUES;42,63406000;9,43176000
202400045586;7;5;2024;18:05;1;95;95607;2;1;2;6;D928;49,02306815;2,23316133
202400037812;19;7;2024;15:50;1;13;13212;1;1;1;2;A507 sens Marseille - Aubagne;43,31604003;5,42256832
202400042520;27;9;2024;18:10;2;69;69271;2;3;7;1;Route de Lyon;45,73870000;4,96491000
202400020756;10;10;2024;18:30;1;75;75114;2;1;2;4;AVENUE RENE COTY;48,83342200;2,33267400
202400029559;10;4;2024;14:17;1;94;94018;2;3;1;2;Rue de Paris / Rue Félix Langlais;48,82870000;2,40242000
202400031801;18;1;2024;09:20;1;92;92063;2;1;4;1;MONIER (RUE JOSEPH);48,89135287;2,17391253
202400028460;6;10;2024;05:55;3;33;33023;1;1;2;5;;44,69765815; -0,49913712
202400026365;28;7;2024;11:25;1;44;44066;1;2;1;1;Route de la Chapelle sur Erdre;47,35468100; -1,59793400
202400019698;23;12;2024;00:40;3;92;92036;1;1;1;7;AUTOROUTE A15;48,93900272;2,29566479
202400052834;3;5;2024;17:40;1;10;10294;1;2;1;3;D81;48,17925800;4,35075200
202400011948;22;4;2024;10:45;1;67;67482;2;3;1;3;FEDERATION (ROUTE DE LA);48,56362000;7,74196000
202400005012;4;9;2024;15:35;1;73;73003;1;1;1;6;N90;45,49979112;6,51267037
202400007144;21;10;2024;13:15;1;55;55001;2;1;1;7;Chemin du Granit;48,52136451;5,49615473