Num_Acc;jour;mois;an;hrmn;lum;dep;com;agg;int;atm;col;adr;lat;long
202400006688;10;8;2024;01:15;3;34;34150;2;1;1;1;Avenue du Soleil;43,31999500;3,54169100
202400027715;21;5;2024;09:50;1;29;29039;2;1;1;6;Rue Chateaubriand;47,87162600; -3,91954500
202400025401;6;3;2024;08:26;1;91;91514;2;1;2;6;RTE DE BOUSSY ST ANTOINE;48,68132000;2,53874000
202400047009;19;2;2024;22:45;3;76;76042;1;1;1;6;D929;49,74995500;1,57646300
202400028234;20;5;2024;16:00;1;92;92002;2;1;1;6;ARISTIDE BRIAND (AVENUE);48,75353361;2,30509973
202400043088;11;1;2024;16:05;2;46;46015;1;1;2;1;larive;44,67060200;2,17470300
202400007512;6;7;2024;15:40;1;92;92012;2;1;1;3;HEINRICH (RUE);48,82700371;2,24356270
202400037832;28;8;2024;11:30;1;33;33002;1;1;7;1;;44,44877800; -0,07252700
202400018431;30;1;2024;09:20;1;72;72051;2;1;2;6;21 Rue Nationale;47,83282800;0,08015500
202400015615;21;11;2024;19:41;3;10;10003;1;1;4;6;Autoroute A5;48,26679800;3,73895600
202400008704;9;8;2024;20:10;1;40;40314;2;1;1;6;Route des Tucs;43,67440200; -1,11210800
202400012523;29;12;2024;05:00;3;29;29232;1;1;1;6;RN 165;48,03918399; -4,07541312
202400013965;22;11;2024;00:05;3;95;95582;1;1;4;7;A15;48,96556782;2,25950631
202400017357;19;11;2024;19:30;5;44;44109;2;1;2;6;Rue du Général de Bollardière;47,20869000; -1,53035000
202400010724;2;2;2024;13:00;1;95;95203;2;2;1;3;D928;48,99464963;2,27790842
202400015135;14;3;2024;08:10;1;93;93078;1;1;1;1;Avenue du Sausset;48,96315000;2,51959000
202400045626;20;2;2024;15:25;1;33;33393;1;1;1;6;54 Route de Guîtres;45,00762400; -0,19631800
202400036249;27;8;2024;05:30;3;11;11069;1;1;1;2;ROCADE NORD - RD 6113;43,20428400;2,41105500
202400044417;25;9;2024;13:32;1;54;54395;2;2;1;6;Rue Virginie Mauvais;48,70336000;6,18182000
202400028908;6;9;2024;07:54;1;74;74298;2;3;1;3;LIVRON (ROUTE DE);46,18754000;6,25088000
202400002617;29;4;2024;16:50;1;91;91434;1;1;1;2;AUTOROUTE A6;48,66832500;2,35436100
202400002409;29;11;2024;08:00;1;93;93029;2;1;1;3;CASTELNAU (AVENUE);48,92909002;2,45826211
202400048120;11;6;2024;09:33;1;971;97113;1;3;1;2;PONT DE POUCET;16,21798000; -61,50427000
202400013907;11;9;2024;10:24;1;92;92025;1;1;8;4;A86;48,92961983;2,24118814
202400023216;8;3;2024;04:35;3;26;26058;1;3;1;2;Route des Morliettes;44,96700437;4,91048098
202400020724;25;5;2024;18:35;1;75;75120;2;1;1;2;BD PERIPHERIQUE INTERIEUR;48,86964300;2,41326700
202400004893;7;2;2024;22:00;5;67;67043;2;1;1;6;PERIGUEUX (AVENUE DE);48,61407000;7,75204000
202400037633;28;2;2024;18:17;2;59;59183;2;9;1;1;ROME;51,01938000;2,35191000
202400053456;11;7;2024;14:45;1;86;86083;1;1;1;2;A10;46,51097600;0,14271500
202400041194;2;4;2024;16:30;1;92;92050;2;9;1;6;VAILLANT COUTURIER PAUL RUE;48,88678000;2,20091000
202400049313;5;12;2024;17:30;5;80;80801;2;1;2;3;grande rue;49,87909500;2,89644200
202400042650;27;9;2024;18:40;1;75;75101;2;4;8;3;RUE DU LOUVRE;48,86303800;2,34185000
202400015971;23;12;2024;10:50;1;84;84142;1;2;1;2;D31;43,97089000;5,02026900
202400009599;17;3;2024;18:35;1;92;92024;2;2;1;3;MARTRE (RUE) DE (1 A 41);48,90088757;2,30804157
202400017725;23;12;2024;18:15;3;64;64445;2;1;1;3;GENERAL LECLERC DU;43,30380000; -0,34614000
202400025505;13;4;2024;12:10;1;51;51454;2;2;1;3;JAURES (AVENUE JEAN) DU N° 74 A FIN (PAI;49,26255900;4,05342600
202400004507;8;8;2024;09:30;1;971;97107;2;1;1;6;PAUL LACAVE ( AVENUE );16,04552000; -61,56290000
202400002287;29;11;2024;20:33;5;25;25539;2;1;1;1;BERNE (RUE DE);47,45431000;6,87536000
202400009589;4;7;2024;18:20;1;13;13215;1;1;1;2;A7-Sens Marseille vers Lyon;43,34667000;5,37269000
202400006483;8;2;2024;20:15;5;06;06088;1;1;1;6;A8;43,73164500;7,27783900
202400024922;27;6;2024;08:10;1;56;56053;1;3;1;3;Le Petit Boccolo;47,71257000; -2,61233200
202400038980;13;1;2024;14:45;1;63;63113;2;1;1;6;CARNOT (AVENUE);45,77627000;3,09645000
202400046890;29;3;2024;14:00;1;89;89387;2;9;2;3;MAIL (RUE DU);48,20102000;3,28706000
202400031725;17;5;2024;09:10;1;973;97302;2;3;2;3;BADUEL (ROUTE DE);4,93704525; -52,31510952
202400046670;9;1;2024;00:45;4;47;47159;2;3;1;6;D6;44,41090000;0,22073500
202400044443;26;9;2024;16:40;1;37;37195;2;1;1;7;PROUDHON (AVENUE);47,38980000;0,64818000
202400020476;28;7;2024;20:25;1;76;76447;2;1;1;6;MARECHAL FOCH;49,53855000;0,18658000
202400046533;27;8;2024;09:15;1;84;84007;2;1;1;6;BALANCE (rue de la);43,95148000;4,80569000
202400043584;24;2;2024;07:45;1;40;40152;1;1;4;4;A63 - PK 101.900;43,98750400; -1,04365800
202400003031;8;2;2024;11:45;1;83;83137;2;4;1;3;LOUVOIS (BD);43,12937000;5,93022000
202400053122;12;6;2024;07:00;2;13;13014;1;9;1;2;D21;43,48605800;5,18953800
202400033890;16;5;2024;19:50;1;92;92078;2;1;1;2;GALLIENI (BD) (1 A 79 ET 22 A 102);48,92723690;2,33017552
202400009129;18;10;2024;12:20;1;59;59328;2;1;2;5;HIPPODROME AV DE L N°237 AU389;50,65416000;3,01938000
202400017449;12;3;2024;07:30;2;42;42094;2;2;2;3;Rue Louis Blanc;45,73637300;4,23588400
202400040994;4;4;2024;14:05;1;33;33529;2;9;1;3;;44,61242700; -1,11982900
202400006349;26;11;2024;11:35;1;93;93010;1;1;1;1;AUTOROUTE A3;48,91454975;2,47732254
202400030839;22;6;2024;05:28;3;79;79220;1;3;3;7;;46,22148200; -0,68372700
202400052427;1;12;2024;18:55;5;37;37261;2;2;1;3;MARNE (CARREFOUR DE LA);47,42362000;0,69823000
202400010773;30;12;2024;08:50;2;10;10325;2;1;2;7;ROCADE OUEST (RD 610);48,26765000;4,06217000
202400042021;23;8;2024;17:20;1;69;69275;2;1;1;6;Avenue Jean Jaurès;45,77086419;4,95976421
202400048515;28;10;2024;14:39;1;31;31555;2;1;1;3;REVEL (RTE DE) DU 2AU 306;43,56797502;1,50547564
202400035670;19;7;2024;10:00;1;75;75120;2;1;1;3;BD PERIPHERIQUE INTERIEUR;48,86694200;2,41322000
202400028158;27;7;2024;02:48;3;45;45186;1;1;2;7;D318 PR 3 + 970;48,05082900;2,53084700
202400023002;27;6;2024;17:50;1;54;54435;1;1;1;7;Chemin communal La Traverse;48,97376651;5,96682072
202400050329;17;8;2024;16:25;1;57;57077;1;1;1;7;D155v;48,73731400;6,61110900
202400044000;27;9;2024;16:30;1;38;38160;1;2;1;3;Montee de Chez Voisin;45,48576900;4,96934700
202400051020;4;5;2024;23:00;3;18;18229;1;1;3;7;;47,25259700;2,40572700
202400047207;29;3;2024;15:00;1;75;75101;2;3;1;3;RUE DE RIVOLI;48,86230000;2,33705000
202400011029;1;6;2024;18:00;1;75;75108;2;2;8;1;BOULEVARD HAUSSMANN;48,87512400;2,31490300
202400053493;13;2;2024;12:45;1;13;13205;2;2;1;2;CAMAS (RUE DU);43,29583000;5,39618000
202400048761;18;2;2024;14:10;1;51;51597;1;1;3;7;D22;49,04747500;3,88712200
202400046680;30;3;2024;16:50;1;75;75101;2;7;8;6;RUE DE ROHAN;48,86274800;2,33528300
202400033255;17;1;2024;19:45;4;76;76351;2;1;4;2;GEORGE V (QUAI);49,49093400;0,11328600
202400000284;18;9;2024;07:55;1;11;11262;2;1;1;3;177 Avenue de Saint Augustin;43,19814400;2,97321800
202400027674;23;1;2024;15:00;1;987;98731;2;1;1;6;Village d'HATIHEU; -8,82876000; -140,08573700
202400039185;13;5;2024;19:10;1;18;18018;1;1;1;2;;47,03306800;2,63532400
202400036718;17;6;2024;17:20;1;77;77335;1;1;1;5;RN3 (ROUTE NATIONALE);48,95721000;2,85143000
202400002993;18;10;2024;06:45;1;972;97213;1;1;1;2;ROUTE NATIONALE 5;14,59664000; -60,99582000
202400032502;23;6;2024;13:25;1;84;84123;1;1;1;6;CD 164 route du mont ventoux;44,11579100;5,38773700
202400037538;14;1;2024;15:15;1;75;75117;2;3;1;2;AVENUE DES TERNES;48,87898200;2,29277600
202400014947;15;10;2024;19:40;3;35;35120;1;1;1;6;la Cornillère;48,21368600; -1,77114300
202400020866;10;10;2024;11:05;1;83;83069;2;1;1;6;BELGIQUE ( AVENUE DE );43,12035000;6,13185000
202400019754;14;4;2024;09:15;1;88;88417;1;1;1;3;Route d?Epinal;48,32900100;6,64234000
202400009441;18;3;2024;18:30;2;65;65069;1;1;1;3;D142;43,07297500;0,39617300
202400014937;15;10;2024;09:15;1;94;94041;2;9;1;3;Quai Marcel Boyer;48,80785000;2,38683000
202400049331;6;5;2024;00:01;3;22;22162;1;6;2;6;Rond point de la Lande Blanche;48,76186600; -3,04004800
202400033729;2;3;2024;09:50;1;06;06003;1;1;1;5;Route de Saint Vallier;43,77403600;6,85539600
202400030057;25;7;2024;07:40;1;03;03297;1;1;1;6;D2144;46,54717300;2,61869400
202400009208;18;10;2024;01:30;5;75;75108;2;3;2;7;AVENUE DES CHAMPS ELYSEES;48,87148600;2,30245700
202400024077;30;7;2024;07:58;1;45;45317;1;1;1;2;A10 PR 122 + 538;47,78455700;1,59725500
202400036848;6;11;2024;09:00;1;91;91228;1;1;1;2;AUTOROUTE A6;48,62810000;2,41270000
202400034301;3;10;2024;16:50;1;07;07070;2;1;1;6;GEAIS (RUE DES);44,96381000;4,85126000
202400039480;6;4;2024;06:50;2;70;70279;1;1;1;6;D67;47,42040000;5,61895400
202400006822;6;12;2024;21:00;5;74;74104;1;3;8;3;D1508;45,77785400;6,23293300
202400029398;4;3;2024;15:50;1;92;92050;2;2;1;3;VENETS RUE DES;48,88995591;2,20319510
202400024671;8;10;2024;07:15;1;974;97411;2;2;1;3;JAURES (BOULEVARD JEAN); -20,89070000;55,45500000
202400025450;12;4;2024;18:33;1;91;91109;1;1;1;1;COCHET (RUE DU)        RD201;48,45940000;2,12000000
202400023110;15;11;2024;23:00;5;49;49267;1;2;1;2;RD 347;47,47334000; -0,46586000
202400012649;5;8;2024;10:25;1;07;07041;1;1;1;7;Route de Vidalon;45,26288000;4,68601400
202400051700;12;7;2024;18:30;2;38;38376;2;1;3;7;D520c;45,43298800;5,79749800
202400021595;21;12;2024;16:30;1;973;97307;1;1;1;5;N4;4,86482100; -52,31136900
202400028660;24;6;2024;10:21;1;11;11262;2;3;1;6;10 Quai Victor Hugo;43,18103000;3,00898000
202400051266;26;10;2024;18:15;2;51;51079;1;3;1;3;Rue de Louvois;49,08900300;4,12797300
202400040738;9;12;2024;15:10;1;22;22241;1;1;2;3;Porcollois;48,12705300; -2,62648300
202400024591;8;10;2024;05:50;5;75;75103;2;2;8;3;RUE DU VERTBOIS;48,86770000;2,35493700
202400045521;6;5;2024;17:50;1;974;97411;2;1;1;6;LECONTE DE LISLE (AVENUE); -20,89118000;55,48039000
202400045061;22;2;2024;15:27;1;95;95277;1;1;3;4;A1;48,97418023;2,48861148
202400044997;8;5;2024;14:00;1;78;78609;1;1;1;3;CD 28;49,02879900;1,91676600
202400034155;30;8;2024;11:40;1;974;97412;2;2;1;3;Rue des Prunes; -21,37028000;55,63333900
202400043749;16;7;2024;17:45;1;13;13103;2;1;1;2;AVENUE DE L' EUROPE;43,64434849;5,10256824
202400002060;16;3;2024;09:10;1;93;93001;2;2;1;6;Avenue Jean Jaurès / Avenue de la République;48,90382000;2,39213000
202400013343;29;6;2024;15:10;1;01;01072;1;1;1;3;RD979;46,18423400;5,30505800
202400001127;11;2;2024;00:40;5;75;75115;2;3;1;6;RUE DU COMMERCE;48,84854300;2,29728100
202400041884;17;7;2024;07:00;1;93;93051;2;1;1;3;Avenue Emile Cossonneau;48,84940000;2,56271000
202400000624;2;5;2024;05:40;3;77;77065;1;2;9;6;Intersection Autoroute A6, échangeur de Cély, circulant vers la province et D372;48,45675800;2,51995100
202400049994;8;6;2024;20:22;1;87;87085;2;1;1;6;DETAILLE (RUE);45,85232000;1,27209000
202400008614;6;2;2024;18:28;2;71;71047;2;2;1;3;10 Rue des Prébendes;46,62262200;3,77595100
202400034653;20;6;2024;22:30;3;35;35063;1;1;1;6;;48,31460000; -1,34059000
202400035537;7;4;2024;06:30;2;94;94052;2;3;1;2;Rue Hoche / Boulevard Albert 1er;48,83382000;2,49284000
202400024744;8;10;2024;08:35;1;11;11069;2;3;1;1;8 Rue Antoine Marty;43,21622000;2,35987000
202400018145;18;12;2024;07:40;5;76;76114;2;1;1;3;JOFFRE (AVENUE DU MARECHAL);49,57026000;0,48428000
202400041084;4;4;2024;08:05;1;75;75116;2;1;2;4;BD PERIPHERIQUE EXTERIEUR;48,85835082;2,26063478
202400014431;5;8;2024;07:30;1;65;65050;1;1;1;7;D618;42,84714600;0,40942300
202400020903;27;6;2024;12:00;1;84;84007;2;6;1;2;REALPANIER (Rond point de)-MONTFAVET;43,95028100;4,86070300
202400044930;1;4;2024;15:25;1;74;74012;2;1;1;3;GIFFRE (AVENUE DU);46,19599000;6,23928000
202400002781;10;2;2024;17:55;5;69;69387;2;2;2;3;Rue de Gerland;45,72990000;4,83804000
202400038654;6;11;2024;01:15;3;02;02445;1;1;5;6;D31;49,91897000;3,94080900
202400034192;21;7;2024;21:30;1;59;59350;1;1;1;6;Boulevard Pierre de Coubertin;50,64497000;3,07099000
202400027757;13;4;2024;16:59;1;44;44087;2;1;1;1;Boulevard de l’atlantique;46,99838600; -1,81441000
202400007516;18;3;2024;17:50;1;06;06069;1;1;1;3;Route de Plascassier;43,65011000;6,96019000
202400036948;11;12;2024;17:25;3;64;64348;1;1;1;1;FRERES WRIGHT DES;43,34889000; -0,38412000
202400025953;27;7;2024;13:15;1;85;85191;2;6;8;6;Rue du puy charpentreau;46,64820100; -1,43464600
202400007235;20;10;2024;22:15;4;64;64460;2;1;1;6;4 Rue des 3 Frères Carrey;43,19491300; -0,58147900
202400036811;13;12;2024;13:40;1;01;01007;1;6;1;6;D1075;45,99571000;5,34135800
202400019665;30;1;2024;00:40;3;56;56101;1;1;1;6;Lieu-Dit Talhouët Spinifort;47,82642400; -3,20073400
202400001004;6;6;2024;15:50;1;87;87085;2;2;1;6;GIFFARD (RUE HENRI);45,86926200;1,26836100
202400024469;23;5;2024;20:40;1;27;27375;2;1;1;3;ONZE NOVEMBRE 1918 (RUE DU);49,22027000;1,16634000
202400053484;13;2;2024;07:56;1;15;15014;1;1;9;6;RD 117;44,92424000;2,47176000
202400023655;18;12;2024;18:15;5;91;91286;2;1;2;6;HENRI BARBUSSE (PLACE);48,65287000;2,39234000
202400013661;22;11;2024;12:25;1;07;07186;2;1;1;1;BOURRET (RUE DU DOCTEUR);44,73130000;4,59033000
202400043478;23;2;2024;18:02;2;92;92073;2;9;8;6;BLUM (QUAI LEON);48,86508030;2,22684968
202400045154;16;7;2024;18:20;1;70;70432;1;3;1;3;D134;47,73208600;6,43821400
202400029683;19;5;2024;14:45;1;54;54395;2;2;1;3;Rue Jeanne d'Arc;48,68342889;6,17344201
202400040290;15;6;2024;10:30;1;93;93008;2;4;1;4;Avenue Paul Vaillant-Couturier / A86;48,90980000;2,44450000
202400003017;9;2;2024;14:45;1;2B;2B037;2;1;1;2;TOUTES RUES;42,61988000;9,43763000
202400007123;1;6;2024;09:00;1;21;21379;1;1;1;7;D17D;47,13689900;4,37624900
202400021040;18;11;2024;18:05;5;80;80318;2;3;2;6;3 Rue Roger Godard;50,01650900;2,07967800
202400025941;23;5;2024;18:00;1;05;05098;2;1;2;6;D40;44,49278600;6,55580200
202400001220;24;10;2024;14:20;1;07;07272;1;1;3;7;D1;44,50832000;4,41521600
202400004093;27;11;2024;08:00;2;77;77330;2;1;2;6;Chemin de Crecy;48,92589142;2,88431857
202400016827;27;5;2024;09:47;1;56;56098;2;1;1;2;Lann Sévelin;47,77862300; -3,34861200
202400036327;2;10;2024;08:45;1;57;57601;1;1;2;1;M603;49,11146400;6,05555400
202400051550;21;9;2024;03:45;3;44;44020;1;1;2;2;;47,17606000; -1,59742000
202400002985;25;10;2024;12:30;1;61;61339;2;1;2;2;D909;48,76388700; -0,24460600
202400019826;21;12;2024;10:00;1;07;07019;2;1;1;6;BELLANDE (AVENUE DE );44,61514000;4,40096000
202400028554;7;10;2024;12:40;1;26;26353;1;1;2;7;Route de l’Ecluse;44,67384300;4,78999300
202400046188;25;9;2024;06:50;2;63;63113;2;5;1;1;FLEURY (BD);45,77726000;3,09610000
202400036508;6;11;2024;19:15;3;95;95604;1;1;1;3;A1;49,12091000;2,55671000
202400049544;29;3;2024;19:00;3;93;93078;1;1;3;3;A104;48,95857237;2,53354347
202400037054;14;5;2024;10:20;1;45;45147;2;1;2;6;268 Rue du Faubourg Bannier;47,92449000;1,89704000
202400037232;13;5;2024;10:40;1;93;93064;2;1;1;3;Rue Laënnec;48,88180200;2,49470700
202400003215;23;8;2024;20:00;1;74;74298;2;3;1;3;LIVRON (ROUTE DU);46,18570000;6,25150000
202400025493;20;12;2024;14:45;1;971;97103;2;1;1;1;Rue henri sidambaron;16,25620800; -61,58925900
202400033678;2;3;2024;13:40;1;85;85254;1;1;8;6;la travaillère - RD 27 - PK 47+400;46,82933000; -0,76055000
202400017516;20;11;2024;18:25;4;85;85026;2;1;8;3;Route du guy bertin;46,54497300; -1,40042100
202400010076;25;8;2024;18:00;1;13;13117;1;1;1;2;A7-Sens Lyon vers Marseille;43,42153273;5,26887776
202400006659;7;2;2024;18:55;5;33;33281;2;2;2;6;;44,83504800; -0,62728500
202400011485;16;3;2024;02:20;3;95;95241;1;1;2;2;N104;49,04733495;2,43640924
202400005059;21;5;2024;16:15;1;44;44114;2;6;8;3;Place de la France Libre;47,25400000; -1,61500000
202400045074;2;4;2024;18:30;1;82;82134;1;2;1;3;Route de Vaïssac;44,05868700;1,53543600
202400052821;10;8;2024;11:35;1;84;84046;1;1;1;3;D19;44,09774100;5,23037200
202400027056;12;11;2024;21:00;5;67;67482;2;1;1;3;HAGUENAU (PLACE DE);48,59317100;7,74347000
202400044637;1;11;2024;06:00;3;80;80585;1;1;1;6;D337;49,76220000;2,90374700
202400003954;16;9;2024;13:00;1;93;93027;1;1;1;4;AUTOROUTE A1;48,93608477;2,40504069
202400035365;15;5;2024;17:35;1;67;67482;2;1;1;3;GEORGES WODLI (RUE);48,58798000;7,73775000
202400021863;7;9;2024;15:15;1;58;58309;1;1;8;7;41 route du puits;46,90953600;4,00136000
202400028284;26;7;2024;19:15;1;95;95018;1;1;2;6;A15;48,95204423;2,27986403
202400028596;3;10;2024;15:41;1;04;04116;1;1;1;6;D4;44,01433800;5,95357100
202400053096;25;3;2024;17:10;1;21;21355;2;1;1;3;DIJON (DE) (ROUTE);47,29150200;5,05848400
202400051835;14;2;2024;08:30;1;987;98735;2;1;1;2;DESTREMEAU (RUE ); -17,54518190; -149,57633620
202400007921;24;4;2024;12:20;1;84;84087;2;1;1;3;MISTRAL (AVENUE FREDERIC);44,13700000;4,81800000
202400022796;9;10;2024;09:09;1;71;71076;2;1;1;2;SAINT COSME (QUAI);46,77676721;4,84841294
202400009453;6;7;2024;14:00;1;62;62273;2;1;6;3;D127;50,61153000;1,82971700
202400038707;5;11;2024;17:50;4;59;59653;1;6;2;2;RN 41;50,58420400;2,90795400
202400016321;3;8;2024;17:50;1;91;91161;1;1;1;7;AUTOROUTE A6;48,71384000;2,30903000
202400007684;4;7;2024;18:30;1;91;91228;1;2;1;2;AV PAUL DELOUVRIER;48,62221000;2,41666000
202400024085;13;4;2024;18:00;1;69;69383;2;2;1;2;Cours Gambetta;45,75532000;4,84298000
202400036884;13;12;2024;17:30;5;50;50041;2;1;1;6;d22;49,62074800; -1,74825300
202400046208;6;12;2024;00:01;5;92;92049;2;7;3;6;PERI RUE GABRIEL N°37 A 99;48,81830231;2,32085019
202400047729;12;6;2024;16:40;1;12;12025;1;3;1;2;RD32 lieu dit buffières;43,86249000;2,75163500
202400038895;14;1;2024;18:30;5;93;93050;2;3;1;3;Rue Paul Vaillant Couturier / Avenue Pascal;48,87028000;2,55477000
202400041881;16;6;2024;20:15;1;77;77053;1;1;2;6;RN104;48,68496500;2,59854600
202400013237;3;7;2024;16:43;1;34;34108;1;1;1;2;RD 612;43,46458000;3,76670000
202400045440;12;7;2024;15:54;1;87;87050;2;1;1;6;LIMOGES (AVENUE DE);45,88417435;1,23867452
202400016367;25;12;2024;11:45;1;60;60471;1;2;8;6;D932;49,60150085;3,01150274
202400035043;17;1;2024;17:50;5;75;75116;2;2;2;6;ALLEE DE LONGCHAMP;48,87330300;2,26660700
202400025378;19;12;2024;16:15;1;93;93055;2;1;2;2;FLORIAN;48,89472017;2,40248945
202400001254;23;10;2024;18:07;1;59;59350;1;1;1;2;ROUTE NATIONALE 356;50,62213000;3,08304000
202400002274;30;4;2024;08:25;2;91;91589;1;1;2;3;AUTOROUTE A6;48,67460000;2,34190000
202400013379;3;7;2024;11:30;1;974;97420;2;1;1;6;74 Avenue Pierre Mendès France; -20,90496300;55,60559900
202400016841;15;10;2024;08:20;2;77;77238;1;1;1;2;route de la ferte sous jouarre;48,93403100;3,12400100
202400022899;16;11;2024;20:50;5;10;10357;2;3;1;3;ROUTE DE BOURANTON (D147);48,29688000;4,13337000
202400015308;1;7;2024;07:20;1;81;81038;2;3;1;3;279 Route de Graulhet;43,87804800;1,91152500
202400045760;15;7;2024;21:47;5;75;75113;2;1;1;2;BOULEVARD PERIPHERIQUE;48,82621500;2,38777800
202400000397;20;9;2024;16:54;1;21;21217;1;1;7;7;D116;47,19788700;4,90405700
202400035875;28;8;2024;13:19;1;69;69091;2;1;1;3;Rue Victor Hugo;45,58780025;4,77114110
202400015400;30;6;2024;19:45;1;72;72181;2;1;1;1;CORDELET LOUIS ( AV);48,01286000;0,18797000
202400024837;25;6;2024;19:29;1;75;75117;2;4;1;3;AVENUE DES TERNES;48,87975500;2,28936000
202400019927;28;1;2024;19:30;5;13;13208;2;1;1;5;MENDES FRANCE (AVENUE);43,25005000;5,37517000
202400043876;14;7;2024;13:05;1;94;94068;2;1;1;4;Avenue du Bac;48,79478000;2,51067000
202400007504;6;7;2024;00:29;5;92;92051;2;1;1;3;HOTEL DE VILLE (RUE DE L', N° 1 A 19);48,88300366;2,26790079
202400022014;26;1;2024;15:05;1;973;97309;2;6;1;3;SUZINI (CARREFOUR);4,92707000; -52,28978000
202400047903;18;8;2024;00:08;5;58;58194;2;3;2;6;PIERRE EMILE GASPARD;46,98643000;3,15139000
202400028060;21;5;2024;12:20;1;42;42304;2;1;1;6;Route de Montbrison;45,54682704;4,17101651
202400011735;22;4;2024;21:56;3;93;93071;2;3;1;6;Rue Gabriel Péri /Rue du Pont Blanc;48,94228000;2,53271000
202400051078;26;10;2024;06:55;3;94;94021;1;1;1;1;Rue du Pont des Halles;48,76116000;2,34181000
202400015768;19;4;2024;21:32;5;71;71076;2;2;1;3;AVENUE Pierre MENDES FRANCE;46,77492000;4,83682000
202400031395;18;5;2024;11:10;1;09;09225;1;1;1;4;ROUTE NATIONALE 20;43,15070514;1,61644131
202400024156;29;7;2024;06:40;1;91;91553;1;1;1;6;RN 104;48,62896000;2,48178000
202400042144;27;9;2024;22:45;5;92;92046;2;2;2;3;PAUL BERT (RUE);48,81724352;2,29469150
202400006233;27;11;2024;09:07;1;92;92040;2;1;2;6;RODIN (BOULEVARD);48,81944526;2,25971237
202400014683;4;8;2024;17:50;1;76;76622;1;1;1;6;D28 Route de Triquerville;49,48181122;0,61174750
202400049850;27;10;2024;18:20;3;27;27681;1;1;1;7;GISORS (ROUTE DE);49,10995500;1,48955100
202400047228;5;1;2024;12:20;1;75;75112;2;1;1;6;PORTE DOREE;48,83687000;2,41240100
202400007184;20;10;2024;15:15;1;21;21577;2;9;1;3;rue du canal;47,10598900;5,25497900
202400008676;18;11;2024;09:00;1;75;75109;2;7;2;3;RUE DE DOUAI;48,88345100;2,32989100
202400001711;10;7;2024;07:30;1;93;93029;1;1;1;4;A86;48,91845143;2,42885396
202400047113;18;2;2024;09:30;1;94;94041;2;9;1;3;Avenue de Verdun / Boulevard Hippolyte Marquès;48,81719760;2,36711249
202400004163;13;9;2024;10:00;1;94;94068;2;3;9;2;Quai du Port au Fouarre;48,79915000;2,47122000
202400016404;2;8;2024;11:08;1;2A;2A004;2;1;1;3;PRINCE IMPERIAL COURS;41,93402000;8,75031000
202400016541;1;2;2024;10:39;1;62;62014;2;1;1;6;Rue de Saint-omer;50,64065900;2,39725900
202400022819;27;6;2024;18:00;1;77;77373;2;1;1;3;RUE DU PLATEAU;48,79696000;2,61359000
202400022865;26;6;2024;16:50;1;11;11069;2;1;1;6;131 Rue Trivalle;43,20855000;2,36751000
202400038934;15;1;2024;08:45;1;69;69204;2;1;2;6;106 Avenue Georges Clémenceau;45,69862100;4,79483800
202400038697;12;12;2024;18:00;3;26;26358;1;1;1;7;Route de Montoison;44,80402900;4,96117500
202400017613;19;4;2024;17:45;1;978;97801;2;2;1;3;R JEAN-LUC HAMLET;18,06697900; -63,07115800
202400021187;26;2;2024;16:20;1;33;33433;1;1;2;6;;44,92874400; -0,42340300
202400006737;26;9;2024;09:00;1;75;75115;2;3;9;4;PORTE BRANCION;48,82756400;2,30108700
202400031571;19;5;2024;16:00;1;83;83007;1;1;1;1;RD957 Pk22;43,64681336;6,22300327
202400036468;7;11;2024;17:40;2;23;23125;1;1;1;6;D982;45,73042700;2,20431400
202400009507;5;7;2024;17:45;1;10;10087;2;1;1;3;Rue de Galiche;47,95663300;4,06675500
202400021101;11;3;2024;16:40;1;39;39201;1;1;1;6;;46,66645200;5,78434100
202400039623;13;5;2024;07:00;2;89;89409;1;1;2;6;D957;47,47512100;3,80940700
202400046728;9;1;2024;19:40;3;60;60671;1;1;9;7;D330a;49,15521900;2,76567400
202400050309;21;9;2024;19:30;1;75;75117;2;3;1;7;BOULEVARD DES BATIGNOLLES;48,88324500;2,32533300
202400049919;16;8;2024;16:05;1;973;97302;2;2;1;3;CATAYEE (JUSTIN);4,93842663; -52,33036110
202400036234;27;8;2024;10:00;1;28;28085;2;4;1;3;BOURGNEUF (RUE DU);48,45412066;1,48773819
202400011108;18;10;2024;17:10;1;69;69214;2;3;1;5;Route du Pont Mondet;45,98089400;4,32591000
202400010854;3;6;2024;08:05;2;60;60509;2;6;1;6;Rue Voltaire;49,30784100;2,60677700
202400004022;7;7;2024;10:15;1;13;13099;1;3;1;1;Chemin Departemental 952;43,68790700;5,70071300
202400049849;27;3;2024;22:50;3;74;74242;2;1;1;7;;45,83537600;6,16142800
202400049371;16;2;2024;11:35;1;13;13215;2;9;1;3;SAINT ANTOINE A SAINT JOSEPH (CHEMIN DE);43,36048000;5,36369000