Num_Acc;jour;mois;an;hrmn;lum;dep;com;agg;int;atm;col;adr;lat;long
202400043783;22;8;2024;12:15;1;91;91114;2;2;7;3;RTE NATIONALE 6;48,68313000;2,49051000
202400030561;23;6;2024;18:00;1;93;93051;2;1;7;3;Rue Pierre Brossolette;48,84814342;2,54884154
202400013819;22;4;2024;09:10;1;89;89055;2;1;1;1;Route de Joigny;47,98999300;3,61235100
202400005684;21;3;2024;09:35;1;77;77242;2;1;1;6;D 412;48,48695300;3,23169700
202400024425;28;7;2024;06:50;1;83;83047;1;1;1;1;A570;43,13422723;6,04850543
202400036202;26;8;2024;14:20;1;50;50129;2;4;1;3;MENDES FRANCE (BOULEVARD);49,63481000; -1,62686000
202400014674;3;8;2024;12:20;1;93;93047;2;4;1;3;BARGUE  (BOULEVARD);48,90300000;2,56219000
202400013910;20;4;2024;12:55;1;69;69386;2;2;1;3;Rue Bossuet;45,76784000;4,85069000
202400053818;24;10;2024;08:05;5;41;41269;2;9;1;3;SAINT LUBIN (FAUBOURG);47,79048000;1,06375000
202400049067;5;5;2024;17:20;1;92;92048;2;9;2;3;DOCTEUR ARNAUDET (RUE DU);48,81458801;2,24799174
202400053071;26;3;2024;08:45;1;28;28085;2;9;2;3;TROIS PONTS  (RUE DES);48,43215000;1,49273000
202400016972;11;10;2024;08:00;2;44;44096;1;1;5;3;91 la loirière;47,44686500; -1,18094400
202400002821;9;2;2024;15:15;1;59;59350;2;2;1;3;Rue de Wazemmes;50,62270000;3,06413000
202400039677;28;2;2024;08:35;1;51;51351;1;1;1;2;Marigny;48,66987968;3,86690867
202400025194;10;11;2024;19:20;3;13;13071;1;1;1;2;A7-Sens Lyon vers Marseille;43,40498387;5,33981320
202400016811;28;5;2024;16:30;1;67;67482;2;1;1;7;JEAN JAURES (AVENUE);48,56750000;7,77040000
202400007129;5;6;2024;12:15;1;04;04204;1;9;1;6;D4085;43,91533100;6,40895600
202400041824;24;8;2024;15:45;1;29;29163;2;1;1;7;Rue Pasteur;48,50851300; -3,87781700
202400032290;29;8;2024;18:45;1;85;85009;1;3;2;1;RD65;46,44307500; -0,88045100
202400030192;24;7;2024;18:50;5;974;97411;1;9;1;7;MANES (RUE EDOUARD); -20,89560000;55,49511000
202400046405;6;12;2024;06:15;3;93;93027;1;1;1;3;AUTOROUTE A1;48,93857335;2,41640267
202400054374;29;11;2024;23:20;5;94;94077;2;2;1;3;Avenue le Foll;48,73061000;2,42602000
202400049164;6;5;2024;13:45;1;38;38130;1;1;2;1;Route de Champier;45,41362000;5,26017700
202400015263;10;3;2024;14:40;1;78;78506;1;1;1;6;A11;48,51759800;1,79062900
202400047675;11;6;2024;17:00;1;62;62868;1;2;1;3;D109;50,35421100;2,12779500
202400025589;26;1;2024;20:55;3;988;98805;1;1;1;1;VE2 - zone en travaux; -22,17381400;166,42212200
202400019021;7;4;2024;19:45;1;74;74112;1;1;1;6;A41;45,94593200;6,11169800
202400019248;28;10;2024;18:00;3;26;26165;1;1;1;4;A7 - PK 090.700 SENS SUD/NORD;44,77134293;4,80249595
202400032320;5;10;2024;17:30;1;94;94028;1;1;1;5;A86;48,78943010;2,44046879
202400012507;2;2;2024;22:48;5;69;69256;2;2;1;1;Rue Jean Foucaud;45,77404000;4,92103000
202400039269;13;5;2024;11:40;1;91;91064;1;1;1;3;RN 118;48,74588000;2,19395000
202400028006;21;1;2024;09:55;1;13;13202;2;1;1;6;CARGO RHIN FIDELI (RUE);43,32700000;5,35694000
202400015231;15;3;2024;16:25;1;38;38222;1;1;1;7;Route de Chirens;45,43659900;5,58072000
202400001484;22;10;2024;20:35;5;93;93057;2;1;1;1;EUROPE ( PONT DE L');48,91462887;2,50210492
202400015385;28;6;2024;08:35;1;83;83123;2;1;1;3;GARE (ROUTE);43,12240883;5,82230404
202400042893;3;4;2024;16:50;1;93;93007;2;9;1;6;Avenue Descartes;48,95052740;2,44145465
202400017050;1;7;2024;11:40;1;94;94003;2;2;1;3;Avenue Aristide Briand;48,80573100;2,32570300
202400046157;25;9;2024;09:35;1;76;76351;2;3;1;3;FOCH (AVENUE);49,49329000;0,09939000
202400000470;1;5;2024;15:00;1;76;76131;2;1;2;7;Cote de la Maison Brulee;49,34610600;0,93631000
202400046762;7;1;2024;06:50;2;973;97302;2;1;1;1;MADELEINE (ROUTE DE LA);4,91303931; -52,32085615
202400011488;5;7;2024;07:50;1;09;09140;1;1;1;6;Route de l?Aude;42,74234800;1,83516700
202400025634;3;5;2024;00:40;3;76;76005;2;1;1;7;Route de Paris;49,41783314;1,11803126
202400033102;2;3;2024;00:11;5;987;98714;2;1;1;6;Vaitape - face magasin Bora Home Dépôt; -16,38800000; -151,76500000
202400003105;8;2;2024;18:35;5;51;51454;2;6;2;6;COURCELLES (RUE DE) DU 223 A FIN ET 102;49,26450000;4,01035000
202400051570;21;9;2024;14:15;1;38;38179;2;1;1;1;RUE DE L'ÉTANG;45,18423000;5,78106000
202400053180;25;10;2024;15:05;1;13;13215;1;1;1;2;A7-Sens Lyon vers Marseille;43,37178000;5,36129000
202400030548;5;10;2024;16:00;1;34;34162;1;2;1;3;D32;43,48550300;3,47089400
202400003708;20;3;2024;12:15;1;49;49007;2;1;1;7;ONZE NOVEMBRE 1918 AVENUE;47,47084000; -0,54531000
202400040166;29;9;2024;10:30;1;69;69149;2;1;1;6;Avenue de Haute Roche;45,70283000;4,82799000
202400033225;1;3;2024;10:00;1;82;82121;2;6;8;3;avenue leon gambetta;44,01912000;1,35968000
202400046456;26;9;2024;16:45;1;65;65446;1;1;1;7;5 Allee du Chateau;43,32529500;0,10998100
202400004830;14;11;2024;18:00;3;84;84106;2;3;1;3;D 976;44,23064800;4,88067600
202400023049;15;11;2024;13:20;1;64;64445;2;1;1;3;MARECHAL FOCH;43,29680000; -0,36700000
202400023876;25;1;2024;12:00;1;78;78029;2;6;1;3;AVENUE DE L'UNION;48,95949000;1,84067000
202400022515;24;5;2024;22:29;5;2B;2B033;2;1;1;6;AGLIANI - CHEMIN D';42,67453000;1,40766500
202400046055;22;8;2024;17:20;1;71;71512;1;1;1;1;D906;46,61571900;4,88611700
202400003220;13;6;2024;09:05;1;29;29019;2;2;1;6;boulevard Montaigne;48,40257000; -4,48199400
202400049324;29;3;2024;11:45;1;52;52248;1;1;3;3;RD 417;48,02088500;5,46650800
202400016934;11;10;2024;00:05;5;75;75110;2;2;1;6;BOULEVARD DE MAGENTA;48,87736700;2,35511200
202400015952;19;4;2024;21:30;5;94;94017;2;2;2;3;Rue Louis Talamoni / Rue Albert Thomas;48,81342000;2,51126000
202400044225;27;9;2024;18:15;1;33;33162;1;1;1;4;;44,87122000; -0,64226000
202400001299;10;2;2024;17:10;2;92;92036;1;1;3;2;A86;48,93602815;2,28853583
202400053492;8;6;2024;23:20;5;34;34172;2;1;1;6;PRES D'ARENES (ROND-POINT DES);43,58893000;3,89085000
202400024707;7;10;2024;16:57;1;56;56260;2;1;8;6;Rue du 8 Mai 1945;47,66050000; -2,76045000
202400000931;10;7;2024;20:00;1;92;92002;2;3;1;3;GENERAL DE GAULLE (AVENUE DU);48,76306769;2,30557770
202400029275;17;12;2024;07:30;2;93;93032;2;3;2;6;ROND POINT  (RUE DU);48,87305000;2,55931000
202400023574;5;9;2024;17:03;1;92;92025;2;2;1;3;BOUIN (RUE);48,92081933;2,25087716
202400010325;8;8;2024;17:25;1;69;69252;1;1;1;3;Route de la Cote;45,54296217;4,66705517
202400006424;9;8;2024;07:45;1;69;69266;2;9;1;3;Rue de la Poudrette;45,76208097;4,91994008
202400009764;13;9;2024;17:50;1;31;31555;2;1;1;6;CHE D AUDIBERT;43,63671834;1,44244641
202400026261;22;5;2024;21:35;2;75;75120;2;7;9;3;RUE DES CASCADES;48,87275900;2,38962700
202400053781;8;6;2024;00:15;5;75;75104;2;1;1;6;VOIE GEORGES POMPIDOU;48,85089200;2,36113700
202400023820;14;4;2024;20:35;3;51;51001;1;1;1;6;D81;48,80816400;4,51362100
202400053342;11;7;2024;17:15;1;07;07095;1;1;3;1;D 238;44,98598800;4,68272900
202400013353;3;7;2024;17:15;1;14;14229;2;1;1;3;3 Rue Emile Nicol;49,23153300; -0,04706600
202400005071;5;6;2024;09:47;1;971;97120;2;9;1;6;HANNE (BOULEVARD);16,24055000; -61,53315000
202400023795;5;9;2024;08:00;1;91;91136;1;1;3;2;AUTOROUTE A126;48,71179000;2,29116000
202400028233;3;9;2024;15:00;1;973;97309;2;3;1;3;Chemin Germain;4,90296300; -52,27343700
202400039027;13;1;2024;17:55;3;13;13103;1;1;1;6;RTE D' EYGUIERES-RD 17;43,67966000;5,06759000
202400051518;10;6;2024;16:00;1;42;42231;1;1;1;5;N7;46,10065500;3,97872400
202400051535;26;10;2024;22:20;3;66;66211;1;1;1;6;D615;42,57125400;2,77092600
202400047238;29;3;2024;18:00;1;94;94028;2;3;1;3;Avenue du Docteur Paul Casalis / Rue Maurice Utrillo;48,77998077;2,46020906
202400032993;8;11;2024;19:30;5;94;94043;2;6;1;3;Avenue de Fontainebleau;48,80968000;2,36263000
202400009655;4;7;2024;00:24;5;68;68297;2;9;1;3;SEVILLE ( RUE DE );47,60546000;7,54291000
202400008021;26;11;2024;18:30;5;14;14118;2;1;1;2;Avenue de la Côte de Nacre;49,20799000; -0,36202000
202400016777;27;5;2024;07:50;1;972;97209;2;1;1;6;GENERAL DE GAULLE (BLD DU);14,60805000; -61,07251000
202400005158;5;6;2024;11:23;1;75;75117;2;3;1;3;BOULEVARD BESSIERES;48,89739700;2,32311700
202400044769;9;1;2024;00:10;4;75;75114;2;3;4;7;BOULEVARD SAINT JACQUES;48,83205400;2,33950400
202400042910;10;5;2024;17:35;1;67;67218;2;1;1;6;FRANÇOIS MITTERRAND (ALLEE);48,52854000;7,70760000
202400041940;15;6;2024;22:20;4;78;78396;1;1;1;1;PECQ (ROUTE DU);48,91676600;2,11565300
202400023128;6;3;2024;22:00;3;971;97113;2;3;1;3;MONTAUBAN (SECTEUR);16,20823913; -61,49996012
202400046874;30;3;2024;09:30;1;971;97113;1;1;1;7;SECTION MARE-GAILLARD;16,23312000; -61,44140000
202400012950;15;10;2024;13:38;1;69;69259;2;2;1;3;Rue Pierre Stoppa;45,72122000;4,89075000
202400032234;19;7;2024;12:15;1;2A;2A269;1;1;1;1;#857 Strada di Sari#;41,85328494;9,38814926
202400041410;11;5;2024;18:45;1;55;55053;1;1;7;7;D16;49,32724800;5,60403600
202400013298;16;3;2024;16:45;1;974;97417;2;3;1;1;Route Nationale 2; -21,35787400;55,77043700
202400046986;4;1;2024;19:15;3;80;80442;1;1;2;2;D930;49,74117800;3,02269900
202400022347;5;9;2024;18:00;1;75;75117;2;1;2;3;BOULEVARD PERIPHERIQUE INTERIEUR OUEST;48,88398100;2,28527900
202400027912;22;1;2024;19:00;3;60;60057;1;4;2;3;Rue de Crevecoeur;49,46634980;2,07432014
202400019820;17;12;2024;10:19;1;18;18033;2;6;1;6;Avenue Henri Laudier;47,09106000;2,39368000
202400046911;30;3;2024;17:25;1;69;69266;2;5;3;5;Rue Nicolas Garnier;45,75397000;4,91359000
202400024419;23;5;2024;01:10;5;69;69290;2;6;1;6;Rue du Lyonnais;45,70120398;4,89969641
202400033966;29;8;2024;07:50;1;69;69383;2;2;7;2;Cours Lafayette;45,76364000;4,86181000
202400046260;25;9;2024;09:15;1;34;34172;2;9;1;3;LODEVE (AVENUE DE;43,61019200;3,85322200
202400027155;5;3;2024;20:15;5;92;92026;2;3;2;3;ABREUVOIR;48,89102159;2,25514188
202400026783;25;6;2024;16:00;1;75;75111;2;4;1;3;BOULEVARD RICHARD LENOIR;48,85473700;2,36952600
202400010198;12;9;2024;12:14;1;972;97213;2;1;1;6;SCHOELCHER (RUE);14,61477000; -61,00216000
202400048708;3;1;2024;13:15;1;39;39300;2;9;1;3;Route de Voiteur;46,68825400;5,56296200
202400025929;24;1;2024;17:00;2;93;93007;2;6;1;3;Avenue Albert Einstein / Rond point Pablo Néruda;48,94982228;2,46687859
202400003309;6;6;2024;08:45;1;93;93014;2;1;1;6;Allée Fernand Lindet;48,91117000;2,54833000
202400007568;19;3;2024;11:40;1;94;94054;2;2;1;2;Rue Paul Vaillant Couturier / Avenue de la Paix;48,74784000;2,39857000
202400047547;30;3;2024;22:00;4;972;97207;1;1;1;2;N5;14,58194300; -60,98002200
202400051966;21;9;2024;05:45;5;92;92040;2;1;2;6;ARISTIDE BRIAND;48,82123807;2,25574404
202400014367;27;12;2024;22:00;3;06;06104;2;1;1;1;56 Avenue Jean Jaurès;43,75610000;7,44910000
202400049398;29;10;2024;15:31;1;22;22361;1;4;2;3;Avenue des Chevreuils;48,59931300; -2,92254600
202400014006;2;2;2024;21:10;5;94;94058;2;1;1;3;Avenue de Bry;48,83537498;2,49644550
202400019194;29;6;2024;12:25;1;75;75110;2;4;1;6;QUAI DE JEMMAPES;48,87950300;2,36800300
202400034000;29;8;2024;17:30;1;67;67267;2;1;7;6;ALFRED KASTLER (RUE);48,54881000;7,68409000
202400041861;24;8;2024;18:20;2;971;97129;1;1;1;2;Vinty;16,35259100; -61,72874500
202400002446;12;8;2024;23:00;3;76;76390;1;1;1;1;740 Route de Fecamp;49,70688634;0,30730247
202400046023;29;10;2024;21:53;5;87;87114;2;3;1;3;GUILLOT (AVENUE PIERRE-);45,83731000;1,30724000
202400043833;22;2;2024;14:05;1;79;79195;2;3;2;3;;46,95238600; -0,59084800
202400044498;31;10;2024;12:20;1;13;13028;2;2;1;1;SANGNIER (AVENUE MARC);43,17210000;5,59885000
202400051205;16;8;2024;14:35;1;54;54395;2;9;1;3;Avenue du Rhin;48,69505000;6,13818000
202400046346;30;10;2024;19:29;3;59;59130;1;1;1;1;D300;50,87942700;2,22476400
202400012065;16;4;2024;19:00;5;92;92023;2;1;1;2;PAIX (AVENUE DE LA);48,81530925;2,27722174
202400026157;22;5;2024;20:20;1;59;59650;2;1;1;3;CASTEL (RUE JEAN);50,71055800;3,21055500
202400033815;17;1;2024;04:30;5;51;51454;2;1;2;2;NEUFCHATEL (RUE DE) DU N° 123 A FIN (IMP;49,28204100;4,02728000
202400016141;1;2;2024;18:00;2;94;94081;1;1;2;5;A86;48,77414959;2,40719183
202400034080;28;8;2024;23:00;3;10;10387;2;1;1;3;Rue des Bas Trevois;48,29166000;4,08060000
202400023688;27;1;2024;15:25;1;64;64477;1;1;1;1;2514 Bankako errepidea;43,16956300; -1,35764300
202400008579;13;11;2024;17:58;3;74;74262;1;3;1;4;Pont de Bellecombe;46,13363100;6,31256000
202400039231;4;4;2024;00:35;5;75;75116;2;1;1;2;BD PERIPHERIQUE INTERIEUR;48,87121800;2,27333200
202400006076;26;11;2024;18:45;5;49;49246;1;1;2;5;A87;47,42842482; -0,50499020
202400008558;6;2;2024;15:20;1;75;75119;2;1;1;3;AVENUE DE FLANDRE;48,88618200;2,37145000
202400023970;25;1;2024;00:20;5;64;64024;2;6;1;7;CADRAN (ALLEE);43,48373000; -1,50232000
202400016469;10;9;2024;08:25;1;91;91579;1;1;1;3;Route départementale 31;48,55042500;2,34618700
202400044296;7;12;2024;18:08;2;93;93064;2;9;3;6;LAENNEC (RUE);48,87749536;2,49895579
202400049641;22;9;2024;08:00;1;27;27654;1;1;8;7;D80;49,20823400;0,88969900
202400012935;31;5;2024;21:25;1;33;33550;1;1;1;7;;44,77833800; -0,55680300
202400017547;17;9;2024;11:04;1;24;24193;1;4;1;1;Route Madame de Sévigné;44,81566700;0,36570300
202400045842;21;8;2024;16:50;1;15;15188;1;1;2;6;A75;45,01551700;3,15262200
202400006231;26;4;2024;18:43;1;51;51454;2;6;1;3;ROUSSEAU (PLACE MAX);49,26471000;4,01008000
202400010588;31;12;2024;12:05;1;01;01095;1;1;1;1;D42;46,27144700;5,42771000
202400029501;10;4;2024;17:10;1;75;75114;2;1;1;2;BD PERIPHERIQUE INTERIEUR;48,82067800;2,32314500
202400028036;2;9;2024;09:10;1;75;75118;2;2;1;6;BOULEVARD NEY;48,89788000;2,34441600
202400011731;23;4;2024;07:50;2;94;94017;2;6;7;6;Rue de Bernau / Rue du Tunnel;48,81696900;2,52025600
202400039751;20;7;2024;12:31;1;13;13072;1;1;1;1;Chemin Departemental 6;43,46072200;5,62360500
202400022751;9;10;2024;09:30;1;92;92047;1;1;3;7;A13;48,83231571;2,15438418
202400017048;13;3;2024;20:38;5;92;92064;2;1;1;3;MARCEL DASSAULT;48,85515000;2,22288000
202400050093;15;2;2024;12:15;1;987;98735;1;1;1;1;BERNARDINO (RUE); -17,53244000; -149,56656000
202400037876;28;8;2024;08:10;1;07;07294;1;1;1;7;D901;44,30232200;4,24814700
202400033034;14;12;2024;20:00;5;49;49125;2;6;2;6;32 Route de saumur (Doué-la-Fontaine);47,19576282; -0,26403138
202400023728;12;4;2024;07:58;1;02;02168;2;3;1;3;1bis Quai Gambetta;49,04111000;3,40442000
202400004670;9;2;2024;14:00;1;93;93053;2;3;1;3;Rue du Parc / Rue Mozart;48,89450000;2,44360000
202400024779;26;6;2024;21:00;1;59;59183;2;1;1;3;UNIVERSITE - AVENUE;51,03979000;2,37209000
202400022147;30;7;2024;08:41;1;69;69204;2;9;1;6;27 Avenue Georges Clémenceau;45,70023800;4,79545200
202400051004;14;2;2024;13:10;1;75;75119;2;1;1;3;BD PERIPHERIQUE EXTERIEUR;48,90047900;2,37528000
202400040417;4;11;2024;09:45;1;45;45004;2;3;8;3;174 Rue de la Selle;48,00135000;2,75030000
202400003862;9;7;2024;08:08;1;87;87017;1;1;1;6;RN 145 Pk 4+400;46,14410200;1,10077900
202400049752;11;6;2024;12:00;1;91;91064;1;1;1;6;RN 118;48,74810000;2,19770000
202400020074;28;1;2024;12:20;1;14;14614;1;1;1;4;Route de Notre Dame;49,23063700; -0,97032700
202400010260;8;8;2024;08:50;1;18;18103;2;2;1;3;Chemin de Saint Phalier;47,13955200;1,84298300
202400041598;11;5;2024;19:55;1;75;75113;1;1;1;6;A6B;48,81645485;2,35828610
202400019052;28;6;2024;17:50;1;91;91589;2;9;1;6;RUE MARIE CHAUVET;48,67978000;2,34419000
202400002542;12;8;2024;17:55;1;67;67176;1;1;1;1;D1062;48,89454800;7,65821200
202400027280;5;3;2024;15:30;1;972;97213;2;1;1;3;ROUTE DEPARTEMENTALE 14;14,61912000; -61,02124000
202400038496;1;10;2024;15:40;1;37;37035;1;4;2;6;Bisseuil;46,99822300;0,31822300
202400031956;31;8;2024;00:55;3;49;49298;1;1;1;2;A11, PK 275.500, sens PARIS-NANTES;47,46372800; -0,69334000
202400051727;17;8;2024;06:13;2;80;80168;1;1;8;1;D49;50,11424800;2,27665500
202400009843;13;9;2024;16:20;1;75;75101;2;2;1;6;PONT AU CHANGE;48,85723759;2,34709918
202400015120;14;3;2024;17:30;1;75;75103;2;2;1;3;BOULEVARD DE SEBASTOPOL;48,86931300;2,35429900
202400021366;16;11;2024;18:40;5;971;97101;1;2;1;6;BESSON;16,23668000; -61,51254000
202400015248;14;3;2024;07:20;2;27;27261;1;2;5;3;Rue du Levant;49,21894300;0,96098200
202400029915;20;1;2024;16:20;1;93;93007;1;1;1;2;AUTOROUTE A3;48,93859255;2,47983863
202400010874;3;6;2024;16:25;1;14;14609;1;3;1;5;Route de Littry;49,26784700; -0,73848200
202400009060;8;10;2024;12:25;1;971;97113;1;1;2;7;Pont de BLANCHARD;16,22268000; -61,52449000
202400030203;23;7;2024;15:36;1;971;97120;2;1;1;6;RUE EUVREMONT GENE;16,24730540; -61,53863490
202400010152;20;1;2024;18:40;3;19;19275;1;9;1;3;PONTY (ROUTE DE);45,54234000;2,29784000
202400041467;19;7;2024;07:35;1;66;66161;1;3;1;3;;42,60834700;2,40424600
202400015591;22;11;2024;18:55;3;56;56117;2;1;1;6;Place Anne de Bretagne;47,88335500; -2,83234800
202400003616;22;3;2024;16:45;1;95;95582;1;1;1;3;A15;48,96713514;2,25481677
202400045687;13;6;2024;10:50;1;75;75117;2;7;1;1;PLACE DU MARECHAL JUIN;48,88501800;2,29662800
202400053775;1;1;2024;17:10;2;63;63081;1;1;1;6;Chemin rural;45,52527803;3,69984314
202400039419;27;2;2024;17:45;1;13;13117;2;1;1;3;ROUTE NATIONALE 113 - AGNEAU;43,46616949;5,23199255
202400026512;8;10;2024;15:30;1;93;93050;2;1;1;5;MARTYRS DE LA DEPORTATION (RUE);48,85666000;2,52634000
202400026243;19;5;2024;19:30;1;12;12176;1;6;3;3;D901 (ROUTE DE CONQUES);44,37931000;2,56586000
202400020419;30;7;2024;06:45;1;974;97416;1;9;1;6;AUBEPINES(ALLEE DES); -21,33477000;55,48732000
202400024033;30;7;2024;18:00;1;85;85172;1;3;7;1;RD 59;46,80368400; -1,98226500
202400034372;2;10;2024;21:50;5;15;15204;2;1;1;1;RD 120;44,94141300;2,31752500
202400023797;5;9;2024;08:10;2;94;94021;1;1;3;3;A6A;48,77028660;2,34542494
202400021908;15;4;2024;12:35;1;28;28134;1;1;1;2;RN 12;48,74665100;1,39904000
202400020350;3;9;2024;12:10;1;12;12028;1;1;3;1;Les Tannins;44,57266000;2,20756000
202400016743;27;5;2024;21:29;2;14;14060;1;1;1;7;D515;49,24794600; -0,28216800
202400052977;11;7;2024;07:20;1;92;92073;2;1;1;7;ROOSVELT (AVENUE FRANKLIN);48,87431222;2,22077546
202400012103;22;4;2024;23:50;3;50;50041;1;2;1;6;D22;49,64409600; -1,77154500
202400049463;29;10;2024;15:50;1;21;21518;1;1;1;7;D103;47,60448900;4,23037500
202400011098;1;6;2024;19:50;1;02;02141;1;4;2;3;30 Rue du General Debeney;49,97790100;3,90435200
202400006414;27;4;2024;18:15;1;95;95487;2;1;2;6;D929Z;49,15128900;2,29161000
202400041618;11;5;2024;00:15;5;93;93006;1;1;1;5;A3;48,86576613;2,42064352
202400026080;7;1;2024;12:05;1;14;14231;1;1;2;6;438 Rue du Bourg;49,21341100;0,02241100
202400035276;14;5;2024;17:00;1;974;97411;2;1;1;7;BOIS DE NEFLES (ROUTE DE); -20,89292000;55,47905000
202400019462;10;3;2024;02:30;3;92;92036;1;1;2;6;A86;48,93513721;2,26665421
202400051254;12;7;2024;19:40;1;67;67448;1;1;1;7;Route du Donon;48,48245500;7,19722600
202400018425;29;1;2024;17:00;1;92;92019;2;3;1;3;DIVISION LECLERC (AVENUE DE LA);48,76617045;2,25565571
202400037734;27;8;2024;19:00;1;75;75116;2;3;1;2;AVENUE DU PRESIDENT WILSON;48,86515000;2,29880700
202400003494;5;7;2024;20:00;1;74;74006;2;1;1;6;559 Route du chef lieu;46,00095800;6,11788500
202400029332;24;2;2024;17:30;1;13;13203;2;1;1;3;RIVOIRE (RUE);43,31354000;5,37693000
202400011338;4;7;2024;16:30;1;75;75117;2;3;1;3;BOULEVARD D AURELLE DE PALADINES;48,88356400;2,28192400
202400045094;22;2;2024;18:00;2;94;94018;1;1;2;4;A4;48,82545834;2,39268336
202400007030;3;6;2024;18:35;1;14;14437;1;1;1;2;N814;49,17058000; -0,30383000
202400003864;9;7;2024;10:00;1;30;30073;1;1;1;3;D19a;43,95496200;4,55670300
202400041157;10;1;2024;18:30;5;69;69266;2;3;2;3;119 Rue Alexis Perroncel;45,77561107;4,88206105
202400047494;6;5;2024;13:00;1;34;34301;2;9;2;3;JAURES JEAN (RUE);43,40266000;3,69430300
202400047824;23;9;2024;17:40;1;75;75108;2;3;2;3;BOULEVARD HAUSSMANN;48,87520551;2,31435406
202400005090;5;6;2024;13:40;1;73;73011;2;1;1;6;VIBERT (PLACE LEONTINE);45,66696941;6,39011031
202400051776;2;12;2024;12:00;1;75;75101;2;3;1;2;RUE ETIENNE MARCEL;48,86438900;2,34667200
202400002742;8;12;2024;02:20;3;987;98729;2;1;1;7;PK 25.500 Tiahura  RT91; -17,49280500; -149,90501400
202400017472;20;11;2024;09:15;1;92;92046;2;1;8;3;PIERRE BROSSOLETTE (AVENUE);48,82009000;2,31101000
202400011271;4;7;2024;00:15;5;43;43002;2;6;1;1;Avenue de Bonneville;45,04961672;3,88756701
202400029299;4;3;2024;07:25;2;42;42095;1;1;1;7;Rue de Saint-Just-Malmont;45,37843000;4,29143000
202400017931;8;9;2024;00:30;5;13;13209;2;1;1;1;LÉON LACHAMP (ROUTE);43,24900000;5,44080000
202400017783;23;12;2024;17:35;5;14;14366;2;3;1;3;155 Rue Roger Aini;49,14482000;0,25661000
202400050738;18;8;2024;15:45;1;07;07182;1;1;1;6;6 Chemin de Sausse;44,62909200;4,30888800
202400051120;15;2;2024;14:55;1;75;75114;2;3;1;7;RUE D ALESIA;48,82981900;2,32118900
202400044044;7;12;2024;20:20;5;83;83137;2;3;6;1;MALON (AVE BENOIT);43,12391400;5,95385251
202400051986;11;7;2024;06:05;2;973;97302;2;3;1;3;DAMAS (LEON GONTRAN);4,94103000; -52,33360000
202400004249;28;4;2024;04:00;3;67;67430;1;1;1;7;Saint-Pierre-Bois;48,34197079;7,36778710
202400011097;17;10;2024;18:25;2;46;46227;1;1;3;6;D911;44,38521900;1,85653900
202400036207;2;10;2024;19:55;5;93;93051;2;1;1;2;AUGUSTE RODIN (ALLEE);48,83224000;2,55473000
202400031253;2;3;2024;04:45;3;42;42207;1;1;1;5;A47;45,47754000;4,49859000
202400053101;12;7;2024;05:30;3;62;62584;2;1;3;6;D937;50,59057795;2,57258054
202400030127;25;4;2024;19:58;1;64;64269;2;1;1;1;D938;43,28295000; -0,31609000
202400044259;31;10;2024;22:25;3;92;92036;1;1;1;7;AUTOROUTE A86;48,93341570;2,32102811
202400039428;11;5;2024;09:40;1;38;38053;2;6;1;3;ISLE D'ABEAU (ROUTE DE);45,60191000;5,26703000
202400000914;12;8;2024;22:15;5;13;13208;2;1;1;3;MENDES FRANCE (AVENUE);43,25594000;5,37658000
202400019488;18;11;2024;13:20;1;56;56240;1;1;2;7;Kergroes;47,52205500; -2,76918800
202400046565;5;12;2024;17:30;5;41;41018;2;9;2;6;RIFFAULT (RUE EUGENE);47,59080000;1,34092000
202400049113;6;5;2024;07:50;1;32;32045;1;1;1;7;D939;43,45684400;0,40752400
202400013665;21;11;2024;15:00;1;06;06088;2;7;1;3;16 Rue du Congrès;43,69723000;7,26290000
202400005967;28;4;2024;16:05;1;49;49003;1;1;1;6;D761;47,27979600; -0,34674200
202400026233;22;5;2024;13:50;1;13;13005;2;3;1;3;RN 8;43,28380000;5,54269000
202400015627;20;4;2024;16:40;1;86;86236;1;1;1;7;D2;46,67149300;0,81610400
202400010816;28;12;2024;02:35;3;62;62186;1;1;2;7;A21;50,43489627;2,71511855
202400048174;29;10;2024;18:15;3;58;58089;1;1;5;6;La Maison Bleue;47,40020100;3,21818900
202400000808;13;8;2024;21:00;2;24;24520;1;1;1;6;D704;44,90171200;1,19785300
202400002442;20;11;2024;12:45;1;47;47100;2;1;2;1;1 Chemin de Bellevue;44,21631700;0,60549800
202400000263;23;3;2024;20:25;5;64;64122;2;3;1;3;MARCEL DASSAULT (BD);43,45668000; -1,55097000
202400014632;3;8;2024;17:45;1;54;54547;2;2;1;1;Avenue Jeanne d'Arc;48,65814240;6,17767963
202400005880;29;11;2024;18:00;5;09;09306;2;6;1;6;RouteNationale 20;42,84539100;1,60094600
202400022088;16;4;2024;11:30;1;01;01204;1;1;2;1;867 Route de Geneve;46,16401300;5,69446200
202400022715;9;10;2024;12:50;1;72;72183;1;1;3;3;lieu dit les chopinieres;47,68837700;0,49028100