Num_Acc;jour;mois;an;hrmn;lum;dep;com;agg;int;atm;col;adr;lat;long
202400031440;2;3;2024;15:20;1;75;75106;2;4;2;3;RUE D ASSAS;48,84593400;2,33139400
202400023972;3;9;2024;17:55;1;50;50147;2;1;1;3;DIVISION LECLERC;49,06549000; -1,43223000
202400025204;12;11;2024;14:30;1;95;95500;1;1;1;4;A15;49,03753486;2,09060913
202400026801;12;11;2024;18:00;2;49;49007;2;1;1;2;CHAUMIN BOULEVARD;47,45030000; -0,55460000
202400029213;16;12;2024;16:10;1;19;19031;2;1;1;1;JASMIN (AVENUE);45,15690000;1,51309000
202400043336;17;7;2024;18:00;1;87;87190;1;3;1;3;D941;45,91083900;1,61709300
202400027578;23;1;2024;09:00;1;93;93048;2;3;1;6;Boulevard Aristide Briand / Avenue Paul Signac;48,86979000;2,44952000
202400034164;19;7;2024;16:30;1;81;81060;2;2;1;3;THOMAS (AVENUE ALBERT);44,04865000;2,15812000
202400029102;6;3;2024;17:35;1;10;10106;1;1;8;6;RD 951 - PK 24.000 - Sens NOGENT SUR SEINE vers BRAY SUR SEINE;48,45912000;3,41194200
202400027443;12;4;2024;10:30;1;66;66136;2;6;1;6;FLANDRES/DUNKERQUE (CARREFOUR);42,68671000;2,90747000
202400046778;1;4;2024;12:48;1;34;34153;2;1;1;7;Route de Saint Gely;43,72390100;3,81299100
202400030647;11;11;2024;19:40;3;987;98748;2;1;1;2;Vairao Pk 10.200; -17,81000000; -149,24300000
202400050663;15;2;2024;05:00;5;72;72181;2;1;1;6;VOLTAIRE (RUE) N° IMP 1 A 113;48,01210000;0,19050000
202400027144;6;3;2024;00:10;5;93;93005;2;3;2;3;Rue Jean Charcot / Avenue de l'Aulnaysienne;48,93530000;2,49316500
202400050609;27;3;2024;17:10;1;13;13005;2;1;1;3;BLANCARD (PROMENADE PIERRE);43,29513000;5,56020000
202400042884;1;4;2024;16:25;1;94;94042;2;3;1;2;Avenue du Président Wilson / Avenue des Platanes;48,81692700;2,47750100
202400049608;28;3;2024;16:20;1;974;97411;2;1;1;3;BRASSENS (AVENUE GEORGES); -20,90285000;55,48038000
202400002639;29;4;2024;13:00;1;94;94065;1;1;1;3;N186;48,75412388;2,35158219
202400053010;11;7;2024;09:30;1;92;92019;2;2;1;4;DIVISION LECLERC (AVENUE DE LA);48,76385723;2,27183104
202400046409;30;10;2024;16:07;1;52;52107;1;9;1;6;Chantraines;48,22124900;5,24084300
202400004166;27;11;2024;08:53;2;49;49328;2;3;8;3;GAMBETTA (RUE);47,25912000; -0,08265000
202400020064;28;1;2024;16:30;1;02;02235;1;1;1;7;Monument commémoratif dit des Basques (Patrimoine national);49,42946500;3,76118700
202400046721;31;3;2024;20:20;2;86;86092;1;1;1;6;D 22;46,94423400;0,57016800
202400048575;5;1;2024;04:15;3;30;30141;2;1;6;7;Route de Laudun;44,09843400;4,68677400
202400030968;16;12;2024;16:55;2;22;22305;1;3;2;2;D766;48,25632000; -2,16703200
202400034196;30;8;2024;15:15;1;90;90087;2;1;1;7;42 Avenue du Général de Gaulle;47,67007540;6,91937573
202400038428;15;6;2024;22:30;3;59;59012;1;1;1;1;Rue de Trélon;49,99509800;4,09561500
202400008962;3;6;2024;11:40;1;13;13205;2;2;1;3;SAINTE CECILE (RUE);43,28713461;5,39175693
202400013753;11;9;2024;12:45;1;92;92004;2;1;1;3;DOCTEUR DERVAUX  ( QUAI DU );48,91105000;2,29853000
202400048523;2;12;2024;09:25;1;75;75104;2;2;1;6;RUE DES DEUX PONTS;48,85242100;2,35715100
202400010046;25;11;2024;20:15;5;71;71372;2;1;2;1;D466b;46,18521200;4,75395300
202400026449;20;5;2024;11:40;1;84;84007;2;3;1;6;BRAQUE ( RUE GEORGE;43,94144000;4,84721000
202400005267;6;6;2024;09:15;1;85;85024;1;2;1;3;RD21A;46,94616500; -1,89634600
202400051256;16;8;2024;09:17;1;49;49267;2;6;1;3;PELLERINIERE;47,45933000; -0,48507000
202400041187;4;4;2024;09:40;1;92;92051;2;1;2;2;GENERAL LECLERC (BOULEVARD DU, N° 1 A 27;48,88986014;2,26014036
202400049554;13;7;2024;09:45;1;75;75116;2;1;1;6;AVENUE DE L HIPPODROME;48,85821100;2,25471100
202400001973;10;7;2024;06:08;2;66;66141;2;1;1;1;Avenue Jules Ferry;42,74376200;2,91558800
202400042307;1;11;2024;15:00;1;974;97407;2;1;2;6;ROND POINT BUTTE CITRONNELLE; -20,93151000;55,29775000
202400026318;28;7;2024;16:21;1;04;04135;1;4;1;3;D952;43,84486500;6,21795100
202400008719;1;2;2024;15:10;1;33;33114;1;1;1;6;;45,10348600; -0,38063800
202400046471;30;10;2024;19:50;3;13;13028;1;1;1;2;A50;43,20910061;5,62851473
202400040524;28;9;2024;11:15;1;974;97416;2;2;1;3;GANDHI (RUE DU MAHATMA); -21,28306800;55,47095500
202400006194;26;11;2024;15:20;1;75;75101;2;2;1;6;BOULEVARD DE SEBASTOPOL;48,86198500;2,35016500
202400049338;18;8;2024;14:34;1;75;75119;2;3;1;2;AVENUE JEAN JAURES;48,88358600;2,37336500
202400028548;6;10;2024;19:20;2;92;92024;2;1;1;2;VICTOR HUGO (BD);48,89977410;2,31424525
202400022195;5;9;2024;07:35;1;64;64445;2;1;1;6;CHAMPETIER DE RIBES;43,30357000; -0,37824000
202400039817;18;7;2024;08:35;1;976;97611;1;9;1;5;m'tsapere-Nationale 2 (route); -12,79050000;45,22317000
202400024863;15;11;2024;13:30;1;92;92064;1;1;1;4;A13;48,83963957;2,19735978
202400043842;14;6;2024;16:10;1;59;59512;2;1;2;2;Boulevard de Metz;50,70222000;3,18301000
202400021429;9;3;2024;15:05;1;22;22364;1;1;1;7;RN 176- PR 18+200- SENS SAINT-BRIEUC SAINT-MALO;48,44045600; -2,12852100
202400028245;2;9;2024;02:23;3;28;28408;1;1;1;6;A10;48,37883000;1,88803600
202400026304;22;5;2024;19:56;1;92;92048;2;1;1;6;GARDES (ROUTE DES) N° 5 A 51;48,81882000;2,23481000
202400023702;19;12;2024;21:05;5;69;69266;2;3;2;1;Rue Jules Kumer;45,76737000;4,89073000
202400046690;9;1;2024;16:05;1;07;07010;1;1;4;1;122 Avenue Ferdinand Janvier;45,26065900;4,66830170
202400014952;16;10;2024;07:00;2;42;42032;1;1;1;7;Route du Val Fleury;45,52719300;4,53063700
202400007412;19;3;2024;05:40;2;972;97213;1;1;1;6;ROUTE DEPARTEMENTALE 3;14,63550000; -60,99171000
202400041325;3;4;2024;17:15;1;40;40224;2;1;1;3;Chemin de la Plaine;43,54713700; -1,12034800
202400036100;20;7;2024;12:45;1;06;06029;2;1;1;2;19 Avenue Docteur Raymond Picaud;43,55064800;7,00279200
202400019835;7;9;2024;20:25;2;16;16089;1;3;1;3;;45,66884000; -0,32084000
202400040111;7;6;2024;23:20;3;42;42168;1;1;1;6;Route de Chavanay;45,42035300;4,70035700
202400024599;9;10;2024;18:35;2;93;93005;2;6;3;1;POMEREU (AVENUE DE);48,92337617;2,49391803
202400011522;15;3;2024;21:25;5;95;95582;2;1;3;6;D14;48,97151640;2,25814760
202400006348;26;4;2024;05:10;5;75;75108;2;2;1;1;RUE PASQUIER;48,87419200;2,32393900
202400025954;2;9;2024;10:00;1;19;19031;2;2;1;2;ROOSEVELT (AVENUE DU PRESIDENT);45,15753000;1,52398000
202400038906;9;1;2024;17:45;3;57;57540;1;1;1;6;Route de Sarreguemines;48,77570700;7,24981800
202400027288;5;3;2024;20:00;5;91;91027;2;1;1;2;RUE CARON;48,71687500;2,40749200
202400006485;9;2;2024;02:00;5;34;34172;1;1;1;2;A709 PK 11+400;43,58478200;3,89048000
202400035764;7;4;2024;18:05;1;14;14578;1;3;1;3;Route de Honfleur;49,34568587;0,19963864
202400021936;5;9;2024;20:10;2;38;38065;1;1;1;2;A48 PK 60.4;45,43712900;5,41746100
202400027919;19;1;2024;08:25;1;59;59327;1;1;4;7;TOURBIERES (CHEMIN DES);50,38655000;3,18065000
202400007476;6;7;2024;20:43;1;02;02691;2;1;1;6;2 Rue Charles Linne;49,84908000;3,26863000
202400021024;17;11;2024;04:23;3;26;26216;1;1;5;7;Route de Claveyson;45,19481600;4,91558800
202400044589;31;10;2024;19:30;5;92;92040;2;1;1;6;GENERAL DE GAULLE (AVE DU) 32 A 62;48,82011341;2,27972031
202400026703;24;6;2024;15:50;1;69;69290;2;1;1;5;Avenue Jean Jaurès;45,69731000;4,93508000
202400046262;19;8;2024;15:00;1;62;62427;2;1;1;6;Boulevard Gabriel Péri;50,41956000;2,94400000
202400030542;5;10;2024;03:30;3;977;97701;2;1;1;6;route de LORIENT;17,90630400; -62,82368700
202400024472;23;5;2024;08:58;1;19;19031;2;2;1;3;DUMYRAT (RUE);45,15602000;1,52952000
202400002190;29;11;2024;16:20;1;64;64335;1;1;1;3;avenue de santona;43,32567000; -0,40706000
202400019273;30;6;2024;15:45;1;2A;2A362;1;1;1;6;D368;41,74306868;9,19922006
202400010822;30;12;2024;13:50;1;974;97411;2;3;1;3;MAYOTTE (RUE DE); -20,90376000;55,49444000
202400033921;22;7;2024;10:05;1;77;77284;2;1;1;3;ARTISANS (IMPASSE DES);48,95949000;2,90390000
202400048415;11;7;2024;12:10;1;74;74218;2;1;1;1;NOAILLES (AVENUE ANNA DE);46,39500000;6,55300000
202400003934;18;9;2024;12:45;1;42;42261;2;3;1;6;Route de Lyon;45,72086600;4,35322000
202400034072;29;8;2024;05:20;5;17;17306;2;4;3;7;ELECTRICITE (DE L');45,62536800; -1,01416600
202400030072;2;9;2024;14:50;1;77;77176;1;1;1;1;RD402 PK043+000;48,75420800;3,01376200
202400054016;30;11;2024;05:45;3;63;63224;1;1;5;6;ST BEAUZIRE (ROUTE DE);45,86324000;3,14851000
202400038149;17;6;2024;15:30;1;61;61006;2;2;1;3;Voie Communale;48,74661500; -0,02041800
202400007802;27;4;2024;06:00;2;976;97612;1;1;1;1;RN 1; -12,70238500;45,06047800
202400026196;4;9;2024;13:15;1;30;30095;1;1;1;3;D45;43,86508200;3,93610600
202400025613;26;1;2024;09:35;1;26;26271;1;2;1;5;Route du Dauphiné;45,02505976;4,86825228
202400031624;18;1;2024;15:40;1;69;69290;2;3;2;3;Avenue Henri Germain;45,70222070;4,90120606
202400021679;27;1;2024;13:40;1;13;13203;2;1;1;7;GIBBES (TRAVERSE);43,31803877;5,37817115
202400045467;14;7;2024;10:58;1;80;80021;2;1;1;6;Rue de Rouen;49,88499000;2,26512000
202400001157;5;6;2024;18:10;1;21;21054;2;1;1;6;Route de Pommard;47,01683200;4,82321600
202400019610;17;4;2024;16:15;1;06;06088;2;8;1;6;Boulevard René Cassin;43,67494200;7,22711600
202400000986;12;2;2024;11:08;1;92;92040;2;1;1;6;GALLIENI (BOULEVARD);48,82851626;2,26747146
202400005518;6;3;2024;09:50;1;44;44109;2;6;8;3;13 Rue Gaëtan Rondeau;47,20678936; -1,53329691
202400017776;29;1;2024;19:15;3;62;62457;1;1;1;2;D301;50,45125778;2,55144739
202400041966;28;9;2024;19:20;1;15;15014;2;1;2;7;Chemin de Coissy;44,91531000;2,44479000
202400039797;27;5;2024;10:50;1;74;74221;2;1;1;6;116 Route de la colombière;46,01326300;6,53489100
202400005013;8;2;2024;09:05;1;93;93005;2;9;8;1;Rue des Arts;48,94307000;2,50372400
202400044165;2;11;2024;17:30;1;40;40090;1;1;1;6;D58;43,65803000; -0,81191500
202400033238;17;5;2024;16:15;1;93;93005;2;1;1;3;Route de Bondy;48,92544400;2,49073600
202400032888;8;11;2024;19:25;5;51;51454;2;1;1;3;JAURES 'AVENUE JEAN) DU N° 1 N° 59 ET DU;49,25766700;4,03978000
202400048431;23;9;2024;14:48;1;64;64189;2;2;1;3;MITTERRAND FRANCOIS  (AVENUE);43,38260773; -1,66648328
202400045017;1;4;2024;13:04;1;93;93046;2;3;1;3;Rue Jacob / Allée Violette;48,92716000;2,54284000
202400031241;27;2;2024;07:30;1;26;26313;2;2;1;3;Rue de la Roche;44,96426300;4,94108500
202400041503;3;4;2024;07:50;1;971;97105;2;1;7;6;BOLOGNE (ROUTE DE);16,00757000; -61,73047000
202400038462;17;6;2024;16:15;1;92;92063;1;1;1;2;A86;48,87817333;2,16337162
202400047998;18;8;2024;23:40;3;13;13039;1;1;1;2;ROUTE NATIONALE 569;43,46236476;4,92229387
202400009759;24;11;2024;14:35;1;91;91201;2;3;1;6;BD HENRI BARBUSSE;48,69028700;2,41112100
202400008640;1;8;2024;10:30;1;62;62160;2;1;1;6;Rue Edmond Rostand;50,72527387;1,60334176
202400003403;7;6;2024;08:44;1;66;66013;1;1;1;3;;42,57605800;2,51863700
202400008909;28;8;2024;13:00;1;27;27082;1;1;1;1;D830;49,00226600;1,05108300
202400015727;19;11;2024;08:00;1;973;97302;2;1;1;3;BADUEL (ROUTE DE);4,93526401; -52,31248882
202400026263;2;9;2024;09:50;1;80;80410;2;1;1;3;Rue Andre Audinot;49,74463000;3,07134400
202400002363;27;4;2024;13:30;1;76;76447;2;3;2;3;Avenue Antoine de Saint-Exupéry;49,55036000;0,17502000
202400026139;22;5;2024;10:30;1;78;78372;2;1;1;3;ABREUVOIR (AVENUE DE L');48,86794000;2,10193000
202400025014;26;6;2024;18:30;5;987;98715;2;1;1;3;RT1 - Face à la Mairie; -17,55291200; -149,59953700
202400031963;17;5;2024;08:20;1;13;13215;2;1;1;1;LE CHATELIER;43,34630000;5,36657000
202400002869;22;10;2024;22:25;3;59;59153;1;1;1;1;D935;50,44500000;3,59000000
202400043778;22;2;2024;17:30;2;92;92062;2;1;2;6;GENERAL DE GAULLE (AV) DU 44 AU 106;48,88787232;2,23406553
202400009805;13;9;2024;08:40;1;06;06069;2;1;1;6;46 Avenue Victoria;43,66369700;6,93173600
202400042395;28;9;2024;01:15;3;77;77249;1;1;2;7;RN104;48,75764700;2,61536400
202400048298;20;8;2024;11:20;1;68;68292;2;1;1;7;9 Rue de la Gare;47,87233800;7,03007000
202400049152;6;5;2024;02:10;4;86;86082;1;1;2;6;Valence-en-Poitou;46,33653500;0,18588700
202400046612;29;10;2024;14:30;1;69;69259;2;1;1;3;Avenue Francis de Pressensé;45,72334547;4,86523210
202400025418;6;3;2024;21:55;5;82;82033;2;1;1;6;Route de Toulouse;44,03476000;1,11675000
202400026594;8;10;2024;13:30;1;93;93010;1;1;1;2;AUTOROUTE A3;48,90653393;2,47247712
202400002831;9;2;2024;07:50;2;46;46042;1;1;2;1;VIEILLE ROUTE DE PARIS;44,49763000;1,45139000
202400050452;26;10;2024;11:10;2;973;97309;2;1;1;7;TIGRE (ROUTE DU);4,91012000; -52,30814000
202400028810;13;11;2024;15:40;1;06;06161;2;1;1;1;1544 Boulevard Nationale 7;43,62843800;7,13320600
202400050883;3;1;2024;11:25;1;69;69383;2;2;1;6;Pont Lafayette;45,76356000;4,84108000
202400008538;31;1;2024;18:00;2;13;13056;2;3;1;1;GAULLE AVENUE CHARLES DE;43,39843000;5,07106000
202400025898;2;9;2024;15:15;1;49;49323;2;1;3;6;A87N;47,49565081; -0,49884365
202400025800;23;1;2024;18:35;5;38;38185;2;1;1;6;RUE JEAN BART;45,17739000;5,74307000
202400051111;15;2;2024;17:35;5;75;75115;2;2;1;3;AVENUE DE SUFFREN;48,84941100;2,30376700
202400007176;19;10;2024;10:20;1;73;73162;1;1;1;6;Route du chateau;45,61994396;6,27525442
202400046901;5;1;2024;17:05;2;76;76695;1;2;1;3;Route de la Flamme Olympique;49,66070400;0,51203400
202400014889;11;5;2024;06:46;2;68;68166;2;1;1;1;GUEBWILLER (RUE DE);47,78893000;7,31552000
202400011073;29;5;2024;12:50;1;59;59074;2;1;8;3;Rue Gambetta;50,08646600;3,44398300
202400052121;21;9;2024;20:15;5;34;34300;2;2;1;3;Grand Rue;43,42534900;3,30577400
202400011763;11;9;2024;17:53;1;01;01289;1;2;3;3;LENT ( ROUTE DE );46,16491000;5,22067000
202400008043;25;4;2024;08:40;1;31;31555;1;1;1;3;ECHANGEUR L'UNION  (A61/A62);43,63467250;1,47779118
202400034379;22;6;2024;00:10;5;06;06085;2;1;1;6;224a Avenue de la Plaine;43,61039900;6,97580300
202400004017;16;9;2024;10:04;1;87;87085;2;1;1;6;PERRIN (RUE FRANCOIS);45,82377000;1,22389000
202400041883;15;6;2024;05:30;2;77;77053;1;1;1;7;RN104;48,68202700;2,60289400
202400048868;17;2;2024;21:05;3;84;84049;1;1;1;6;D7;44,17030000;4,99785700
202400005611;20;3;2024;11:30;1;13;13209;2;1;1;3;GUSTAVE GANAY (BOULEVARD);43,26580651;5,39972215
202400018174;2;8;2024;18:35;2;971;97129;1;1;1;6;Morne Rouge;16,30326300; -61,65879800
202400014748;30;5;2024;19:00;1;06;06027;2;1;1;3;Promenade de la Plage;43,65636500;7,17698900
202400006014;16;9;2024;15:20;1;79;79308;1;1;1;2;;46,36542900; -0,49390700
202400033898;16;5;2024;21:20;1;92;92012;2;1;1;7;BELLEVUE (RUE DE) 73/FIN - 80/FIN;48,83561762;2,23070133
202400030862;10;11;2024;17:50;5;30;30135;2;3;1;3;11 Rue Theophile Michel;43,82819200;4,55151300
202400009481;18;3;2024;11:30;1;84;84019;2;3;1;6;Rue Honore Daumier;44,27397900;4,74416300
202400036905;12;12;2024;18:20;3;77;77495;1;1;1;2;A5B;48,58667714;2,63683062
202400026968;13;11;2024;16:20;1;68;68318;2;1;1;1;4 Rue de Westhalten;47,95708000;7,24658700
202400048351;4;7;2024;07:55;1;44;44109;2;6;1;3;373 Route de Sainte Luce;47,24672320; -1,49471429
202400020280;27;1;2024;11:20;1;67;67180;2;3;1;1;MARCHE AUX GRAINS (RUE DU);48,81350000;7,79211000
202400004120;25;11;2024;08:20;3;72;72181;2;9;3;6;NEGRIER GENERAL (BD) N° IMP;48,01010000;0,20690000
202400006917;7;2;2024;14:15;1;72;72154;2;1;2;6;Boulevard de la République;47,69810100; -0,06995200
202400040269;16;6;2024;16:20;1;75;75115;2;3;2;3;BOULEVARD PASTEUR;48,84296900;2,31282000
202400023331;9;3;2024;06:00;3;25;25147;1;1;1;1;D673;47,20667600;5,89714200
202400044016;22;8;2024;17:20;1;37;37216;2;2;1;3;route de sainte catherine;47,15946800;0,57437100
202400010164;11;9;2024;16:40;1;973;97302;1;1;1;4;ROUTE NATIONALE 3;4,90553000; -52,32033000
202400020832;9;10;2024;07:54;1;33;33550;1;1;2;4;;44,77771200; -0,56189100
202400021489;20;12;2024;17:30;2;33;33063;2;3;2;1;;44,84962935; -0,57523191
202400049584;18;8;2024;19:02;1;34;34150;1;1;1;1;D612;43,32074600;3,55141200
202400044710;8;1;2024;19:06;5;64;64102;2;1;1;6;BARTHES (CHEMIN DES);43,49286000; -1,49525000
202400052807;25;3;2024;16:30;1;69;69271;1;2;1;1;Boulevard Charles de Gaulle;45,74325000;4,93714000
202400003002;9;2;2024;06:15;2;974;97407;1;9;1;7;ROUTE DU SACRE COEUR; -20,95430000;55,30865000
202400030763;22;6;2024;22:17;5;13;13210;2;1;2;6;ROMAIN ROLLAND (BOULEVARD);43,27485000;5,41561000
202400025649;20;5;2024;20:10;1;91;91534;1;1;2;6;RN 118;48,73257000;2,16762000
202400003777;8;7;2024;04:50;2;25;25056;2;2;1;3;BERTHELOT RUE;47,23554000;5,98280000
202400051693;3;5;2024;20:50;2;34;34301;2;3;1;3;IRIS (RUE DES);43,40000000;3,68300000
202400005141;5;6;2024;18:55;1;14;14333;2;1;1;3;avenue des hauts bords;49,40003000;0,24099000
202400044779;9;1;2024;15:30;1;75;75104;2;2;8;3;RUE DE RIVOLI;48,85626800;2,35660700
202400014082;2;2;2024;18:15;3;76;76543;1;2;8;3;D149;49,61096900;0,49764900
202400029996;1;9;2024;13:15;1;70;70299;2;6;1;6;Rue du Val Fleuri;47,62531400;5,78101600
202400050128;13;7;2024;21:55;2;42;42094;1;1;1;7;Chemin de l'Eazillée;45,73421600;4,21833200
202400011169;17;10;2024;00:51;3;92;92048;1;1;2;3;N118;48,81130205;2,21297347
202400018556;24;7;2024;17:20;1;27;27033;1;2;1;3;D142;49,08853000;1,03764700
202400003851;7;7;2024;12:10;1;34;34261;1;1;7;7;D4;43,74856000;3,58154300
202400032309;4;10;2024;17:30;1;02;02309;1;1;1;2;départementale 1044;49,51795100;3,75279700
202400021841;28;1;2024;03:25;3;49;49200;1;1;1;7;D775;47,54484400; -0,65435200
202400009993;14;9;2024;11:00;1;14;14570;1;2;1;3;2282 Route d'Orbec (La Chapelle-Yvon);49,06954300;0,33010500
202400008075;26;11;2024;12:40;1;75;75116;2;1;1;6;RUE DE LA POMPE;48,86314000;2,27651400
202400050728;23;9;2024;07:10;2;49;49228;1;2;8;4;intersection D767/ D207;47,44858000;0,07793400
202400051896;13;2;2024;22:00;5;972;97209;2;1;1;1;FELIX EBOUE (RUE);14,60622000; -61,06702000
202400050888;15;2;2024;08:10;1;27;27562;2;3;1;2;ROUEN (ROUTE DE );49,10409900;1,46246300
202400003078;24;10;2024;07:15;2;08;08361;1;4;1;3;D988;49,85165400;4,61960100
202400043160;8;1;2024;16:40;1;974;97416;2;3;1;6;MITTERAND (AVENUE DU PDT); -21,34535000;55,48532000
202400015025;14;10;2024;08:00;1;72;72181;2;1;1;3;CHAMPION HENRI (RUE) N° IMP;47,98241000;0,22807000
202400039080;12;1;2024;19:30;5;75;75109;2;3;1;2;BOULEVARD HAUSSMANN;48,87235600;2,33745700
202400018906;13;10;2024;19:10;2;78;78615;1;1;1;1;RD 119;48,84793700;1,89791200
202400013507;1;7;2024;16:45;1;57;57631;2;3;1;3;MONTAGNE (RUE DE LA);49,10901000;7,06354000
202400046998;19;2;2024;09:42;1;88;88251;1;1;8;6;D32;48,32923300;6,77732500
202400033606;16;5;2024;20:00;1;77;77196;1;1;1;6;RN3 (ROUTE NATIONALE);48,94911163;2,75506689
202400030443;5;10;2024;19:35;1;59;59122;2;1;1;6;SOUFFLETS (RUE DES);50,16511000;3,24834000
202400010584;4;2;2024;19:00;3;86;86293;1;1;1;3;D27;46,43388800;0,24026200
202400047593;12;6;2024;07:30;1;93;93066;2;1;1;3;Avenue du Président Wilson;48,90711000;2,35804000
202400049741;17;2;2024;17:00;2;45;45322;1;1;7;1;D2060 PR 16 + 332;48,01830514;2,88512421
202400023812;14;4;2024;18:20;1;93;93050;2;2;1;1;Rue de l'Amiral Courbet / Rue Ledru Rollin;48,85515000;2,53323000
202400004049;11;9;2024;13:10;1;62;62065;2;1;1;2;Rue Charles Helle;50,40398456;2,83560365
202400042202;8;12;2024;09:08;1;92;92047;1;1;2;3;A13;48,83397544;2,16646875
202400039290;20;2;2024;08:01;1;29;29232;2;1;2;2;1 Rue de Kerivoal;48,00643000; -4,10749700
202400018170;8;9;2024;00:48;3;25;25405;1;1;3;6;D204;46,83022200;6,34416500
202400034383;3;10;2024;13:45;1;60;60021;1;2;7;1;intersection 1032 d575;49,59503844;3,12141323
202400037809;5;4;2024;06:10;2;974;97416;1;9;1;3;DE VILLIERS 5CHEMIN ADAM); -21,30656000;55,42669000
202400050424;4;12;2024;08:00;2;19;19123;2;1;5;3;7 Rue Du Bessot;45,16364099;1,56876639
202400021223;10;3;2024;16:35;5;94;94017;1;1;1;5;A4;48,82736313;2,50739886
202400049804;16;2;2024;14:30;1;04;04094;1;1;1;1;D4;43,78683400;5,82331200
202400018871;12;10;2024;06:00;3;82;82051;1;1;1;6;Route de Lauzerte;44,19571300;1,14528200
202400043415;11;5;2024;13:03;1;74;74010;2;6;1;6;CHARLES DE GAULLE (PLACE);45,91203000;6,13150000
202400001401;30;11;2024;18:20;3;972;97229;1;1;1;6;Fond Bernier;14,62882900; -61,11616000
202400004306;16;9;2024;16:40;1;13;13103;1;1;1;2;Autoroute A7 - PK 231+000 - sens LYON /MARSEILLE;43,67507300;5,09525300
202400004327;14;11;2024;03:00;3;21;21599;1;1;1;1;A31;47,64748400;5,17836400
202400033986;29;8;2024;19:14;1;77;77251;2;1;1;6;ALL DE L'AVANT-SCENE;48,61824000;2,54624000
202400004760;11;8;2024;12:55;1;71;71176;2;1;1;2;76 Avenue du General de Gaulle;46,48418000;3,98732000
202400047317;20;8;2024;16:30;1;56;56174;2;1;1;7;30 Chemin des Petits Bois;47,88909000; -2,84984700
202400033580;8;4;2024;05:15;5;83;83137;2;1;1;6;GASQUET (AVE JOSEPH DE 1408 A FIN;43,12288879;5,97095120
202400017818;8;9;2024;15:00;1;972;97208;1;1;2;6;BALATA (ROUTE DE);14,70819000; -61,09364000
202400035753;15;5;2024;08:00;1;94;94034;1;1;1;3;A86;48,75623447;2,33600515
202400028071;22;7;2024;04:00;5;92;92036;1;2;1;3;SORTIE A 86;48,93583210;2,27971941
202400000812;30;4;2024;14:00;1;75;75116;2;1;1;3;BD PERIPHERIQUE EXTERIEUR;48,87388971;2,27520669
202400050066;16;2;2024;08:00;1;93;93010;1;1;1;3;A3;48,88893243;2,47376801
202400018210;2;8;2024;17:45;1;71;71299;1;1;1;6;N79;46,35402200;4,70216700
202400052012;3;5;2024;17:25;1;75;75112;2;3;1;6;RUE CLAUDE DECAEN;48,83672200;2,39845300
202400032015;7;8;2024;07:45;1;69;69009;1;1;1;3;Autoroute 6 ;45,93917000;4,72420000
202400004940;28;6;2024;09:30;1;44;44143;2;1;1;6;1 Rue Victor Hugo;47,18904500; -1,55180120
202400051912;20;9;2024;12:15;1;94;94070;1;1;1;5;route de PARIS;48,71715000;2,57130000
202400030265;23;7;2024;23:20;5;33;33162;2;2;1;6;;44,86482000; -0,66458000
202400025988;17;1;2024;06:55;3;51;51237;1;1;9;6;Esternay;48,73177000;3,59768600
202400038831;6;12;2024;07:49;5;56;56121;2;1;1;2;Pont des Indes;47,75741900; -3,35489970
202400045169;17;7;2024;13:30;1;44;44215;2;1;1;7;7Ter Rue de la Maladrie;47,18591600; -1,49321900
202400013735;20;11;2024;18:46;5;92;92051;2;1;8;6;GENERAL KOENIG (BOULEVARD DU);48,88484000;2,25503000
202400004108;25;4;2024;14:10;1;67;67180;2;1;1;3;EXUPERY (RUE SAINT);48,79357000;7,80761000
202400003636;10;7;2024;13:10;1;65;65463;1;1;1;2;D918;42,87896400;0,02444000
202400013877;17;2;2024;09:25;1;74;74256;2;1;1;6;rue St Eloi;45,93585200;6,62950300
202400034110;29;8;2024;21:20;5;75;75111;2;4;2;3;BOULEVARD VOLTAIRE;48,85285700;2,38850600
202400031620;19;1;2024;15:40;1;69;69290;1;3;1;3;Route de Lyon;45,70349000;4,91463000
202400011101;16;10;2024;20:40;3;19;19072;1;1;2;3;;45,21049000;1,51608100
202400005160;20;10;2024;13:52;1;67;67365;2;1;1;6;FRERES (RUE DES);48,55609000;7,70885000
202400008384;26;11;2024;13:05;1;33;33550;1;1;1;2;;44,77861700; -0,55649700
202400012636;2;2;2024;15:20;1;16;16015;2;1;1;3;BASSEAU (RUE DE N° 1 A 237);45,65102800;0,14280080
202400003012;10;9;2024;05:55;1;972;97213;1;1;1;3;ROUTE DEPARTEMENTALE 3;14,60277000; -60,99774900
202400050450;3;12;2024;18:50;5;31;31455;2;1;1;6;D627;43,25707410;1,19905500
202400024984;27;6;2024;11:20;1;16;16308;1;1;1;3;;45,89707000;0,45571800
202400052969;10;7;2024;00:16;5;93;93014;2;3;1;3;Allée de Bellevue / Rue des Prés;48,91670173;2,54638106