Num_Acc;jour;mois;an;hrmn;lum;dep;com;agg;int;atm;col;adr;lat;long
202400005848;6;7;2024;12:50;1;51;51172;2;1;1;6;BLANCS MONTS (RUE);49,21654000;4,05784000
202400028613;5;10;2024;18:10;1;2B;2B307;1;1;1;2;T10;42,38447200;9,53033300
202400018697;27;5;2024;22:00;2;22;22187;2;9;1;6;Martin Plage (rue de );48,54911000; -2,73329000
202400001123;10;2;2024;10:45;1;75;75117;2;2;2;6;RUE JACQUES KELLNER;48,89584800;2,32673600
202400017693;24;12;2024;16:10;1;91;91201;2;1;2;5;RUE EUGENE DELACROIX;48,68113096;2,42799273
202400000174;24;3;2024;14:40;1;83;83116;1;1;1;1;D560;43,45439500;5,87657500
202400049236;5;12;2024;16:30;2;73;73330;1;1;1;1;D1504;45,69766400;5,79344800
202400043883;16;7;2024;17:05;1;94;94021;2;1;1;2;Av du Pdt Franklin Roosevelt;48,77065800;2,36302700
202400026047;24;1;2024;08:00;5;37;37109;2;1;1;6;72 Avenue du Général de Gaulle;47,40473260;0,61389823
202400031307;2;3;2024;16:00;1;64;64445;2;1;2;6;ETIGNY D';43,29680000; -0,38700000
202400014992;15;10;2024;15:52;1;59;59595;1;1;1;1;D630;50,22218219;3,31019573
202400005804;6;7;2024;16:25;1;972;97209;1;1;1;7;RN9;14,60811000; -61,04229000
202400040659;2;11;2024;22:20;5;37;37261;2;1;1;6;FUYE( RUE DE LE );47,38902000;0,70270000
202400036595;18;6;2024;17:40;1;69;69204;1;2;1;1;Route de Brignais;45,70461700;4,76791400
202400044347;7;12;2024;00:30;3;50;50487;1;1;2;6;A84;48,54179019; -1,34086154
202400007697;5;7;2024;20:40;1;77;77350;2;3;1;6;AV DU GENERAL LECLERC;48,77185000;2,67545000
202400042226;8;12;2024;08:45;1;95;95028;1;1;3;6;N104;49,06003257;2,35477455
202400016832;14;10;2024;17:40;1;62;62019;1;1;2;2;A26;50,42387430;2,71886946
202400009226;18;10;2024;08:00;2;92;92036;2;1;2;2;MARCEL PAUL (AVENUE) (2/50);48,93356000;2,30277000
202400039279;4;4;2024;19:10;1;93;93077;2;3;1;6;Avenue de Rosny / Rue Poussin;48,88476000;2,50628000
202400048060;19;8;2024;09:15;1;75;75119;2;1;1;1;RUE DE BELLEVILLE;48,87650900;2,40429800
202400000440;16;9;2024;22:00;3;95;95582;1;1;1;2;A15;48,97105157;2,24878136
202400000851;14;8;2024;08:10;1;14;14488;2;3;1;2;153 Avenue du Grand Large;49,27334200; -0,25406400
202400003571;9;7;2024;17:45;1;12;12224;2;1;1;7;Route des Plantiers;44,46974500;2,96890000
202400001439;23;10;2024;07:20;5;37;37233;2;6;1;3;FARGES (AVENUE YVES);47,38488000;0,73688000
202400040572;30;10;2024;18:45;3;87;87140;1;1;1;1;Route des Séguines;45,89447400;0,95828900
202400052212;11;7;2024;12:09;1;64;64129;2;1;1;7;BAYONNE DE;43,30513000; -0,40196000
202400039373;18;2;2024;03:40;4;19;19031;2;1;1;6;SEMARD (AVENUE PIERRE) JUSQU'A N° 73 - 6;45,15521754;1,51546347
202400043487;14;4;2024;13:05;1;971;97120;2;1;1;6;RASPAIL;16,23019000; -61,53129000
202400053498;9;7;2024;02:50;3;78;78513;1;1;1;6;Route Nationale 12;48,79846900;1,75342500
202400022823;27;6;2024;17:10;1;77;77122;2;1;1;2;RUE SOMMEVILLE;48,66446600;2,56952900
202400047529;31;3;2024;09:50;1;62;62837;1;1;1;6;D131;50,65087236;2,03819710
202400032938;7;11;2024;13:45;1;27;27229;2;1;1;3;JANIN (BOULEVARD JULES);49,02623000;1,15800000
202400006294;27;11;2024;15:55;1;34;34166;1;3;1;6;D128 montblanc;43,35725500;3,33209800
202400010891;17;10;2024;09:30;1;77;77335;1;1;1;3;N3;48,95898335;2,82995770
202400002023;16;9;2024;03:05;4;33;33167;1;1;1;6;;44,81954000; -0,51984000
202400044886;9;1;2024;16:00;1;06;06085;2;1;1;1;Chemin de Carimaï;43,57547500;6,97844800
202400024675;8;10;2024;07:00;1;973;97302;2;1;1;3;ZEPHIR (ROCADE);4,93456000; -52,30845000
202400044542;30;10;2024;22:40;5;75;75105;2;2;1;3;RUE MONGE;48,84660100;2,35165500
202400027506;12;4;2024;21:16;5;37;37261;2;1;1;7;PONT CHER (AVENUE DE);47,36800000;0,67606000
202400027591;23;1;2024;15:08;1;92;92050;2;3;1;2;PAQUERETTES RUE DES;48,90851438;2,21487410
202400013587;22;11;2024;15:00;1;56;56098;2;2;1;3;Rue Gérard Philipe;47,76672000; -3,35906000
202400040428;1;11;2024;19:45;5;42;42207;2;2;1;3;Quai de la Rive;45,47905000;4,51555000
202400053854;6;7;2024;17:32;1;87;87085;2;3;1;3;MONTJOVIS (AVENUE);45,83856000;1,24775000
202400036530;28;4;2024;11:30;1;93;93048;2;1;1;3;Rue de Paris;48,85498745;2,41870071
202400000652;1;5;2024;11:15;1;91;91161;1;1;1;7;AUTOROUTE A6;48,70530000;2,30579000
202400041160;10;1;2024;18:05;5;69;69264;2;6;2;3;Avenue de l’Europe;45,98925016;4,74338432
202400025627;25;1;2024;16:36;2;85;85302;1;1;2;5;RD 160;46,92993900; -0,98967600
202400027133;6;3;2024;17:05;1;93;93066;2;1;1;3;Rue du Languedoc;48,92586800;2,37251200
202400040805;1;11;2024;14:15;1;01;01012;1;1;1;1;D102;45,99678300;5,50968600
202400026970;25;6;2024;07:50;1;94;94038;1;1;1;4;A6A;48,77318113;2,34587558
202400010679;3;8;2024;13:45;1;16;16175;1;1;1;7;;45,46758500;0,00152800
202400025901;24;1;2024;20:50;5;94;94003;2;1;1;6;9 Avenue du President Nelson Mandela;48,81140700;2,32755700
202400051539;22;9;2024;00:30;5;45;45147;2;3;2;3;143bis Rue Marcellin Berthelot;47,92831000;1,91613000
202400015622;21;4;2024;05:00;3;974;97422;1;1;1;6;Rue Charles Baudelaire; -21,24912700;55,49776900
202400047273;25;4;2024;04:45;3;74;74074;1;3;1;3;D1206;46,11244100;5,92035100
202400054125;1;1;2024;04:10;3;24;24375;1;1;2;7;D46;44,73100400;1,27046600
202400039388;6;4;2024;11:40;1;63;63426;1;4;1;3;RD922 / impasse Saraille;45,56811200;2,63221300
202400008551;26;12;2024;11:50;1;35;35319;1;4;1;3;Les Coudraies;48,02831053; -1,94182545
202400047912;15;10;2024;16:46;1;12;12202;2;4;1;3;DE LATTRE DE TASSIGNY (BOULEVARD);44,34485000;2,56634000
202400023102;9;3;2024;11:51;1;91;91286;1;1;1;4;AUTOROUTE A6;48,64806000;2,38628000
202400040325;10;12;2024;18:30;5;92;92026;2;1;1;7;VERDUN (DE 62 A FIN);48,90109706;2,26021738
202400018897;13;10;2024;05:35;3;01;01204;1;1;2;6;A40;46,16461000;5,70113500
202400042684;3;8;2024;17:28;1;43;43144;1;1;1;3;Route des Barthes;44,93867986;4,11379882
202400039629;28;2;2024;21:20;5;92;92063;2;2;1;3;ESTIENNE D'ORVES (RUE D');48,88709749;2,17952371
202400017813;16;4;2024;17:45;1;11;11069;2;1;1;2;48 Bd Louis Joseph Gay Lussac;43,20906000;2,32487000
202400040516;18;5;2024;23:28;3;62;62757;1;1;1;3;D206;50,75508000;2,20567000
202400016243;13;5;2024;05:25;2;13;13052;2;6;1;7;RD5;43,83462700;4,78642300
202400010128;18;8;2024;13:40;1;84;84081;2;3;1;3;Rue Henri Manguin;43,95325100;4,89613700
202400001535;23;10;2024;19:50;5;40;40046;2;3;1;3;888 Avenue Marechal Lyautey;44,38905500; -1,15793400
202400021893;29;7;2024;11:15;1;75;75120;2;1;1;3;BD PERIPHERIQUE INTERIEUR ;48,86515300;2,41321500
202400042547;7;12;2024;22:20;3;29;29212;1;1;6;6;route du Mengant;48,35503000; -4,59055800
202400030146;31;8;2024;20:00;1;93;93066;1;1;1;2;AUTOROUTE A1;48,92901494;2,35961726
202400003222;5;6;2024;09:45;1;28;28220;2;1;1;3;MARCEAU (RUE);48,42513000;1,47997000
202400048126;29;10;2024;17:22;2;92;92040;2;6;1;2;VICTOR HUGO (ROND-POINT);48,82791956;2,27404431
202400024334;20;5;2024;18:40;1;59;59501;1;1;1;3;AUTOROUTE A 21;50,37647000;3,23793000
202400003605;21;3;2024;04:35;4;59;59359;1;1;1;5;AUTOROUTE A16;50,98405000;2,22903000
202400028962;11;11;2024;19:45;5;13;13207;2;1;1;3;Corniche John Fitzgérald Kennedy;43,27494000;5,36106000
202400017584;18;11;2024;17:44;5;64;64102;2;6;1;2;FAIENCERIE(Rond Point de la);43,49376000; -1,49160000
202400034642;8;11;2024;19:10;3;92;92048;1;1;1;3;N118;48,79826952;2,21648752
202400003793;20;3;2024;17:15;1;94;94011;2;6;1;2;Avenue Rhin et Danube / Avenue de Boissy;48,76844000;2,48844000
202400046980;29;3;2024;14:30;1;34;34172;2;2;1;3;TOULOUSE (AVENUE DE;43,59737000;3,86418000
202400025182;6;3;2024;21:45;5;75;75109;2;3;1;3;RUE LA FAYETTE;48,87652800;2,34652000
202400013239;15;3;2024;19:45;5;93;93001;2;5;2;3;Boulevard Anatole France / Avenue du Président Roosevelt;48,91504389;2,38124728
202400043689;14;6;2024;18:55;1;91;91589;2;1;1;3;RUE CHATEAUBRIAND;48,67790000;2,35694000
202400000862;12;8;2024;18:20;1;94;94069;1;1;1;4;A4;48,81687460;2,44756528
202400028977;10;11;2024;19:05;5;93;93051;2;1;1;1;JULES FERRY (NR PAIRS );48,84586000;2,57278000
202400007097;19;10;2024;17:30;1;92;92076;1;1;2;7;REPUBLIQUE;48,83709213;2,14936182
202400030611;24;6;2024;05:40;2;83;83097;1;1;1;6;Autoroute A8 PK 45+600 SUD;43,48109286;5,74209243
202400009027;3;6;2024;20:28;2;25;25620;1;1;2;1;D437;47,00864800;6,48047600
202400043904;14;6;2024;01:19;5;37;37261;2;2;1;3;BERANGER (BOULEVARD);47,38951000;0,68269000
202400035683;16;1;2024;08:26;2;75;75107;2;2;1;6;RUE DE GRENELLE;48,85501300;2,32456100
202400021727;19;12;2024;15:45;1;80;80021;1;1;1;2;Rue de Saveuse;49,90260000;2,24127000
202400014396;11;9;2024;16:50;1;01;01079;1;1;2;5;D54;45,94705600;5,68621600
202400020769;11;10;2024;11:10;1;93;93063;2;2;1;6;GABRIEL HUSSON (RUE) ;48,88312000;2,43649000
202400014534;5;8;2024;17:40;1;81;81142;1;1;1;1;986 Route de Lescout;43,52304900;2,08378100
202400053953;9;7;2024;18:14;1;72;72181;2;1;1;4;PADERBORN (AV) N° PAIRS;48,01010000;0,20173000
202400032025;21;7;2024;08:20;1;76;76157;2;2;1;1;Rue Victor Hugo;49,44611000;1,03633000
202400038722;9;12;2024;05:30;3;93;93066;1;1;1;7;AUTOROUTE A1;48,92974710;2,36364986
202400014112;28;12;2024;18:50;3;66;66164;1;1;1;4;Départementale 900;42,77569200;2,90237000
202400053108;3;5;2024;17:30;1;95;95488;1;1;1;3;A15;49,01607139;2,14427239
202400002070;10;2;2024;20:55;5;93;93001;2;2;2;6;Avenue de la République / Rue Henri Barbusse;48,90602200;2,38969500
202400000466;30;4;2024;19:20;1;79;79191;2;5;8;3;;46,32693200; -0,46408000
202400032698;21;6;2024;10:55;1;75;75107;2;3;2;7;RUE DE BABYLONE;48,85168400;2,32478700
202400041209;4;4;2024;20:30;5;92;92012;2;9;1;6;FERME (RUE DE LA) - COTE IMPAIR;48,83183000;2,23824000
202400024802;25;6;2024;11:10;1;15;15014;2;1;1;3;RD 120;44,91574000;2,42966000
202400024803;25;6;2024;12:05;1;15;15014;2;2;1;6;Boulevard Antony Joly;44,92859000;2,43341000
202400013846;20;4;2024;15:00;1;83;83144;1;1;1;2;A57;43,13933231;5,99724126
202400046936;30;3;2024;12:15;1;59;59043;2;1;3;6;PHARAON DE WINTER (RUE);50,73484900;2,72661900
202400004891;8;2;2024;16:50;1;69;69290;2;1;1;3;Route de Grenoble;45,70830000;4,98347000
202400001509;24;10;2024;01:10;5;77;77398;2;1;1;6;D31;48,87549300;3,29607300
202400032080;29;8;2024;17:35;1;76;76351;2;2;1;3;COLBERT (QUAI);49,49270000;0,13179000
202400053309;21;9;2024;16:30;1;57;57732;2;1;7;6;2 Rue du Presbytère;49,12288200;7,35764800
202400035811;7;4;2024;16:00;1;88;88178;2;1;1;1;29 Route de Darney;48,17211500;6,38786300
202400053390;14;8;2024;18:30;1;64;64102;2;4;1;7;ARANS (CHEMIN D');43,48436000; -1,48014000
202400022676;9;10;2024;21:45;5;94;94042;2;1;3;2;D4;48,82020000;2,46764700
202400049965;22;9;2024;07:55;1;93;93066;1;1;8;2;AUTOROUTE A1;48,91744438;2,35770709
202400026528;8;10;2024;06:45;5;01;01244;2;1;3;6;Chemin des Verchères;45,90165700;5,19405200
202400032605;9;11;2024;09:30;1;69;69018;2;3;1;6;Rue de la République;46,15599000;4,58466000
202400022493;24;5;2024;16:12;1;78;78646;1;1;1;5;RN12;48,79188000;2,09747700
202400008648;8;8;2024;17:30;1;06;06029;1;1;1;2;A8;43,55935600;6,96471000
202400041775;17;7;2024;09:30;1;63;63113;2;1;1;3;LIONDARDS (RUE DES);45,76431463;3,09224635
202400037401;12;5;2024;09:40;1;63;63042;1;1;1;7;RM796 -route des Mauvaises;45,83626200;3,07791300
202400036810;6;11;2024;22:15;3;30;30082;1;1;1;7;rd1;43,83687600;4,21674400
202400043168;9;1;2024;17:20;2;69;69388;2;3;1;6;Cours Albert Thomas;45,74926630;4,86050834
202400027584;12;4;2024;17:15;1;10;10387;2;2;1;3;Mail Saint - Dominique;48,29470000;4,08246000
202400006329;26;4;2024;09:40;1;75;75118;2;2;1;6;BOULEVARD DE CLICHY;48,88467000;2,32946600
202400005523;20;3;2024;09:50;1;974;97411;2;2;1;6;MANES (RUE EDOUARD); -20,89530000;55,49660000
202400014199;10;9;2024;10:05;1;22;22215;2;1;1;6;COUBERTIN (RUE PIERRE DE);48,50024000; -2,76376000
202400038770;4;11;2024;06:28;5;91;91457;2;1;1;6;RUE VICTOR HUGO;48,58183000;2,26131000
202400026882;12;11;2024;23:30;5;92;92050;2;2;1;3;JOLIOT CURIE F. ET IRENE AVENUE  N°PAIRS;48,89368649;2,21201688
202400026578;9;10;2024;18:10;1;14;14762;2;3;2;3;79 Avenue Guy de Maupassant;48,84656600; -0,88560600
202400053418;8;6;2024;21:35;2;41;41295;1;1;1;3;D951;47,61319000;1,38609000
202400009680;26;11;2024;17:00;2;95;95572;1;1;1;3;N184;49,04477365;2,12970186
202400046617;4;12;2024;06:05;4;10;10357;2;6;5;7;ROCADE EST (RD 610);48,29574000;4,13727000
202400048168;14;7;2024;19:15;1;13;13030;2;3;1;1;Chemin Notre Dame;43,27555300;5,69857300
202400045564;15;7;2024;16:30;1;64;64445;2;1;1;3;ETIGNY D';43,29666000; -0,38579000
202400025081;26;2;2024;18:00;1;24;24037;1;1;1;4;RD 936 E1;44,83390000;0,45070000
202400000195;12;8;2024;15:52;1;971;97101;1;1;1;7;LE RAIZET(SECTEUR);16,25337000; -61,53421000
202400026905;25;6;2024;10:15;1;53;53107;2;1;1;6;Route de Brecé;48,40638600; -0,80082200
202400040275;16;6;2024;13:15;1;75;75108;2;3;1;3;BOULEVARD HAUSSMANN;48,87413300;2,32392200
202400021300;5;6;2024;22:00;5;93;93048;2;3;1;3;Avenue de la Résistance / Rue de la Beaune;48,86179626;2,43694246
202400013701;22;11;2024;02:30;5;94;94068;2;1;4;6;Avenue Raymond Poincaré;48,80100157;2,51866239
202400021641;20;12;2024;04:20;3;83;83090;1;1;6;2;A50;43,12565000;5,87652000
202400025221;7;3;2024;16:00;1;92;92049;2;2;1;3;JAURES AVENUE JEAN N°53 A FIN;48,81357960;2,30682421
202400019816;7;9;2024;21:12;5;25;25031;2;2;3;5;REVOLUTION DE 1789 AVENUE DE LA);47,47886000;6,84244000
202400001445;7;6;2024;17:30;1;94;94043;1;1;1;5;A6B;48,80698476;2,34657371
202400051914;12;7;2024;09:20;1;93;93066;1;1;2;3;A1;48,93046874;2,36537451
202400003068;6;6;2024;09:00;1;974;97411;2;1;1;7;MONTHYON (RUE); -20,88694000;55,45744000
202400003618;21;3;2024;19:30;5;93;93066;1;1;1;2;A1;48,91030991;2,35797606
202400005836;23;3;2024;22:00;5;93;93027;2;2;2;2;Rue de la Convention / Avenue de la République;48,92809735;2,39010358
202400050945;4;12;2024;16:40;1;69;69094;2;1;1;6;Route de Marcy;45,75562121;4,69875722
202400048783;28;3;2024;16:40;1;76;76351;2;2;1;6;SAINTE ADRESSE (DE);49,49898000;0,09465000
202400016393;9;9;2024;15:05;1;76;76361;1;1;2;3;605 Route d'Etretat;49,61553800;0,15665200
202400000674;13;8;2024;19:45;1;31;31555;2;3;1;3;AV JULES JULIEN;43,57607592;1,45113140
202400014098;19;4;2024;20:58;4;75;75120;2;1;1;3;BD PERIPHERIQUE EXTERIEUR;48,85901200;2,41433000
202400040838;12;1;2024;15:50;1;51;51454;2;2;8;6;JUIN (AVENUE DU MARECHAL);49,22399000;4,01793000
202400016850;28;5;2024;18:20;1;33;33063;2;1;1;1;;44,88581000; -0,54972000
202400024433;28;7;2024;04:30;3;93;93010;1;1;1;3;AUTOROUTE A3;48,91441816;2,47750685
202400034973;14;12;2024;14:00;1;988;98803;1;1;3;6;RT1 col de du CAP; -21,45664000;165,30149000
202400015032;13;10;2024;12:05;1;54;54395;2;1;1;3;Rue de Verdun;48,69674000;6,16820000
202400006538;18;8;2024;15:14;1;35;35222;2;8;1;6;Rue de Normandie;48,53344500; -1,55973100
202400004741;22;12;2024;05:50;5;84;84031;2;1;1;6;HERMITAGE CHEMIN DE L';44,08270000;5,06741000
202400046437;19;3;2024;00:20;3;972;97230;2;3;1;1;intersection Nationale 1 et route de brin d'amour;14,73446100; -60,97545100
202400015177;15;3;2024;13:25;1;01;01354;2;3;1;6;Rue de la Faucille;46,26180900;6,02994900
202400019430;24;6;2024;07:05;2;33;33498;1;1;5;6;;44,57753800; -0,88382000
202400039822;18;7;2024;11:34;1;973;97302;2;1;1;6;MADELEINE (ROUTE DE LA);4,90978000; -52,32151000
202400028725;7;11;2024;16:42;2;14;14118;2;2;8;3;141 Boulevard Leroy;49,17463000; -0,33841000
202400053226;12;2;2024;18:55;5;51;51454;2;1;2;3;GUTENBERG (RUE);49,27457300;4,00185000
202400022962;28;6;2024;11:20;1;56;56175;1;3;1;3;Lieu Dit Coet Digo;47,71218000; -2,92682100
202400034429;21;6;2024;22:04;4;33;33013;1;1;1;2;;44,85260000; -0,50496100
202400049476;2;12;2024;07:30;2;04;04242;1;1;1;6;A51;43,91041500;5,88770100
202400011300;4;7;2024;08:20;1;26;26362;2;9;1;3;Avenue de Provence;44,91405000;4,87797000
202400002419;29;11;2024;00:15;5;92;92020;2;1;1;6;BROSSOLETTE RUE PIERRE N°3 A 13;48,80012587;2,28482589
202400018957;11;10;2024;15:15;1;71;71118;2;1;1;6;GEORGES BRASSENS (AVENUE);46,79264933;4,80961602
202400052432;19;9;2024;21:45;3;84;84007;2;1;1;3;AMANDIER (AVENUE DE L');43,94731000;4,85586000
202400046534;24;9;2024;14:40;1;62;62014;2;2;1;3;D157;50,63740179;2,39021210
202400047487;29;3;2024;21:45;3;92;92004;2;3;1;2;FAIDHERBE ( AVENUE );48,90802449;2,26773280
202400034697;19;6;2024;23:50;3;53;53088;1;1;1;6;1347 route de saint-poix;47,96914100; -1,09492100
202400002111;17;9;2024;17:20;1;91;91434;2;4;1;6;JEAN RAYNAL (RUE);48,66176000;2,34807000
202400030754;23;6;2024;01:35;5;22;22278;2;1;1;6;VOLTAIRE;48,50903000; -2,75787000
202400023962;4;9;2024;18:44;1;54;54321;2;2;1;6;Avenue Bogdan Politanski;49,53595065;5,80354929
202400008742;4;10;2024;13:47;1;84;84034;1;1;1;6;D6;43,90510500;4,94805900
202400050948;10;6;2024;19:10;1;93;93066;2;1;1;6;Avenue du Stade de France;48,92034700;2,36166400
202400033891;16;5;2024;10:10;1;92;92064;2;5;1;3;PLACE CLEMENCEAU;48,84143633;2,22118431
202400041850;17;7;2024;09:30;1;75;75111;2;3;1;3;AVENUE DE LA REPUBLIQUE;48,86329300;2,38494600
202400052101;22;9;2024;07:21;3;63;63453;2;1;1;6;14 Avenue de la Gare;45,77219000;3,29025100
202400037926;12;7;2024;15:00;1;62;62033;2;1;1;6;D917;50,45902000;2,88889000
202400037331;12;5;2024;15:55;1;39;39013;1;1;1;1;;46,89757400;5,79164600
202400049990;16;2;2024;19:50;3;17;17283;1;1;1;4;D137;45,56569000; -0,55395100
202400043091;3;4;2024;16:45;1;76;76462;2;2;1;1;Boulevard Marechal Joffre;49,72972693;1,43935382
202400039508;19;2;2024;19:31;5;10;10297;2;4;1;3;Avenue Jules Guesde;48,32083000;4,10791000
202400017292;14;11;2024;19:00;5;83;83118;2;2;1;3;ROUTE DE LA CORNICHE;43,41493000;6,80929000
202400050393;21;9;2024;17:20;1;93;93027;1;1;1;3;ZOLA (RUE EMILE);48,92614000;2,39331000
202400045310;15;7;2024;11:30;1;93;93010;1;1;1;4;A3;48,90975235;2,47442216
202400047818;17;2;2024;12:00;1;93;93066;2;3;1;6;Rue Gabriel Péri / Rue Jules Joffrin;48,93716900;2,35611400
202400021591;21;12;2024;16:40;1;40;40021;1;1;8;1;765 Route de Soustons;43,78601500; -1,29784200
202400031422;20;1;2024;17:15;2;86;86070;1;1;1;6;Route de la Chapelle Viviers;46,51416200;0,69528400
202400038640;6;11;2024;13:50;1;71;71013;1;2;7;3;D373;46,90697700;5,29653400
202400051374;21;9;2024;22:30;3;77;77276;1;6;1;3;RD 360;48,91759000;2,87968000
202400046523;16;10;2024;15:00;1;44;44190;2;1;1;6;60 Avenue de la Martellière;47,19909683; -1,52630750
202400032452;4;10;2024;16:15;1;19;19250;1;6;1;7;Beausoleil;45,48070497;1,53022206
202400009196;2;6;2024;17:15;1;23;23216;1;1;8;6;LE MAS SOUBROT;45,83070600;1,81284100
202400025561;13;4;2024;09:15;1;13;13001;2;1;1;1;MONNET JEAN (AV);43,53205044;5,42139427
202400021386;17;11;2024;00:01;4;82;82121;1;1;1;1;avenue de gasseras;44,01780000;1,32065000
202400048970;28;3;2024;11:30;1;13;13207;2;2;1;3;Corniche John Fitzgérald Kennedy;43,26858000;5,37053000
202400026683;24;6;2024;17:35;1;91;91691;2;1;1;6;ELISABETH(RUE);48,72005000;2,50241000
202400008427;18;7;2024;10:00;1;12;12202;2;4;1;5;LAYOULE (COTE DE);44,35511520;2,57942855
202400006066;15;9;2024;14:00;1;72;72346;1;1;1;6;Les Hautes Fontenelles;47,87204236;0,01710474
202400035567;15;1;2024;16:00;1;28;28404;1;1;1;6;Route de Chartres;48,71593000;1,36796000
202400037201;24;2;2024;09:20;1;83;83129;2;3;1;3;KENNEDY (AVENUE J.)N°PAIRS 2A2560;43,10685850;5,82183588
202400027712;21;5;2024;09:30;1;29;29051;2;1;1;7;Avenue de Coray;48,00050105; -4,04902187
202400000963;11;2;2024;18:30;2;33;33318;2;6;1;6;;44,78999200; -0,63476700
202400024794;26;6;2024;10:25;1;35;35278;1;6;1;2;MONTGERMONT (ROND POINT DE);48,15464000; -1,70087000
202400021269;17;11;2024;02:06;3;13;13071;1;1;1;1;A51-Sens Marseille vers Aix en Provence;43,41818129;5,36599311
202400018601;27;5;2024;14:30;1;19;19113;2;3;1;7;D108;45,42043933;2,32999060
202400022230;30;7;2024;19:45;1;77;77058;1;1;1;4;A4;48,83080000;2,69269500
202400009619;18;3;2024;17:45;2;31;31280;1;1;1;1;D40;43,26001900;1,32123500
202400000485;18;9;2024;21:40;3;81;81060;1;1;1;6;SAINT JEAN (AVENUE DE);44,05587614;2,18841302
202400027779;13;4;2024;10:45;1;02;02222;1;1;1;1;D35;49,69062400;3,47114000
202400035331;14;5;2024;08:55;1;80;80021;2;1;2;3;Boulevard du Jardin des Plantes;49,90072000;2,29603000
202400021565;21;12;2024;20:40;3;63;63418;1;1;2;7;les boules;45,76074417;3,48328738
202400048807;5;1;2024;12:35;1;94;94068;2;2;1;6;Avenue du Docteur Calmette / Avenue Faidherbe;48,80230868;2,48928984
202400003940;30;11;2024;12:00;1;45;45010;2;1;5;6;D921 PR 22 + 880;48,12904100;2,25256200
202400038464;4;11;2024;17:40;1;16;16015;2;1;1;1;;45,63104297;0,17394394
202400033565;1;3;2024;07:15;1;93;93027;2;2;1;2;Avenue Paul Vaillant-Couturier / Rue Édouard Renard;48,91811000;2,40772000
202400037544;6;4;2024;19:20;1;63;63264;1;1;1;7;Les mûres orcival;45,70298539;2,85072037
202400014019;19;4;2024;17:00;1;43;43041;2;9;1;3;Route de Coubon;45,04839432;3,91584843
202400018685;26;5;2024;09:45;1;49;49007;2;1;1;2;PONTS DE CE;47,45796000; -0,54430000
202400046396;6;12;2024;00:20;3;78;78545;1;1;2;3;A12 W;48,81603194;2,06292987
202400030994;16;12;2024;07:40;1;67;67112;1;1;1;4;A35 PK 317+100;48,51212000;7,58255100
202400008466;6;2;2024;08:30;1;51;51172;1;1;1;5;VERTE (VOIE);49,21779000;4,05785000
202400005467;20;3;2024;12:30;1;43;43137;2;9;1;3;45 Avenue de la Libération;45,28981300;4,17011400
202400012737;28;2;2024;13:15;1;14;14475;1;1;1;2;2871 Route de Bretagne (Noyers-Bocage);49,11541400; -0,57811300
202400044552;6;12;2024;12:00;1;84;84007;2;2;1;2;C.DE GAULLE (ROCADE);43,93189000;4,82913000
202400044115;23;8;2024;13:10;1;90;90065;1;1;1;1;Route du Ballon d?Alsace;47,81024700;6,84207900
202400043136;9;1;2024;00:01;3;92;92051;1;1;4;4;N13;48,88100609;2,27208790
202400006312;9;8;2024;18:20;1;973;97302;2;1;1;3;REPUBLIQUE (BD DE LA);4,93919116; -52,31861883
202400037827;5;4;2024;12:10;1;69;69034;2;1;1;6;Rue Pasteur;45,79646000;4,84905000
202400029823;18;5;2024;20:45;1;92;92078;2;4;1;1;CHARLES DE GAULLE (BD) (15 AU 69);48,93977226;2,32520449
202400036495;20;6;2024;11:17;1;67;67445;1;1;8;1;Rue du Sel;48,29290000;7,37363200
202400048626;5;1;2024;08:30;2;69;69383;2;1;2;1;Avenue Félix Faure;45,75429000;4,86492000
202400020414;26;5;2024;18:00;1;77;77111;2;2;1;3;AV HERGE;48,85915000;2,77535000
202400042856;10;1;2024;13:40;1;64;64348;2;2;8;3;BLERIOT;43,33690000; -0,39243000
202400047005;10;2;2024;19:00;3;33;33322;1;1;3;6;;44,96864600; -0,64003900
202400015588;21;11;2024;20:35;3;77;77240;1;1;8;1;D934;48,78470000;3,27474100
202400044112;7;12;2024;21:18;5;64;64260;2;9;6;6;BEHOBIE (RUE DE);43,34908000; -1,76852000
202400036040;26;8;2024;13:00;1;24;24095;1;1;1;1;Nationale 21;45,49377400;0,94628300
202400041461;19;7;2024;09:20;1;70;70428;2;4;1;3;87 Rue Gustave Courtois;47,65337900;6,12122800
202400027339;12;4;2024;10:30;1;91;91377;2;1;1;6;PL DU VIEUX CLOCHER;48,73072500;2,27355100
202400034093;23;7;2024;12:25;1;73;73328;1;4;1;3;D1201 Route les rives du lac;45,65752400;5,89454600